,Player,FG+,2P+,3P+,eFG+,FT+,TS+,FTr+,3PAr+,FG Add,TS Add,Salary
0,Precious Achiuwa,102.0,103.0,74.0,96.0,90.0,95.0,115.0,69.0,-19.6,-25.1,2840160.0
1,Steven Adams,126.0,109.0,0.0,109.0,47.0,97.0,184.0,1.0,27.2,-10.7,17926829.0
2,Bam Adebayo,114.0,100.0,23.0,99.0,103.0,102.0,135.0,3.0,-9.8,28.3,30351780.0
3,Ochai Agbaji,90.0,97.0,98.0,98.0,104.0,96.0,67.0,152.0,-9.9,-17.0,3918360.0
4,Santi Aldama,99.0,108.0,98.0,103.0,96.0,102.0,103.0,131.0,15.5,12.0,2094120.0
5,Nickeil Alexander-Walker,93.0,94.0,106.0,100.0,85.0,97.0,76.0,139.0,1.3,-10.6,5009633.0
6,Grayson Allen,93.0,95.0,111.0,105.0,116.0,105.0,85.0,170.0,28.6,38.0,8925000.0
7,Jarrett Allen,135.0,119.0,28.0,118.0,94.0,115.0,132.0,4.0,124.3,128.2,20000000.0
8,Jose Alvarado,86.0,89.0,93.0,91.0,104.0,90.0,61.0,130.0,-48.3,-59.4,1563518.0
9,Kyle Anderson,107.0,98.0,114.0,101.0,94.0,100.0,103.0,55.0,7.2,2.0,8780488.0
10,Giannis Antetokounmpo,116.0,109.0,76.0,105.0,83.0,104.0,227.0,35.0,67.3,78.4,42492492.0
11,Thanasis Antetokounmpo,91.0,96.0,0.0,80.0,64.0,79.0,179.0,45.0,-10.2,-13.7,1878720.0
12,Cole Anthony,96.0,91.0,101.0,95.0,114.0,98.0,105.0,87.0,-36.2,-15.1,3613680.0
13,OG Anunoby,100.0,98.0,107.0,102.0,107.0,101.0,71.0,107.0,18.9,9.8,17357143.0
14,Ryan Arcidiacono,51.0,13.0,96.0,64.0,0.0,60.0,0.0,160.0,-14.3,-17.0,1836090.0
15,Deni Avdija,92.0,97.0,82.0,91.0,95.0,92.0,107.0,103.0,-56.4,-60.5,4916160.0
16,Deandre Ayton,124.0,109.0,81.0,109.0,97.0,106.0,85.0,7.0,83.7,69.5,30913750.0
17,Udoka Azubuike,172.0,150.0,0.0,150.0,45.0,133.0,104.0,0.0,39.5,31.1,2174880.0
18,Marvin Bagley III,111.0,106.0,80.0,102.0,96.0,101.0,106.0,45.0,6.4,4.7,12500000.0
19,Patrick Baldwin Jr.,83.0,80.0,106.0,99.0,85.0,94.0,21.0,199.0,-0.9,-7.8,2226000.0
20,LaMelo Ball,86.0,82.0,104.0,94.0,107.0,93.0,64.0,137.0,-50.3,-62.6,8623920.0
21,Mo Bamba,102.0,108.0,107.0,107.0,85.0,104.0,97.0,133.0,19.2,11.1,10300000.0
22,Paolo Banchero,90.0,86.0,83.0,85.0,94.0,91.0,179.0,66.0,-180.5,-140.5,11055120.0
23,Desmond Bane,101.0,97.0,113.0,104.0,113.0,104.0,82.0,112.0,42.0,50.5,2130240.0
24,Dalano Banton,89.0,92.0,82.0,88.0,91.0,87.0,69.0,101.0,-16.8,-21.4,1563518.0
25,Dominick Barlow,113.0,102.0,0.0,98.0,92.0,98.0,109.0,12.0,-1.8,-2.8,508891.0
26,Harrison Barnes,99.0,101.0,104.0,102.0,108.0,109.0,196.0,115.0,17.4,99.2,18352273.0
27,Scottie Barnes,96.0,92.0,78.0,89.0,99.0,90.0,91.0,57.0,-119.0,-127.9,7644600.0
28,RJ Barrett,91.0,90.0,86.0,89.0,95.0,91.0,125.0,86.0,-141.4,-136.6,10900634.0
29,Will Barton,80.0,71.0,102.0,86.0,101.0,85.0,48.0,128.0,-54.9,-68.2,15059712.0
30,Charles Bassey,136.0,121.0,104.0,120.0,76.0,113.0,103.0,15.0,29.8,23.1,2674742.0
31,Keita Bates-Diop,107.0,102.0,109.0,104.0,101.0,105.0,121.0,79.0,20.9,29.7,1878720.0
32,Nicolas Batum,88.0,103.0,108.0,107.0,91.0,102.0,47.0,215.0,28.5,10.5,19700319.0
33,Darius Bazley,95.0,88.0,105.0,93.0,69.0,90.0,144.0,75.0,-13.6,-24.5,4264628.0
34,Bradley Beal,106.0,101.0,101.0,101.0,108.0,102.0,97.0,64.0,10.5,22.7,43279250.0
35,Malik Beasley,83.0,88.0,99.0,95.0,98.0,91.0,26.0,181.0,-46.8,-97.5,15558035.0
36,MarJon Beauchamp,83.0,89.0,92.0,90.0,93.0,88.0,57.0,151.0,-26.0,-35.4,2485200.0
37,Dāvis Bertāns,91.0,134.0,108.0,111.0,111.0,106.0,35.0,227.0,18.5,12.3,16000000.0
38,Patrick Beverley,84.0,97.0,93.0,94.0,92.0,92.0,68.0,171.0,-24.6,-36.8,13801614.0
39,Saddiq Bey,89.0,88.0,100.0,94.0,110.0,97.0,107.0,129.0,-54.7,-31.6,2959080.0
40,Khem Birch,125.0,110.0,139.0,112.0,102.0,108.0,59.0,16.0,4.1,3.2,6667500.0
41,Goga Bitadze,116.0,116.0,64.0,106.0,70.0,100.0,126.0,54.0,7.7,0.2,5377520.0
42,Bismack Biyombo,122.0,105.0,0.0,106.0,46.0,96.0,128.0,0.0,13.4,-12.3,2905851.0
43,Buddy Boeheim,39.0,91.0,44.0,48.0,128.0,49.0,28.0,239.0,-15.4,-16.4,508891.0
44,Bogdan Bogdanović,94.0,92.0,112.0,104.0,106.0,101.0,47.0,152.0,25.7,6.3,18000000.0
45,Bojan Bogdanović,103.0,98.0,114.0,104.0,113.0,108.0,129.0,103.0,43.2,92.7,19550000.0
46,Bol Bol,115.0,116.0,74.0,106.0,97.0,104.0,85.0,61.0,30.7,23.1,2200000.0
47,Leandro Bolmaro,32.0,34.0,0.0,28.0,0.0,26.0,0.0,52.0,-15.8,-17.3,1709300.0
48,Devin Booker,104.0,101.0,97.0,100.0,109.0,103.0,126.0,76.0,1.4,47.5,33833400.0
50,Chris Boucher,104.0,107.0,91.0,101.0,97.0,102.0,119.0,92.0,7.1,11.1,12690000.0
51,James Bouknight,75.0,78.0,84.0,81.0,85.0,80.0,58.0,146.0,-39.5,-48.7,4362240.0
52,Jamaree Bouyea,90.0,91.0,92.0,92.0,64.0,87.0,54.0,111.0,-1.3,-2.3,116986.0
53,Tony Bradley,105.0,78.0,166.0,115.0,128.0,119.0,125.0,108.0,1.9,3.0,2036318.0
54,Malaki Branham,93.0,98.0,84.0,92.0,106.0,90.0,43.0,108.0,-51.3,-73.1,2925600.0
55,Jarrell Brantley,120.0,146.0,123.0,131.0,128.0,127.0,54.0,166.0,4.7,4.7,105522.0
56,Christian Braun,104.0,103.0,98.0,102.0,80.0,98.0,83.0,86.0,4.8,-8.7,2808600.0
57,Mikal Bridges,98.0,94.0,106.0,98.0,115.0,101.0,105.0,90.0,-26.7,17.5,20100000.0
58,Oshae Brissett,81.0,83.0,86.0,85.0,92.0,89.0,171.0,125.0,-53.9,-47.0,1846738.0
59,Malcolm Brogdon,102.0,93.0,123.0,105.0,111.0,106.0,94.0,105.0,41.7,54.9,22600000.0
60,Dillon Brooks,83.0,82.0,90.0,86.0,100.0,85.0,58.0,114.0,-153.7,-183.8,11400000.0
61,Bruce Brown,102.0,100.0,99.0,100.0,97.0,98.0,77.0,88.0,-1.1,-16.7,6479000.0
62,Greg Brown III,83.0,87.0,40.0,75.0,53.0,72.0,161.0,65.0,-7.5,-10.7,1563518.0
63,Jaylen Brown,103.0,105.0,93.0,101.0,98.0,100.0,93.0,91.0,12.8,0.3,29776785.0
64,Kendall Brown,120.0,122.0,0.0,105.0,64.0,98.0,107.0,37.0,0.4,-0.2,508891.0
65,Moses Brown,134.0,116.0,0.0,117.0,59.0,104.0,281.0,0.0,17.3,6.6,824041.0
66,Sterling Brown,0.0,0.0,0.0,0.0,0.0,0.0,0.0,129.0,-4.4,-4.7,3122602.0
67,Troy Brown Jr.,90.0,92.0,106.0,100.0,112.0,97.0,31.0,156.0,-0.1,-19.5,1968175.0
68,Jalen Brunson,103.0,95.0,115.0,100.0,106.0,103.0,123.0,70.0,4.8,43.3,27733332.0
69,Thomas Bryant,131.0,120.0,122.0,121.0,94.0,117.0,128.0,41.0,83.6,85.6,1968175.0
70,Reggie Bullock,86.0,103.0,105.0,104.0,90.0,99.0,30.0,218.0,22.5,-4.3,10012800.0
71,Alec Burks,92.0,84.0,115.0,100.0,104.0,104.0,154.0,134.0,-1.5,22.2,10012800.0
72,Deonte Burton,0.0,0.0,0.0,0.0,0.0,0.0,0.0,129.0,-2.2,-2.3,105522.0
73,Jared Butler,99.0,81.0,139.0,106.0,0.0,99.0,0.0,113.0,2.1,-0.2,1674655.0
74,Jimmy Butler,113.0,103.0,97.0,103.0,109.0,111.0,235.0,30.0,25.6,149.8,37653300.0
75,John Butler,67.0,91.0,63.0,73.0,96.0,71.0,28.0,170.0,-15.8,-18.7,503041.0
76,Jamal Cain,118.0,119.0,97.0,113.0,99.0,111.0,125.0,78.0,9.0,10.0,508891.0
77,Kentavious Caldwell-Pope,97.0,92.0,117.0,104.0,105.0,103.0,74.0,130.0,29.8,23.4,14004703.0
78,Facundo Campazzo,49.0,0.0,76.0,63.0,64.0,62.0,58.0,218.0,-5.2,-6.1,464299.0
79,Vlatko Čančar,100.0,106.0,104.0,105.0,119.0,104.0,68.0,131.0,11.5,12.1,2234359.0
80,Clint Capela,137.0,119.0,0.0,120.0,77.0,113.0,92.0,0.0,115.5,88.9,18206896.0
81,Vernon Carey Jr.,53.0,46.0,0.0,46.0,128.0,58.0,94.0,0.0,-4.7,-4.3,1882621.0
82,Jevon Carter,89.0,78.0,117.0,101.0,104.0,96.0,25.0,154.0,3.9,-25.3,6025000.0
83,Michael Carter-Williams,90.0,83.0,92.0,85.0,73.0,86.0,188.0,55.0,-2.3,-2.9,652829.0
84,Wendell Carter Jr.,110.0,114.0,99.0,108.0,94.0,107.0,119.0,95.0,55.5,55.6,14150000.0
85,Alex Caruso,96.0,101.0,101.0,101.0,103.0,101.0,96.0,136.0,3.1,4.2,9030000.0
86,Justin Champagnie,70.0,73.0,55.0,67.0,0.0,63.0,0.0,86.0,-5.4,-6.4,853241.0
87,Julian Champagnie,95.0,99.0,112.0,107.0,105.0,103.0,49.0,163.0,9.2,5.2,508891.0
88,Kennedy Chandler,89.0,89.0,37.0,80.0,59.0,76.0,59.0,47.0,-18.5,-25.1,1200000.0
89,Josh Christopher,98.0,100.0,65.0,91.0,96.0,90.0,68.0,70.0,-31.8,-41.2,2372160.0
90,Max Christie,87.0,75.0,116.0,99.0,112.0,97.0,57.0,151.0,-1.6,-3.4,1017781.0
91,Brandon Clarke,138.0,121.0,46.0,121.0,92.0,117.0,147.0,4.0,78.4,82.2,4343919.0
92,Jordan Clarkson,93.0,97.0,94.0,95.0,104.0,96.0,89.0,115.0,-53.3,-52.9,13340000.0
93,Nic Claxton,148.0,129.0,0.0,129.0,69.0,119.0,157.0,1.0,187.9,152.8,9350000.0
94,Amir Coffey,81.0,78.0,76.0,78.0,99.0,86.0,163.0,71.0,-35.1,-28.8,3395062.0
95,John Collins,107.0,113.0,81.0,102.0,103.0,102.0,94.0,88.0,17.0,18.1,23500000.0
96,Zach Collins,109.0,104.0,104.0,104.0,97.0,103.0,97.0,69.0,25.4,21.3,7350000.0
98,Mike Conley,90.0,89.0,107.0,99.0,107.0,100.0,104.0,149.0,-8.2,2.4,22680000.0
99,Pat Connaughton,82.0,103.0,94.0,96.0,84.0,91.0,37.0,197.0,-20.1,-44.4,5728393.0
100,Xavier Cooks,128.0,115.0,0.0,111.0,51.0,101.0,134.0,9.0,3.5,0.3,140384.0
101,Robert Covington,94.0,94.0,110.0,103.0,96.0,100.0,66.0,153.0,8.3,1.3,12307692.0
102,Torrey Craig,96.0,95.0,110.0,102.0,91.0,97.0,34.0,131.0,10.7,-16.3,5121951.0
103,Jae Crowder,101.0,98.0,121.0,111.0,107.0,107.0,48.0,151.0,11.5,8.6,10183800.0
104,Jarrett Culver,83.0,94.0,23.0,75.0,89.0,78.0,113.0,72.0,-11.9,-12.6,260295.0
105,Cade Cunningham,87.0,85.0,77.0,83.0,107.0,85.0,72.0,70.0,-41.3,-43.4,10552800.0
106,Seth Curry,97.0,96.0,112.0,104.0,119.0,102.0,46.0,133.0,20.4,10.9,8496653.0
107,Stephen Curry,104.0,106.0,118.0,113.0,117.0,113.0,93.0,146.0,155.5,187.1,48070014.0
108,Dyson Daniels,88.0,90.0,87.0,89.0,83.0,87.0,72.0,107.0,-25.8,-35.3,5508600.0
109,Anthony Davis,119.0,107.0,71.0,105.0,100.0,108.0,173.0,20.0,53.9,105.6,37980720.0
110,JD Davison,89.0,91.0,79.0,87.0,64.0,82.0,40.0,95.0,-2.7,-4.1,508891.0
111,Johnny Davis,81.0,89.0,67.0,80.0,66.0,77.0,59.0,106.0,-37.5,-49.6,4810320.0
112,Terence Davis,89.0,98.0,102.0,100.0,101.0,97.0,44.0,172.0,0.1,-14.2,4000000.0
113,Darius Days,88.0,183.0,83.0,99.0,128.0,100.0,63.0,215.0,-0.1,0.0,508891.0
114,Dewayne Dedmon,107.0,106.0,85.0,101.0,86.0,99.0,122.0,67.0,1.3,-1.6,8283688.0
115,Matthew Dellavedova,72.0,63.0,92.0,79.0,73.0,76.0,53.0,139.0,-11.5,-14.7,2628597.0
116,DeMar DeRozan,106.0,96.0,90.0,96.0,112.0,102.0,151.0,28.0,-60.9,33.7,27300000.0
117,Moussa Diabaté,107.0,93.0,139.0,96.0,80.0,94.0,128.0,11.0,-2.3,-3.8,508891.0
118,Mamadi Diakite,101.0,107.0,92.0,101.0,128.0,96.0,15.0,108.0,0.5,-2.1,508891.0
119,Hamidou Diallo,121.0,108.0,66.0,106.0,75.0,102.0,148.0,14.0,26.1,10.4,5200000.0
120,Gorgui Dieng,81.0,104.0,78.0,87.0,98.0,85.0,42.0,165.0,-16.6,-21.7,4105236.0
121,Ousmane Dieng,88.0,110.0,74.0,90.0,83.0,87.0,48.0,140.0,-19.4,-29.2,4569840.0
122,Spencer Dinwiddie,92.0,91.0,102.0,96.0,104.0,99.0,118.0,120.0,-44.0,-20.4,19500000.0
123,Donte DiVincenzo,92.0,96.0,110.0,105.0,104.0,102.0,49.0,181.0,31.1,13.9,4500000.0
124,Luka Dončić,104.0,107.0,95.0,103.0,95.0,105.0,180.0,96.0,42.9,98.5,37096500.0
125,Tyler Dorsey,168.0,183.0,139.0,165.0,0.0,155.0,0.0,103.0,3.5,3.2,201802.0
126,Luguentz Dort,82.0,80.0,92.0,85.0,99.0,88.0,111.0,121.0,-139.0,-134.4,15277778.0
127,Ayo Dosunmu,104.0,106.0,87.0,100.0,103.0,98.0,54.0,86.0,-0.6,-17.6,1563518.0
128,Devon Dotson,21.0,0.0,69.0,28.0,0.0,26.0,0.0,103.0,-7.9,-8.6,169630.0
129,Jeff Dowtin,92.0,89.0,87.0,88.0,85.0,86.0,59.0,72.0,-7.2,-9.9,508891.0
130,PJ Dozier,64.0,86.0,35.0,61.0,0.0,57.0,0.0,125.0,-14.0,-16.4,784654.0
131,Goran Dragić,89.0,85.0,99.0,91.0,88.0,88.0,50.0,112.0,-31.3,-47.5,3523762.0
132,Andre Drummond,127.0,112.0,0.0,111.0,69.0,104.0,171.0,3.0,33.2,16.5,3200000.0
133,Chris Duarte,78.0,78.0,88.0,83.0,108.0,85.0,81.0,135.0,-62.1,-61.9,3936960.0
134,David Duke Jr.,97.0,97.0,23.0,86.0,90.0,86.0,82.0,40.0,-12.1,-14.4,531283.0
135,Kris Dunn,113.0,100.0,131.0,106.0,99.0,104.0,92.0,43.0,13.5,11.8,1000001.0
136,Kevin Durant,118.0,113.0,112.0,113.0,118.0,116.0,145.0,69.0,119.0,193.1,44119845.0
137,Jalen Duren,136.0,119.0,0.0,119.0,78.0,113.0,148.0,1.0,82.0,69.0,4124280.0
138,Tari Eason,94.0,89.0,95.0,90.0,96.0,90.0,82.0,67.0,-68.7,-81.4,3359160.0
139,Anthony Edwards,97.0,94.0,102.0,97.0,97.0,97.0,103.0,97.0,-53.5,-61.3,10733400.0
140,Kessler Edwards,81.0,91.0,86.0,88.0,94.0,86.0,61.0,153.0,-12.4,-15.8,1637966.0
141,Keon Ellis,92.0,46.0,139.0,115.0,73.0,108.0,164.0,194.0,2.6,1.8,508891.0
142,Joel Embiid,115.0,107.0,91.0,105.0,110.0,113.0,218.0,39.0,73.8,244.8,33616770.0
143,Drew Eubanks,135.0,120.0,108.0,119.0,85.0,115.0,140.0,14.0,70.8,65.8,1968175.0
144,Bruno Fernando,111.0,100.0,0.0,97.0,90.0,98.0,168.0,9.0,-4.1,-2.8,2717391.0
145,Dorian Finney-Smith,82.0,92.0,94.0,93.0,98.0,90.0,44.0,174.0,-40.3,-61.6,12939848.0
146,Malachi Flynn,76.0,67.0,98.0,84.0,97.0,82.0,51.0,142.0,-42.9,-52.2,2145720.0
147,Simone Fontecchio,78.0,78.0,91.0,86.0,102.0,85.0,53.0,158.0,-47.2,-57.2,3205128.0
148,Bryn Forbes,76.0,79.0,84.0,82.0,128.0,85.0,68.0,143.0,-16.5,-15.2,2298385.0
149,Trent Forrest,88.0,79.0,0.0,76.0,85.0,73.0,19.0,9.0,-15.4,-19.3,508891.0
150,Michael Foster Jr.,0.0,0.0,0.0,0.0,0.0,0.0,0.0,0.0,0.0,0.0,106288.0
151,Evan Fournier,71.0,74.0,85.0,81.0,110.0,81.0,47.0,177.0,-34.0,-38.7,18000000.0
152,De'Aaron Fox,108.0,107.0,90.0,102.0,100.0,103.0,124.0,71.0,31.5,53.6,30351780.0
153,Markelle Fultz,108.0,99.0,86.0,98.0,100.0,97.0,79.0,33.0,-15.5,-25.5,16500000.0
154,Wenyen Gabriel,125.0,118.0,77.0,113.0,79.0,108.0,121.0,36.0,36.5,26.8,1878720.0
155,Daniel Gafford,154.0,134.0,0.0,134.0,87.0,127.0,178.0,0.0,147.2,150.2,1930681.0
156,Darius Garland,97.0,90.0,114.0,99.0,110.0,101.0,107.0,94.0,-18.2,13.3,8920794.0
157,Usman Garuba,102.0,96.0,113.0,102.0,79.0,98.0,100.0,86.0,3.0,-4.8,2471160.0
158,Luka Garza,114.0,116.0,100.0,111.0,101.0,112.0,168.0,87.0,13.5,19.5,508891.0
159,Rudy Gay,80.0,88.0,70.0,80.0,110.0,82.0,64.0,117.0,-62.0,-65.7,6184500.0
160,Paul George,96.0,95.0,103.0,98.0,111.0,101.0,110.0,110.0,-18.9,14.5,42492492.0
161,Taj Gibson,109.0,103.0,92.0,101.0,91.0,101.0,126.0,50.0,1.7,1.2,2905851.0
162,Josh Giddey,101.0,96.0,90.0,95.0,94.0,92.0,49.0,54.0,-65.2,-113.9,6287400.0
163,Shai Gilgeous-Alexander,107.0,97.0,96.0,97.0,116.0,108.0,201.0,31.0,-40.0,151.6,30913750.0
164,Anthony Gill,113.0,119.0,38.0,101.0,94.0,104.0,190.0,57.0,2.1,7.3,1836090.0
165,Jacob Gilyard,70.0,0.0,92.0,92.0,0.0,86.0,0.0,258.0,-0.3,-0.5,5849.0
166,Rudy Gobert,139.0,121.0,0.0,121.0,82.0,116.0,234.0,1.0,124.6,130.4,38172414.0
167,Jordan Goodwin,94.0,93.0,89.0,92.0,98.0,91.0,73.0,86.0,-30.9,-38.7,1280206.0
168,Aaron Gordon,119.0,115.0,96.0,111.0,78.0,106.0,155.0,59.0,88.1,63.7,20690909.0
169,Eric Gordon,94.0,98.0,103.0,100.0,105.0,101.0,99.0,141.0,1.9,8.4,19568360.0
170,Devonte' Graham,79.0,82.0,98.0,94.0,96.0,95.0,114.0,202.0,-29.0,-29.1,11550000.0
171,Jerami Grant,100.0,96.0,111.0,102.0,104.0,104.0,141.0,101.0,16.4,53.7,20955000.0
172,RaiQuan Gray,105.0,104.0,111.0,107.0,128.0,107.0,63.0,108.0,0.9,1.0,5849.0
173,A.J. Green,89.0,82.0,116.0,110.0,128.0,105.0,12.0,217.0,13.7,6.6,508891.0
174,Danny Green,94.0,91.0,120.0,112.0,128.0,106.0,8.0,195.0,6.6,3.5,11710528.0
175,Draymond Green,111.0,112.0,85.0,104.0,91.0,102.0,86.0,71.0,23.1,10.7,25806468.0
176,JaMychal Green,114.0,122.0,105.0,114.0,99.0,112.0,100.0,114.0,39.2,38.8,8200000.0
177,Javonte Green,119.0,120.0,103.0,115.0,85.0,111.0,156.0,84.0,17.2,16.4,1815677.0
178,Jalen Green,88.0,86.0,94.0,89.0,101.0,93.0,128.0,105.0,-163.0,-133.7,9441840.0
179,Jeff Green,103.0,106.0,80.0,98.0,95.0,99.0,134.0,82.0,-7.7,-4.2,4500000.0
180,Josh Green,113.0,117.0,112.0,115.0,93.0,111.0,92.0,114.0,61.4,53.8,3098400.0
181,AJ Griffin,98.0,98.0,108.0,103.0,114.0,99.0,33.0,125.0,15.8,-4.7,3536160.0
182,Blake Griffin,102.0,114.0,97.0,105.0,84.0,101.0,92.0,131.0,7.2,2.5,2905851.0
183,Quentin Grimes,99.0,117.0,107.0,110.0,102.0,107.0,61.0,174.0,64.5,49.0,2277000.0
184,Rui Hachimura,102.0,100.0,88.0,97.0,95.0,96.0,76.0,71.0,-17.9,-32.8,6263188.0
185,Tyrese Haliburton,103.0,104.0,111.0,107.0,111.0,107.0,90.0,123.0,67.9,79.5,4215120.0
186,Jordan Hall,68.0,84.0,55.0,69.0,99.0,75.0,121.0,138.0,-9.5,-9.2,193027.0
187,R.J. Hampton,91.0,92.0,98.0,95.0,96.0,96.0,120.0,126.0,-13.5,-12.4,2898243.0
188,Tim Hardaway Jr.,84.0,79.0,107.0,97.0,98.0,95.0,73.0,168.0,-31.7,-50.0,19602273.0
189,James Harden,93.0,90.0,107.0,98.0,111.0,105.0,161.0,128.0,-15.2,52.5,33000000.0
190,Jaden Hardy,92.0,86.0,112.0,98.0,105.0,98.0,89.0,121.0,-8.1,-7.5,1017781.0
191,Ron Harper Jr.,105.0,130.0,92.0,109.0,128.0,105.0,23.0,145.0,1.6,0.9,508891.0
192,Montrezl Harrell,126.0,112.0,0.0,110.0,89.0,109.0,181.0,7.0,22.1,25.4,2463490.0
193,Gary Harris,95.0,90.0,120.0,111.0,115.0,107.0,37.0,183.0,35.2,24.8,13000000.0
194,Joe Harris,96.0,101.0,118.0,113.0,82.0,107.0,24.0,195.0,64.2,36.2,18642857.0
195,Kevon Harris,92.0,88.0,103.0,94.0,97.0,97.0,144.0,104.0,-6.7,-4.4,508891.0
196,Shaquille Harrison,88.0,84.0,83.0,84.0,94.0,89.0,156.0,72.0,-6.3,-5.5,134862.0
197,Tobias Harris,105.0,104.0,108.0,105.0,112.0,103.0,57.0,99.0,50.5,36.7,37633050.0
198,Isaiah Hartenstein,113.0,105.0,60.0,100.0,86.0,97.0,81.0,29.0,1.4,-10.5,8854879.0
199,Josh Hart,111.0,110.0,103.0,108.0,96.0,107.0,127.0,81.0,43.9,48.5,12960000.0
200,Udonis Haslem,73.0,64.0,92.0,73.0,102.0,74.0,65.0,80.0,-8.6,-9.3,2905851.0
201,Sam Hauser,96.0,120.0,116.0,116.0,90.0,109.0,16.0,218.0,68.2,42.9,1637966.0
202,Jaxson Hayes,116.0,119.0,29.0,103.0,89.0,104.0,200.0,48.0,4.9,9.2,6803012.0
203,Killian Hayes,79.0,78.0,78.0,78.0,105.0,78.0,52.0,91.0,-194.8,-218.7,5837760.0
204,Gordon Hayward,100.0,97.0,90.0,95.0,104.0,97.0,103.0,71.0,-29.6,-23.8,30075000.0
205,Juancho Hernangómez,89.0,120.0,70.0,91.0,72.0,87.0,53.0,152.0,-11.3,-18.7,2298385.0
206,Willy Hernangómez,111.0,99.0,76.0,98.0,100.0,105.0,231.0,17.0,-3.3,12.3,2443581.0
207,Tyler Herro,92.0,91.0,105.0,97.0,119.0,97.0,62.0,125.0,-32.4,-35.3,5722116.0
208,Buddy Hield,96.0,95.0,118.0,109.0,105.0,106.0,47.0,168.0,106.1,71.3,21177750.0
209,Haywood Highsmith,91.0,96.0,94.0,95.0,59.0,89.0,49.0,130.0,-12.5,-29.4,1752638.0
210,George Hill,99.0,113.0,99.0,105.0,98.0,105.0,124.0,148.0,9.0,10.9,4000000.0
211,Malcolm Hill,105.0,183.0,92.0,115.0,0.0,108.0,0.0,194.0,0.6,0.3,508891.0
212,Aaron Holiday,88.0,77.0,113.0,92.0,108.0,91.0,55.0,103.0,-19.9,-25.1,1968175.0
213,Jrue Holiday,101.0,99.0,107.0,102.0,110.0,101.0,65.0,104.0,22.4,10.2,34319520.0
214,Justin Holiday,79.0,93.0,89.0,90.0,80.0,85.0,15.0,181.0,-22.5,-36.2,5987975.0
215,Richaun Holmes,130.0,113.0,173.0,118.0,101.0,115.0,80.0,23.0,17.9,16.8,11215260.0
216,Al Horford,100.0,98.0,124.0,115.0,91.0,109.0,16.0,175.0,78.6,48.4,26500000.0
217,Talen Horton-Tucker,88.0,89.0,79.0,86.0,96.0,87.0,103.0,85.0,-96.5,-100.6,10260000.0
218,Danuel House Jr.,99.0,117.0,93.0,104.0,96.0,103.0,114.0,144.0,8.2,8.3,4105000.0
219,Caleb Houstan,76.0,79.0,94.0,90.0,107.0,87.0,37.0,193.0,-20.5,-27.8,2000000.0
220,Trevor Hudgins,47.0,0.0,69.0,61.0,128.0,75.0,125.0,229.0,-3.8,-3.0,508891.0
221,Kevin Huerter,102.0,110.0,111.0,111.0,93.0,106.0,57.0,152.0,100.6,66.3,14508929.0
222,Jay Huff,126.0,126.0,139.0,132.0,120.0,137.0,240.0,124.0,8.7,13.8,116986.0
223,De'Andre Hunter,97.0,95.0,97.0,96.0,106.0,97.0,95.0,90.0,-38.4,-32.5,9835881.0
224,Bones Hyland,84.0,79.0,103.0,92.0,108.0,92.0,67.0,142.0,-49.7,-57.0,2201520.0
225,Serge Ibaka,101.0,101.0,92.0,98.0,79.0,95.0,90.0,86.0,-0.9,-3.4,2905851.0
226,Andre Iguodala,98.0,183.0,31.0,92.0,85.0,90.0,75.0,155.0,-1.4,-2.0,2905851.0
227,Joe Ingles,92.0,101.0,113.0,111.0,110.0,106.0,32.0,211.0,28.6,18.0,6479000.0
228,Brandon Ingram,102.0,92.0,108.0,96.0,113.0,100.0,122.0,51.0,-38.6,2.2,31650600.0
229,Kyrie Irving,104.0,105.0,105.0,105.0,116.0,106.0,85.0,106.0,64.1,84.9,38917057.0
230,Jonathan Isaac,87.0,77.0,111.0,87.0,71.0,83.0,64.0,73.0,-7.8,-11.2,17400000.0
231,Jaden Ivey,88.0,83.0,95.0,88.0,96.0,91.0,136.0,92.0,-134.0,-120.8,7252200.0
232,Frank Jackson,0.0,0.0,0.0,0.0,0.0,0.0,0.0,86.0,-3.3,-3.5,113114.0
233,Isaiah Jackson,118.0,106.0,40.0,104.0,83.0,102.0,172.0,11.0,13.2,10.6,2573760.0
234,Jaren Jackson Jr.,106.0,107.0,98.0,104.0,101.0,105.0,140.0,89.0,35.6,60.9,28946605.0
235,Justin Jackson,55.0,52.0,69.0,65.0,64.0,62.0,28.0,191.0,-10.4,-12.4,1836090.0
236,Quenton Jackson,95.0,110.0,23.0,85.0,99.0,93.0,197.0,74.0,-6.8,-4.1,219630.0
237,Reggie Jackson,86.0,87.0,92.0,89.0,116.0,88.0,46.0,116.0,-75.9,-90.9,11457217.0
238,LeBron James,105.0,106.0,89.0,101.0,98.0,100.0,101.0,80.0,9.7,5.6,44474988.0
239,Ty Jerome,103.0,100.0,108.0,103.0,119.0,102.0,64.0,96.0,7.1,6.7,4728948.0
240,Isaiah Joe,93.0,101.0,113.0,110.0,105.0,108.0,74.0,200.0,55.0,49.3,1836090.0
241,Alize Johnson,105.0,137.0,0.0,92.0,64.0,88.0,125.0,86.0,-0.5,-1.0,192293.0
242,Cameron Johnson,99.0,100.0,112.0,106.0,108.0,106.0,95.0,139.0,32.1,37.6,5887899.0
243,James Johnson,94.0,102.0,55.0,88.0,64.0,84.0,61.0,79.0,-6.4,-10.1,3841067.0
244,Jalen Johnson,103.0,107.0,80.0,99.0,80.0,95.0,91.0,83.0,-5.1,-19.2,2792640.0
245,Keldon Johnson,95.0,95.0,91.0,94.0,96.0,95.0,110.0,94.0,-73.7,-76.1,3873024.0
246,Keon Johnson,79.0,73.0,96.0,83.0,84.0,83.0,86.0,117.0,-32.1,-38.9,2681040.0
247,Stanley Johnson,112.0,105.0,125.0,111.0,85.0,108.0,120.0,85.0,15.0,12.2,4022164.0
248,Nikola Jokić,133.0,123.0,106.0,121.0,105.0,121.0,152.0,38.0,234.5,289.6,33047803.0
249,Carlik Jones,84.0,61.0,139.0,92.0,80.0,93.0,200.0,103.0,-1.4,-1.5,612162.0
250,Damian Jones,135.0,119.0,163.0,128.0,97.0,124.0,127.0,51.0,26.2,27.2,2298385.0
251,Derrick Jones Jr.,105.0,107.0,94.0,102.0,94.0,103.0,137.0,90.0,6.2,8.7,3200000.0
252,Herbert Jones,99.0,98.0,93.0,96.0,98.0,98.0,121.0,86.0,-20.3,-15.8,1785000.0
253,Kai Jones,117.0,114.0,58.0,105.0,93.0,103.0,81.0,41.0,7.1,4.2,2909040.0
254,Tre Jones,97.0,92.0,79.0,90.0,110.0,92.0,87.0,55.0,-83.2,-76.7,1782621.0
255,Tyus Jones,92.0,90.0,103.0,96.0,102.0,94.0,53.0,119.0,-31.3,-53.5,15000000.0
256,DeAndre Jordan,161.0,139.0,277.0,141.0,59.0,126.0,157.0,2.0,51.6,40.8,10733758.0
257,Cory Joseph,90.0,85.0,108.0,97.0,101.0,96.0,77.0,132.0,-12.8,-17.9,5155500.0
258,Nikola Jović,85.0,107.0,63.0,85.0,121.0,91.0,103.0,131.0,-11.2,-7.9,2239920.0
259,Johnny Juzang,71.0,89.0,66.0,75.0,64.0,71.0,14.0,156.0,-28.4,-35.9,508891.0
260,Mfiondu Kabengele,60.0,91.0,0.0,52.0,128.0,65.0,107.0,111.0,-3.6,-3.2,508891.0
261,Frank Kaminsky,104.0,110.0,109.0,109.0,112.0,109.0,95.0,135.0,6.3,7.6,2463490.0
262,Trevor Keels,53.0,0.0,69.0,69.0,0.0,65.0,0.0,258.0,-1.4,-1.7,520589.0
263,Luke Kennard,104.0,89.0,137.0,122.0,121.0,118.0,38.0,182.0,92.4,82.0,13745455.0
264,Walker Kessler,151.0,132.0,92.0,132.0,66.0,121.0,144.0,2.0,145.5,116.4,2696400.0
265,Braxton Key,210.0,183.0,0.0,183.0,128.0,183.0,751.0,0.0,0.9,1.8,201802.0
266,Louis King,129.0,146.0,139.0,141.0,0.0,128.0,29.0,159.0,5.8,4.4,307089.0
267,Corey Kispert,105.0,116.0,118.0,117.0,109.0,113.0,56.0,169.0,107.1,94.9,3552840.0
268,Maxi Kleber,96.0,122.0,97.0,105.0,91.0,102.0,84.0,171.0,8.7,4.1,9000000.0
269,Nathan Knight,119.0,118.0,101.0,113.0,88.0,113.0,264.0,70.0,11.7,15.7,1836090.0
270,Kevin Knox,96.0,109.0,97.0,102.0,98.0,100.0,68.0,145.0,7.0,-1.6,3000000.0
271,Christian Koloko,101.0,94.0,23.0,89.0,80.0,89.0,148.0,21.0,-18.6,-22.6,1500000.0
272,John Konchar,91.0,100.0,94.0,96.0,99.0,93.0,42.0,143.0,-13.0,-26.4,2300000.0
273,Furkan Korkmaz,91.0,84.0,108.0,94.0,92.0,95.0,122.0,107.0,-7.0,-7.5,5000000.0
274,Luke Kornet,140.0,128.0,64.0,124.0,105.0,120.0,86.0,20.0,43.6,43.4,2133278.0
275,Vit Krejci,85.0,114.0,66.0,87.0,64.0,82.0,20.0,146.0,-5.3,-8.0,1563518.0
276,Jonathan Kuminga,110.0,108.0,103.0,106.0,83.0,103.0,104.0,76.0,34.0,17.6,5739840.0
277,Kyle Kuzma,94.0,97.0,92.0,95.0,93.0,94.0,78.0,109.0,-61.4,-91.8,13000000.0
278,Anthony Lamb,99.0,119.0,102.0,108.0,98.0,105.0,72.0,164.0,26.6,19.3,694878.0
279,Jock Landale,111.0,113.0,69.0,103.0,96.0,102.0,117.0,64.0,9.5,10.5,1563518.0
280,Romeo Langford,98.0,97.0,73.0,91.0,89.0,90.0,81.0,61.0,-24.4,-32.7,5634257.0
281,Jake LaRavia,82.0,99.0,94.0,95.0,99.0,91.0,36.0,193.0,-5.6,-10.0,3047640.0
282,Zach LaVine,102.0,101.0,104.0,102.0,108.0,104.0,116.0,101.0,36.4,80.5,37096500.0
283,A.J. Lawson,105.0,115.0,111.0,113.0,32.0,101.0,68.0,147.0,6.0,0.8,371432.0
284,Damion Lee,93.0,80.0,123.0,103.0,116.0,104.0,86.0,141.0,17.1,25.3,2133278.0
285,Saben Lee,85.0,76.0,102.0,83.0,94.0,89.0,177.0,64.0,-23.0,-18.8,2266640.0
286,Alex Len,112.0,104.0,0.0,98.0,88.0,100.0,200.0,17.0,-0.7,-0.1,3918600.0
287,Kawhi Leonard,108.0,101.0,115.0,105.0,111.0,107.0,120.0,74.0,46.2,83.7,42492492.0
288,Meyers Leonard,102.0,116.0,108.0,111.0,114.0,112.0,116.0,160.0,3.4,4.7,713558.0
289,Caris LeVert,91.0,84.0,109.0,95.0,92.0,94.0,91.0,113.0,-42.2,-57.7,18796296.0
290,Kira Lewis Jr.,96.0,84.0,122.0,99.0,110.0,100.0,94.0,100.0,-1.0,0.4,4004280.0
291,Damian Lillard,97.0,105.0,103.0,103.0,117.0,111.0,174.0,141.0,45.2,183.2,42492492.0
292,Nassir Little,93.0,96.0,102.0,99.0,92.0,96.0,57.0,135.0,-4.4,-16.8,4171548.0
293,Isaiah Livers,88.0,99.0,101.0,100.0,105.0,98.0,51.0,182.0,-0.1,-8.8,1563518.0
294,Kenneth Lofton Jr.,111.0,103.0,98.0,103.0,76.0,98.0,109.0,47.0,2.6,-1.9,1505966.0
295,Kevon Looney,133.0,115.0,0.0,116.0,78.0,110.0,151.0,1.0,65.2,52.3,8000000.0
296,Brook Lopez,112.0,116.0,104.0,111.0,100.0,108.0,79.0,104.0,109.6,96.7,13906976.0
297,Robin Lopez,135.0,118.0,139.0,120.0,99.0,116.0,90.0,14.0,16.2,15.6,2905851.0
298,Kevin Love,82.0,94.0,93.0,93.0,112.0,94.0,81.0,180.0,-33.4,-30.5,30556968.0
299,Kyle Lowry,85.0,93.0,96.0,94.0,110.0,97.0,104.0,165.0,-29.9,-17.9,28333334.0
300,Trey Lyles,96.0,109.0,100.0,104.0,104.0,105.0,114.0,152.0,16.1,24.3,2625000.0
301,Théo Maledon,84.0,85.0,82.0,84.0,109.0,89.0,109.0,97.0,-45.0,-38.1,2408891.0
302,Sandro Mamukelashvili,89.0,93.0,84.0,89.0,88.0,89.0,93.0,111.0,-26.8,-33.5,1116112.0
303,Terance Mann,109.0,109.0,108.0,109.0,100.0,106.0,85.0,98.0,49.6,43.5,1930681.0
304,Tre Mann,83.0,87.0,87.0,87.0,98.0,85.0,41.0,132.0,-71.3,-93.6,3046200.0
305,Boban Marjanović,144.0,127.0,0.0,125.0,95.0,122.0,169.0,4.0,16.6,18.4,4101478.0
306,Lauri Markkanen,105.0,107.0,109.0,107.0,112.0,110.0,131.0,115.0,93.4,155.8,16475454.0
307,Naji Marshall,91.0,94.0,84.0,90.0,101.0,93.0,115.0,99.0,-62.7,-55.3,1782621.0
308,Caleb Martin,98.0,99.0,99.0,99.0,103.0,98.0,77.0,111.0,-5.6,-11.9,6479000.0
309,Cody Martin,82.0,91.0,59.0,79.0,73.0,77.0,73.0,100.0,-8.3,-10.4,7000000.0
310,Kenyon Martin Jr.,120.0,124.0,87.0,113.0,87.0,109.0,116.0,77.0,102.8,88.4,1782621.0
311,Tyrese Martin,82.0,91.0,40.0,76.0,128.0,76.0,33.0,79.0,-6.1,-6.8,1017781.0
312,Garrison Mathews,76.0,87.0,97.0,95.0,116.0,99.0,99.0,231.0,-10.2,-3.8,2000000.0
313,Bennedict Mathurin,91.0,89.0,89.0,89.0,106.0,97.0,179.0,84.0,-111.1,-35.8,6586800.0
314,Wesley Matthews,76.0,96.0,87.0,89.0,110.0,89.0,66.0,200.0,-19.5,-21.3,2905851.0
315,Tyrese Maxey,101.0,94.0,120.0,104.0,108.0,104.0,88.0,104.0,42.4,47.7,2726880.0
316,Skylar Mays,105.0,96.0,128.0,108.0,118.0,107.0,72.0,99.0,5.8,6.3,116574.0
317,Miles McBride,75.0,83.0,83.0,83.0,85.0,82.0,73.0,161.0,-40.5,-49.4,1563518.0
318,Mac McClung,95.0,101.0,101.0,101.0,77.0,97.0,94.0,142.0,0.2,-0.8,160856.0
319,CJ McCollum,92.0,86.0,108.0,94.0,98.0,93.0,66.0,104.0,-80.6,-116.2,33333333.0
320,T.J. McConnell,114.0,102.0,122.0,104.0,109.0,101.0,49.0,29.0,23.8,9.5,8100000.0
321,Jalen McDaniels,96.0,97.0,92.0,95.0,108.0,96.0,84.0,97.0,-33.8,-32.9,1930681.0
322,Jaden McDaniels,109.0,107.0,110.0,108.0,94.0,105.0,75.0,97.0,66.2,47.0,2161440.0
323,Doug McDermott,96.0,94.0,114.0,105.0,97.0,102.0,50.0,147.0,30.7,10.2,13750000.0
324,JaVale McGee,135.0,119.0,111.0,119.0,75.0,112.0,123.0,10.0,25.7,19.7,5461219.0
325,Bryce McGowens,83.0,81.0,90.0,84.0,96.0,89.0,149.0,102.0,-34.3,-29.7,1461055.0
326,Rodney McGruder,86.0,70.0,117.0,100.0,105.0,97.0,54.0,165.0,-0.8,-5.0,2298385.0
327,Jordan McLaughlin,88.0,101.0,85.0,92.0,107.0,91.0,47.0,139.0,-12.1,-16.8,2160000.0
328,De'Anthony Melton,90.0,88.0,108.0,100.0,101.0,97.0,50.0,160.0,1.1,-21.3,8250000.0
329,Sam Merrill,86.0,183.0,77.0,96.0,128.0,94.0,34.0,211.0,-1.0,-1.6,1105522.0
330,Chimezie Metu,124.0,121.0,66.0,112.0,95.0,110.0,125.0,45.0,28.2,29.1,1910860.0
331,Khris Middleton,92.0,94.0,87.0,91.0,115.0,95.0,94.0,103.0,-37.7,-27.2,37984276.0
332,Patty Mills,87.0,90.0,101.0,97.0,107.0,95.0,54.0,165.0,-6.9,-12.3,6479000.0
333,Shake Milton,101.0,95.0,105.0,98.0,109.0,99.0,87.0,76.0,-10.5,-7.1,1997718.0
334,Justin Minaya,64.0,66.0,69.0,68.0,0.0,62.0,16.0,135.0,-8.1,-10.2,35096.0
335,Josh Minott,105.0,97.0,92.0,97.0,128.0,100.0,83.0,43.0,-1.3,0.1,1017781.0
336,Davion Mitchell,95.0,107.0,89.0,98.0,103.0,94.0,29.0,127.0,-10.1,-29.7,4833600.0
337,Donovan Mitchell,102.0,103.0,107.0,105.0,111.0,106.0,99.0,117.0,74.1,103.9,30913750.0
338,Evan Mobley,117.0,109.0,60.0,104.0,86.0,102.0,120.0,28.0,39.3,20.6,8478720.0
339,Isaiah Mobley,90.0,82.0,104.0,88.0,128.0,90.0,54.0,74.0,-3.5,-3.6,508891.0
340,Chima Moneke,105.0,91.0,0.0,92.0,0.0,60.0,375.0,0.0,-0.2,-1.3,500000.0
341,Malik Monk,94.0,98.0,100.0,99.0,114.0,101.0,98.0,129.0,-11.0,9.8,9472219.0
342,Moses Moody,100.0,117.0,101.0,107.0,89.0,104.0,88.0,153.0,17.5,11.0,3740160.0
343,Xavier Moon,70.0,61.0,92.0,71.0,0.0,67.0,0.0,86.0,-2.8,-3.5,116986.0
344,Wendell Moore Jr.,88.0,112.0,33.0,81.0,102.0,80.0,44.0,102.0,-8.9,-10.5,2306520.0
345,Ja Morant,98.0,95.0,85.0,92.0,96.0,96.0,154.0,64.0,-99.9,-69.5,12119440.0
346,Markieff Morris,86.0,79.0,109.0,97.0,128.0,95.0,33.0,159.0,-3.4,-6.8,2905851.0
347,Marcus Morris,90.0,88.0,101.0,94.0,100.0,92.0,51.0,124.0,-41.2,-64.0,16372093.0
348,Monte Morris,101.0,99.0,106.0,102.0,106.0,100.0,56.0,102.0,10.4,-2.1,9125000.0
349,Trey Murphy III,102.0,111.0,113.0,112.0,116.0,112.0,89.0,160.0,103.6,120.8,3206520.0
350,Dejounte Murray,98.0,94.0,95.0,94.0,106.0,93.0,54.0,76.0,-81.4,-115.5,17071120.0
351,Jamal Murray,96.0,90.0,110.0,98.0,107.0,98.0,78.0,107.0,-17.2,-22.7,31650600.0
352,Keegan Murray,95.0,96.0,114.0,107.0,98.0,103.0,39.0,165.0,61.2,25.5,8008440.0
353,Mike Muscala,94.0,107.0,108.0,108.0,98.0,105.0,67.0,183.0,24.6,16.9,3500000.0
354,Svi Mykhailiuk,94.0,86.0,118.0,104.0,85.0,100.0,85.0,148.0,7.3,0.9,3846895.0
355,Larry Nance Jr.,128.0,119.0,92.0,116.0,89.0,112.0,97.0,36.0,53.4,46.0,9672727.0
356,Andrew Nembhard,93.0,92.0,97.0,94.0,101.0,91.0,36.0,105.0,-42.3,-71.4,2244111.0
357,Aaron Nesmith,90.0,91.0,102.0,96.0,107.0,97.0,90.0,137.0,-24.4,-20.5,3804360.0
358,Raul Neto,109.0,121.0,79.0,105.0,117.0,108.0,116.0,99.0,6.0,11.7,2463490.0
359,Georges Niang,93.0,105.0,111.0,109.0,111.0,105.0,34.0,197.0,50.6,30.4,3465000.0
360,Daishen Nix,72.0,77.0,79.0,78.0,85.0,77.0,57.0,152.0,-56.5,-67.9,1563518.0
361,Zeke Nnaji,118.0,130.0,73.0,111.0,83.0,107.0,119.0,86.0,23.3,17.4,2617800.0
362,Nerlens Noel,76.0,64.0,139.0,69.0,85.0,73.0,125.0,14.0,-12.3,-13.0,9391069.0
363,Jaylen Nowell,94.0,99.0,80.0,92.0,99.0,91.0,59.0,96.0,-54.6,-73.2,1930681.0
364,Frank Ntilikina,76.0,87.0,70.0,79.0,85.0,79.0,94.0,131.0,-30.9,-35.3,2036318.0
365,Kendrick Nunn,89.0,90.0,98.0,94.0,109.0,91.0,34.0,128.0,-29.7,-48.1,5250000.0
366,Jusuf Nurkić,109.0,104.0,100.0,103.0,85.0,101.0,143.0,61.0,16.3,8.7,15625000.0
367,Jordan Nwora,92.0,84.0,113.0,98.0,101.0,97.0,73.0,122.0,-11.3,-19.3,2800000.0
368,Chuma Okeke,74.0,86.0,84.0,84.0,97.0,84.0,65.0,182.0,-21.0,-24.6,3433320.0
369,Josh Okogie,82.0,81.0,93.0,86.0,93.0,91.0,174.0,123.0,-61.5,-50.5,1968175.0
370,Onyeka Okongwu,134.0,118.0,85.0,118.0,100.0,117.0,148.0,7.0,96.0,113.0,6395160.0
371,Isaac Okoro,104.0,113.0,101.0,107.0,97.0,106.0,109.0,125.0,26.0,25.8,7040880.0
372,KZ Okpala,89.0,97.0,92.0,94.0,112.0,95.0,79.0,143.0,-2.4,-2.3,1902133.0
373,Victor Oladipo,84.0,86.0,92.0,89.0,96.0,88.0,74.0,136.0,-49.5,-59.9,8750000.0
374,Kelly Olynyk,105.0,105.0,109.0,107.0,109.0,111.0,156.0,109.0,41.6,80.8,12804878.0
375,Eugene Omoruyi,93.0,100.0,78.0,91.0,87.0,92.0,123.0,101.0,-21.6,-25.4,1013119.0
376,Royce O'Neale,81.0,69.0,108.0,96.0,93.0,93.0,44.0,182.0,-25.7,-53.7,9200000.0
377,Cedi Osman,95.0,103.0,103.0,103.0,89.0,100.0,76.0,152.0,16.0,-2.4,7426088.0
378,Kelly Oubre Jr.,91.0,93.0,88.0,91.0,97.0,92.0,95.0,107.0,-79.1,-86.5,12600000.0
379,Chris Paul,93.0,88.0,104.0,94.0,106.0,95.0,90.0,101.0,-42.5,-39.4,28400000.0
380,Cameron Payne,87.0,82.0,102.0,90.0,98.0,88.0,53.0,105.0,-50.0,-66.4,6000000.0
381,Gary Payton II,125.0,119.0,139.0,126.0,110.0,121.0,38.0,97.0,19.8,17.2,8300000.0
382,Theo Pinson,75.0,66.0,98.0,89.0,108.0,88.0,56.0,184.0,-10.9,-12.8,1968175.0
383,Scotty Pippen Jr.,70.0,61.0,92.0,69.0,71.0,75.0,281.0,65.0,-4.1,-4.6,508891.0
384,Mason Plumlee,143.0,124.0,0.0,125.0,81.0,119.0,243.0,0.0,130.2,134.2,9080417.0
385,Jakob Poeltl,132.0,115.0,0.0,115.0,76.0,109.0,122.0,0.0,104.1,75.8,9398148.0
386,Aleksej Pokusevski,91.0,88.0,101.0,94.0,80.0,90.0,53.0,108.0,-17.5,-31.4,3261480.0
387,Jordan Poole,91.0,96.0,93.0,94.0,111.0,99.0,122.0,129.0,-79.7,-23.0,3901399.0
388,Kevin Porter Jr.,93.0,91.0,102.0,96.0,100.0,97.0,112.0,112.0,-41.0,-32.7,3217631.0
389,Michael Porter Jr.,102.0,106.0,115.0,110.0,102.0,107.0,55.0,143.0,93.1,68.8,30913750.0
390,Otto Porter Jr.,105.0,126.0,98.0,110.0,128.0,113.0,100.0,146.0,3.3,5.0,6000000.0
391,Bobby Portis,104.0,101.0,102.0,102.0,98.0,99.0,58.0,83.0,15.3,-10.4,10843350.0
392,Kristaps Porziņģis,105.0,102.0,107.0,104.0,109.0,108.0,153.0,90.0,40.9,108.8,33833400.0
393,Micah Potter,140.0,137.0,158.0,147.0,0.0,138.0,0.0,120.0,7.6,6.6,508891.0
394,Dwight Powell,154.0,136.0,0.0,134.0,85.0,127.0,234.0,5.0,100.7,107.4,11080125.0
395,Norman Powell,101.0,98.0,110.0,103.0,104.0,105.0,146.0,104.0,19.7,51.9,16758621.0
396,Jason Preston,92.0,103.0,77.0,92.0,0.0,84.0,18.0,113.0,-3.7,-7.7,1563518.0
397,Joshua Primo,73.0,78.0,69.0,74.0,99.0,80.0,130.0,119.0,-7.4,-6.8,12196094.0
398,Taurean Prince,98.0,102.0,106.0,104.0,108.0,103.0,76.0,132.0,14.7,13.0,7100000.0
399,Payton Pritchard,87.0,90.0,101.0,97.0,96.0,92.0,25.0,162.0,-9.2,-23.0,2239200.0
400,Trevelin Queen,51.0,65.0,37.0,51.0,128.0,58.0,65.0,133.0,-15.6,-15.3,838891.0
401,Neemias Queta,140.0,122.0,0.0,122.0,0.0,104.0,83.0,0.0,2.2,0.5,508891.0
402,Immanuel Quickley,94.0,95.0,103.0,99.0,105.0,100.0,99.0,125.0,-14.7,-6.0,2316240.0
403,Lester Quinones,84.0,0.0,139.0,110.0,85.0,113.0,450.0,206.0,0.5,1.1,129405.0
404,Julius Randle,97.0,101.0,95.0,98.0,97.0,100.0,139.0,115.0,-27.6,-0.3,23760000.0
405,Austin Reaves,111.0,115.0,110.0,113.0,111.0,118.0,203.0,114.0,69.7,127.8,1563518.0
406,Cam Reddish,94.0,102.0,87.0,95.0,109.0,96.0,90.0,119.0,-17.2,-14.1,5954454.0
407,Davon Reed,70.0,53.0,102.0,80.0,85.0,81.0,107.0,141.0,-18.6,-20.9,1902133.0
408,Paul Reed,125.0,111.0,46.0,109.0,95.0,107.0,92.0,7.0,21.1,17.9,1782621.0
409,Naz Reid,113.0,119.0,96.0,110.0,87.0,106.0,83.0,97.0,65.8,45.3,1930681.0
410,Jared Rhoden,81.0,91.0,69.0,81.0,128.0,83.0,51.0,117.0,-9.0,-9.2,307089.0
411,Josh Richardson,91.0,92.0,101.0,97.0,109.0,95.0,55.0,136.0,-19.1,-31.5,4144320.0
412,Nick Richards,132.0,115.0,277.0,116.0,96.0,116.0,219.0,1.0,53.7,74.5,1782621.0
413,Austin Rivers,92.0,102.0,97.0,99.0,98.0,97.0,70.0,152.0,-2.9,-7.9,2905851.0
414,Duncan Robinson,78.0,101.0,91.0,92.0,116.0,92.0,51.0,209.0,-19.5,-23.9,16902000.0
415,Jeremiah Robinson-Earl,93.0,97.0,92.0,95.0,107.0,94.0,64.0,116.0,-13.4,-17.8,2000000.0
416,Mitchell Robinson,141.0,123.0,0.0,123.0,62.0,112.0,164.0,0.0,70.7,47.1,17045454.0
417,Orlando Robinson,111.0,103.0,0.0,97.0,91.0,97.0,131.0,17.0,-3.1,-3.3,386055.0
418,Isaiah Roby,91.0,94.0,83.0,90.0,62.0,86.0,99.0,100.0,-17.0,-29.2,2330681.0
419,David Roddy,90.0,101.0,85.0,93.0,81.0,89.0,58.0,130.0,-33.0,-55.5,2588640.0
420,Ryan Rollins,74.0,66.0,92.0,78.0,128.0,87.0,113.0,116.0,-4.8,-3.3,1017781.0
421,Derrick Rose,81.0,80.0,84.0,81.0,117.0,80.0,28.0,102.0,-32.4,-39.0,14520730.0
422,Terrence Ross,90.0,93.0,102.0,98.0,102.0,94.0,27.0,143.0,-12.1,-36.0,11500000.0
423,Terry Rozier,87.0,88.0,91.0,89.0,103.0,89.0,69.0,110.0,-144.5,-164.6,21486316.0
424,Ricky Rubio,72.0,76.0,71.0,74.0,102.0,76.0,74.0,119.0,-51.1,-53.8,5853659.0
425,D'Angelo Russell,99.0,100.0,110.0,105.0,106.0,104.0,86.0,133.0,50.2,50.4,31377750.0
426,Matt Ryan,78.0,61.0,106.0,95.0,107.0,93.0,42.0,201.0,-5.8,-9.7,806097.0
427,Domantas Sabonis,129.0,117.0,104.0,116.0,95.0,115.0,175.0,23.0,162.1,195.5,21100000.0
428,Luka Šamanić,96.0,126.0,72.0,97.0,89.0,95.0,86.0,140.0,-2.2,-3.9,538317.0
429,Dario Šarić,96.0,92.0,108.0,99.0,106.0,100.0,103.0,107.0,-3.1,1.1,9240000.0
430,Olivier Sarr,105.0,116.0,35.0,95.0,91.0,94.0,88.0,69.0,-1.7,-2.5,257371.0
431,Jordan Schakel,105.0,0.0,277.0,138.0,0.0,129.0,0.0,129.0,0.8,0.7,96514.0
432,Admiral Schofield,95.0,118.0,90.0,101.0,117.0,101.0,71.0,157.0,1.0,1.4,877940.0
433,Dennis Schröder,87.0,84.0,91.0,87.0,110.0,94.0,145.0,89.0,-94.8,-54.5,2641682.0
434,Jay Scrubb,150.0,110.0,277.0,157.0,64.0,142.0,107.0,74.0,4.4,3.8,49719.0
435,Dereon Seabron,84.0,73.0,0.0,73.0,0.0,69.0,0.0,0.0,-1.5,-1.8,511816.0
436,Alperen Şengün,116.0,104.0,92.0,104.0,91.0,103.0,135.0,18.0,31.7,32.8,3375360.0
437,Collin Sexton,107.0,100.0,109.0,102.0,105.0,106.0,160.0,67.0,11.6,39.2,16700000.0
438,Landry Shamet,79.0,69.0,104.0,92.0,113.0,92.0,64.0,171.0,-26.2,-28.8,9500000.0
439,Day'Ron Sharpe,114.0,99.0,151.0,103.0,81.0,100.0,121.0,17.0,5.5,0.1,2109480.0
440,Shaedon Sharpe,99.0,102.0,100.0,101.0,91.0,98.0,61.0,113.0,7.4,-18.0,6012960.0
441,Pascal Siakam,101.0,96.0,90.0,94.0,99.0,97.0,135.0,56.0,-78.8,-48.8,35448672.0
442,Chris Silva,210.0,183.0,0.0,183.0,0.0,172.0,0.0,0.0,0.9,0.8,211045.0
443,Ben Simmons,119.0,104.0,0.0,104.0,56.0,96.0,91.0,2.0,9.7,-11.3,35448672.0
444,Kobi Simmons,35.0,0.0,55.0,46.0,128.0,63.0,125.0,215.0,-3.5,-3.0,32795.0
445,Anfernee Simons,94.0,96.0,105.0,101.0,114.0,100.0,64.0,139.0,6.4,-0.4,22321429.0
446,Marko Simonovic,60.0,61.0,69.0,66.0,64.0,65.0,107.0,147.0,-2.6,-3.2,1563518.0
447,Jericho Sims,163.0,143.0,0.0,142.0,96.0,134.0,56.0,2.0,49.3,45.4,1639842.0
448,Marcus Smart,87.0,95.0,93.0,94.0,95.0,92.0,74.0,147.0,-41.5,-57.2,17207142.0
449,Dennis Smith Jr.,87.0,87.0,60.0,80.0,94.0,82.0,88.0,63.0,-96.9,-105.7,2133278.0
450,Dru Smith,84.0,91.0,73.0,84.0,128.0,82.0,25.0,109.0,-8.1,-9.8,374357.0
451,Ish Smith,84.0,77.0,46.0,74.0,64.0,70.0,11.0,24.0,-36.9,-46.3,4725000.0
452,Jalen Smith,100.0,108.0,78.0,97.0,97.0,97.0,101.0,97.0,-16.0,-18.6,4670160.0
453,Jabari Smith Jr.,86.0,89.0,85.0,87.0,101.0,88.0,87.0,113.0,-124.7,-132.3,8882640.0
454,Xavier Sneed,105.0,91.0,139.0,119.0,128.0,124.0,150.0,155.0,2.1,3.3,102910.0
455,Jeremy Sochan,95.0,95.0,68.0,89.0,89.0,88.0,79.0,63.0,-69.0,-87.0,5063520.0
456,Jaden Springer,102.0,91.0,111.0,94.0,96.0,94.0,86.0,37.0,-2.2,-2.8,2125200.0
457,Lamar Stevens,94.0,94.0,88.0,92.0,90.0,90.0,74.0,85.0,-26.1,-36.0,1782621.0
458,Isaiah Stewart,93.0,99.0,91.0,95.0,94.0,96.0,127.0,120.0,-23.9,-21.9,3433320.0
459,Max Strus,86.0,102.0,97.0,98.0,112.0,96.0,42.0,184.0,-16.5,-40.9,1815677.0
460,Jalen Suggs,88.0,91.0,91.0,90.0,92.0,91.0,101.0,117.0,-46.2,-53.0,6922320.0
461,Edmond Sumner,97.0,93.0,99.0,95.0,117.0,103.0,151.0,83.0,-14.3,10.0,1968175.0
462,Cole Swider,70.0,0.0,104.0,92.0,0.0,86.0,0.0,229.0,-0.8,-1.5,508891.0
463,Jae'Sean Tate,101.0,97.0,78.0,93.0,93.0,94.0,113.0,52.0,-16.7,-18.5,7065217.0
464,Jayson Tatum,98.0,102.0,97.0,100.0,109.0,104.0,150.0,114.0,-6.1,94.5,30351780.0
465,Terry Taylor,109.0,111.0,73.0,101.0,70.0,96.0,55.0,65.0,1.2,-3.8,1703902.0
466,Garrett Temple,84.0,67.0,117.0,96.0,96.0,92.0,33.0,149.0,-2.1,-4.4,5155500.0
467,Dalen Terry,93.0,101.0,72.0,90.0,85.0,90.0,109.0,97.0,-7.5,-9.4,3191400.0
468,Daniel Theis,100.0,105.0,50.0,92.0,53.0,86.0,102.0,65.0,-4.0,-8.3,8694369.0
469,Cam Thomas,93.0,85.0,106.0,91.0,111.0,98.0,143.0,75.0,-44.3,-15.1,2138160.0
470,Klay Thompson,92.0,86.0,114.0,102.0,112.0,99.0,40.0,151.0,27.7,-14.0,40600080.0
471,JT Thor,84.0,89.0,88.0,88.0,90.0,87.0,74.0,133.0,-30.5,-38.7,1563518.0
472,Matisse Thybulle,91.0,97.0,101.0,99.0,87.0,95.0,42.0,151.0,-1.9,-15.4,4379526.0
473,Xavier Tillman Sr.,129.0,115.0,74.0,114.0,70.0,107.0,109.0,13.0,46.3,27.7,1782621.0
474,Isaiah Todd,33.0,41.0,28.0,34.0,128.0,39.0,40.0,136.0,-13.7,-14.1,1575000.0
475,Obi Toppin,94.0,108.0,95.0,100.0,103.0,97.0,42.0,152.0,2.1,-14.1,5348280.0
476,Juan Toscano-Anderson,94.0,102.0,52.0,87.0,101.0,87.0,63.0,78.0,-19.9,-23.5,2133278.0
477,Karl-Anthony Towns,104.0,105.0,101.0,104.0,112.0,106.0,118.0,99.0,17.3,35.4,33833400.0
478,Gary Trent Jr.,91.0,90.0,102.0,96.0,107.0,96.0,82.0,124.0,-43.6,-43.8,17280000.0
479,P.J. Tucker,90.0,88.0,109.0,101.0,106.0,97.0,38.0,161.0,1.6,-7.3,10490000.0
480,Myles Turner,115.0,117.0,104.0,112.0,100.0,112.0,141.0,88.0,97.7,119.7,35096500.0
481,Stanley Umude,0.0,0.0,0.0,0.0,128.0,92.0,751.0,258.0,-1.1,-0.2,58493.0
482,Jonas Valančiūnas,115.0,105.0,97.0,105.0,106.0,105.0,103.0,34.0,40.1,51.8,14700000.0
483,Jarred Vanderbilt,115.0,110.0,89.0,106.0,88.0,104.0,116.0,52.0,31.2,23.6,4374000.0
484,Fred VanVleet,83.0,83.0,95.0,89.0,115.0,93.0,96.0,141.0,-131.6,-102.5,21250000.0
485,Devin Vassell,92.0,88.0,107.0,96.0,100.0,95.0,63.0,115.0,-23.9,-39.8,4437000.0
486,Gabe Vincent,85.0,93.0,93.0,93.0,112.0,92.0,52.0,159.0,-45.3,-58.0,1815677.0
487,Noah Vonleh,96.0,91.0,69.0,88.0,128.0,86.0,31.0,43.0,-3.2,-3.9,1160955.0
488,Nikola Vučević,109.0,108.0,97.0,105.0,107.0,102.0,52.0,78.0,63.1,31.6,22000000.0
489,Dean Wade,87.0,102.0,98.0,99.0,83.0,95.0,49.0,185.0,-2.0,-11.5,1930681.0
490,Franz Wagner,102.0,99.0,100.0,100.0,108.0,101.0,108.0,83.0,-5.2,20.6,5258280.0
491,Moritz Wagner,105.0,115.0,87.0,104.0,108.0,108.0,172.0,106.0,15.2,46.5,1878720.0
492,Ish Wainright,78.0,91.0,91.0,91.0,107.0,90.0,51.0,197.0,-22.5,-28.7,980057.0
493,Jabari Walker,88.0,86.0,79.0,84.0,97.0,85.0,85.0,73.0,-33.9,-37.2,1017781.0
494,Kemba Walker,89.0,107.0,69.0,88.0,104.0,94.0,138.0,127.0,-7.2,-5.0,37281261.0
495,Lonnie Walker IV,94.0,95.0,101.0,98.0,110.0,98.0,75.0,122.0,-11.7,-12.9,6479000.0
496,John Wall,86.0,84.0,84.0,84.0,87.0,86.0,125.0,83.0,-59.6,-64.7,47345760.0
497,T.J. Warren,103.0,99.0,91.0,97.0,102.0,95.0,49.0,64.0,-8.4,-17.8,2628597.0
498,Duane Washington Jr.,77.0,68.0,100.0,82.0,85.0,79.0,35.0,112.0,-51.2,-65.9,628802.0
499,P.J. Washington,93.0,95.0,97.0,95.0,93.0,93.0,67.0,113.0,-49.5,-81.9,5808435.0
500,TyTy Washington Jr.,76.0,89.0,66.0,77.0,71.0,74.0,42.0,129.0,-39.5,-50.2,2210040.0
501,Yuta Watanabe,103.0,102.0,123.0,114.0,93.0,110.0,76.0,150.0,35.0,28.3,1968175.0
502,Lindy Waters III,83.0,137.0,99.0,102.0,102.0,99.0,42.0,235.0,3.9,-3.2,2316876.0
503,Trendon Watford,118.0,110.0,108.0,110.0,92.0,108.0,116.0,51.0,34.8,32.4,1563518.0
504,Peyton Watson,103.0,93.0,119.0,99.0,70.0,95.0,127.0,61.0,-0.3,-3.8,2193960.0
505,Blake Wesley,68.0,55.0,107.0,67.0,76.0,68.0,77.0,62.0,-76.5,-88.4,2385480.0
506,Russell Westbrook,92.0,89.0,86.0,88.0,84.0,88.0,119.0,74.0,-127.7,-153.7,47080179.0
507,Coby White,93.0,99.0,103.0,101.0,111.0,98.0,44.0,149.0,6.2,-11.3,7413955.0
508,Derrick White,97.0,100.0,106.0,103.0,112.0,104.0,95.0,133.0,22.4,37.6,17142857.0
509,Jack White,89.0,91.0,92.0,92.0,85.0,89.0,59.0,122.0,-1.7,-2.6,508891.0
510,Joe Wieskamp,45.0,0.0,69.0,59.0,0.0,55.0,0.0,221.0,-6.3,-7.3,2909261.0
511,Aaron Wiggins,108.0,105.0,109.0,106.0,106.0,105.0,73.0,87.0,24.1,20.7,1563518.0
512,Andrew Wiggins,99.0,97.0,110.0,102.0,78.0,97.0,51.0,110.0,12.1,-18.8,33616770.0
513,Lindell Wigginton,102.0,115.0,92.0,104.0,114.0,105.0,91.0,126.0,1.7,2.4,99438.0
514,Alondes Williams,0.0,0.0,0.0,0.0,0.0,0.0,0.0,0.0,0.0,0.0,254446.0
515,Donovan Williams,84.0,122.0,0.0,73.0,0.0,69.0,0.0,103.0,-1.5,-1.8,239822.0
516,Grant Williams,95.0,100.0,110.0,105.0,99.0,104.0,96.0,158.0,27.9,25.2,4306281.0
517,Jalen Williams,110.0,106.0,99.0,104.0,104.0,103.0,90.0,67.0,35.1,35.3,4341480.0
518,Jaylin Williams,92.0,84.0,113.0,98.0,90.0,96.0,87.0,125.0,-5.2,-11.7,2000000.0
519,Jeenathan Williams,129.0,124.0,104.0,120.0,85.0,113.0,29.0,53.0,8.5,6.1,52644.0
520,Kenrich Williams,109.0,111.0,103.0,108.0,56.0,101.0,42.0,100.0,30.7,2.8,2000000.0
521,Mark Williams,134.0,116.0,0.0,117.0,88.0,113.0,145.0,0.0,46.3,45.6,3722040.0
522,Patrick Williams,98.0,91.0,115.0,101.0,110.0,99.0,58.0,106.0,4.7,-7.7,7775400.0
523,Robert Williams,157.0,137.0,0.0,137.0,78.0,128.0,91.0,2.0,68.6,60.4,10714287.0
524,Vince Williams Jr.,63.0,122.0,40.0,64.0,128.0,63.0,19.0,181.0,-15.6,-17.5,508891.0
525,Zion Williamson,128.0,113.0,102.0,113.0,91.0,112.0,198.0,10.0,65.6,81.9,13534817.0
526,Ziaire Williams,90.0,109.0,71.0,90.0,99.0,88.0,42.0,128.0,-20.7,-29.1,4591680.0
527,Dylan Windler,140.0,183.0,139.0,153.0,0.0,143.0,0.0,172.0,1.7,1.5,4037277.0
528,Justise Winslow,86.0,80.0,86.0,82.0,91.0,80.0,53.0,59.0,-39.9,-48.5,4097561.0
529,James Wiseman,117.0,106.0,55.0,103.0,90.0,101.0,107.0,15.0,12.3,6.3,9603360.0
530,Christian Wood,108.0,108.0,104.0,107.0,99.0,107.0,137.0,94.0,58.4,76.3,14317459.0
531,Delon Wright,100.0,103.0,96.0,100.0,111.0,100.0,77.0,106.0,-0.3,0.0,7804878.0
532,McKinley Wright IV,99.0,96.0,89.0,95.0,88.0,92.0,73.0,74.0,-5.9,-9.6,508891.0
533,Gabe York,80.0,122.0,92.0,96.0,128.0,94.0,36.0,221.0,-0.9,-1.4,32171.0
534,Thaddeus Young,115.0,114.0,49.0,103.0,89.0,99.0,49.0,44.0,6.1,-3.5,8000000.0
535,Trae Young,90.0,87.0,93.0,89.0,113.0,99.0,173.0,85.0,-167.8,-28.7,37096500.0
536,Omer Yurtseven,125.0,119.0,119.0,119.0,107.0,116.0,83.0,67.0,5.6,5.5,1752638.0
537,Cody Zeller,132.0,118.0,0.0,115.0,88.0,113.0,223.0,9.0,9.7,11.5,743922.0
538,Ivica Zubac,133.0,116.0,0.0,116.0,89.0,114.0,174.0,1.0,91.5,98.7,10123457.0
