,Player,Pos,Age,Tm,G,GS,MP,FG,FGA,FG%,3P,3PA,3P%,2P,2PA,2P%,eFG%,FT,FTA,FT%,ORB,DRB,TRB,AST,STL,BLK,TOV,PF,PTS,Salary
0,Precious Achiuwa,C,23.0,TOR,55.0,12.0,1140.0,196.0,404.0,0.485,29.0,108.0,0.269,167.0,296.0,0.564,0.521,87.0,124.0,0.702,100.0,228.0,328.0,50.0,31.0,30.0,59.0,102.0,508.0,2840160.0
1,Steven Adams,C,29.0,MEM,42.0,42.0,1133.0,157.0,263.0,0.597,0.0,1.0,0.0,157.0,262.0,0.599,0.597,47.0,129.0,0.364,214.0,271.0,485.0,97.0,36.0,46.0,79.0,98.0,361.0,17926829.0
2,Bam Adebayo,C,25.0,MIA,75.0,75.0,2598.0,602.0,1114.0,0.54,1.0,12.0,0.083,601.0,1102.0,0.545,0.541,324.0,402.0,0.806,184.0,504.0,688.0,240.0,88.0,61.0,187.0,208.0,1529.0,30351780.0
3,Ochai Agbaji,SG,22.0,UTA,59.0,22.0,1209.0,165.0,386.0,0.427,81.0,228.0,0.355,84.0,158.0,0.532,0.532,56.0,69.0,0.812,43.0,78.0,121.0,67.0,16.0,15.0,41.0,99.0,467.0,3918360.0
4,Santi Aldama,PF,22.0,MEM,77.0,20.0,1682.0,247.0,525.0,0.47,94.0,266.0,0.353,153.0,259.0,0.591,0.56,108.0,144.0,0.75,85.0,286.0,371.0,97.0,45.0,48.0,60.0,143.0,696.0,2094120.0
5,Nickeil Alexander-Walker,SG,24.0,TOT,59.0,3.0,884.0,131.0,295.0,0.444,61.0,159.0,0.384,70.0,136.0,0.515,0.547,40.0,60.0,0.667,15.0,86.0,101.0,108.0,32.0,21.0,55.0,88.0,363.0,5009633.0
6,Grayson Allen,SG,27.0,MIL,72.0,70.0,1972.0,245.0,557.0,0.44,146.0,366.0,0.399,99.0,191.0,0.518,0.571,114.0,126.0,0.905,61.0,176.0,237.0,163.0,62.0,14.0,72.0,117.0,750.0,8925000.0
7,Jarrett Allen,C,24.0,CLE,68.0,68.0,2220.0,403.0,626.0,0.644,1.0,10.0,0.1,402.0,616.0,0.653,0.645,162.0,221.0,0.733,221.0,445.0,666.0,113.0,54.0,84.0,93.0,153.0,969.0,20000000.0
8,Jose Alvarado,PG,24.0,NOP,61.0,10.0,1310.0,201.0,489.0,0.411,83.0,247.0,0.336,118.0,242.0,0.488,0.496,65.0,80.0,0.813,28.0,113.0,141.0,186.0,67.0,10.0,81.0,125.0,550.0,1563518.0
9,Kyle Anderson,PF,29.0,MIN,69.0,46.0,1957.0,252.0,495.0,0.509,43.0,105.0,0.41,209.0,390.0,0.536,0.553,100.0,136.0,0.735,66.0,302.0,368.0,335.0,78.0,63.0,103.0,146.0,647.0,8780488.0
10,Giannis Antetokounmpo,PF,28.0,MIL,63.0,63.0,2024.0,707.0,1278.0,0.553,47.0,171.0,0.275,660.0,1107.0,0.596,0.572,498.0,772.0,0.645,137.0,605.0,742.0,359.0,52.0,51.0,246.0,197.0,1959.0,42492492.0
11,Thanasis Antetokounmpo,PF,30.0,MIL,37.0,0.0,206.0,20.0,46.0,0.435,0.0,8.0,0.0,20.0,38.0,0.526,0.435,11.0,22.0,0.5,15.0,29.0,44.0,15.0,3.0,3.0,12.0,22.0,51.0,1878720.0
12,Cole Anthony,PG,22.0,ORL,60.0,4.0,1552.0,277.0,610.0,0.454,75.0,206.0,0.364,202.0,404.0,0.5,0.516,152.0,170.0,0.894,47.0,241.0,288.0,235.0,37.0,31.0,91.0,158.0,781.0,3613680.0
13,OG Anunoby,SF,25.0,TOR,67.0,67.0,2386.0,421.0,885.0,0.476,142.0,367.0,0.387,279.0,518.0,0.539,0.556,140.0,167.0,0.838,95.0,237.0,332.0,131.0,128.0,50.0,132.0,200.0,1124.0,17357143.0
14,Ryan Arcidiacono,PG,28.0,TOT,20.0,4.0,172.0,9.0,37.0,0.243,8.0,23.0,0.348,1.0,14.0,0.071,0.351,0.0,0.0,0.0,0.0,15.0,15.0,23.0,5.0,0.0,7.0,17.0,26.0,1836090.0
15,Deni Avdija,SF,22.0,WAS,76.0,40.0,2020.0,253.0,579.0,0.437,69.0,232.0,0.297,184.0,347.0,0.53,0.497,122.0,165.0,0.739,74.0,413.0,487.0,211.0,65.0,29.0,123.0,209.0,697.0,4916160.0
16,Deandre Ayton,C,24.0,PHO,67.0,67.0,2035.0,522.0,887.0,0.589,7.0,24.0,0.292,515.0,863.0,0.597,0.592,152.0,200.0,0.76,172.0,495.0,667.0,115.0,37.0,53.0,120.0,190.0,1203.0,30913750.0
17,Udoka Azubuike,C,23.0,UTA,36.0,4.0,359.0,59.0,72.0,0.819,0.0,0.0,0.0,59.0,72.0,0.819,0.819,7.0,20.0,0.35,31.0,88.0,119.0,11.0,6.0,15.0,18.0,34.0,125.0,2174880.0
18,Marvin Bagley III,C,23.0,DET,42.0,25.0,990.0,202.0,382.0,0.529,19.0,66.0,0.288,183.0,316.0,0.579,0.554,81.0,108.0,0.75,94.0,175.0,269.0,36.0,19.0,30.0,46.0,81.0,504.0,12500000.0
19,Patrick Baldwin Jr.,SF,20.0,GSW,31.0,0.0,226.0,43.0,109.0,0.394,32.0,84.0,0.381,11.0,25.0,0.44,0.541,4.0,6.0,0.667,1.0,39.0,40.0,11.0,6.0,4.0,11.0,14.0,122.0,2226000.0
20,LaMelo Ball,PG,21.0,CHO,36.0,36.0,1268.0,296.0,721.0,0.411,144.0,383.0,0.376,152.0,338.0,0.45,0.51,102.0,122.0,0.836,42.0,189.0,231.0,304.0,46.0,11.0,129.0,118.0,838.0,8623920.0
21,Mo Bamba,C,24.0,TOT,49.0,7.0,769.0,117.0,241.0,0.485,48.0,124.0,0.387,69.0,117.0,0.59,0.585,41.0,62.0,0.661,58.0,167.0,225.0,46.0,13.0,43.0,30.0,105.0,323.0,10300000.0
22,Paolo Banchero,PF,20.0,ORL,72.0,72.0,2430.0,479.0,1122.0,0.427,85.0,285.0,0.298,394.0,837.0,0.471,0.465,394.0,534.0,0.738,84.0,413.0,497.0,269.0,60.0,39.0,200.0,160.0,1437.0,11055120.0
23,Desmond Bane,SG,24.0,MEM,58.0,58.0,1841.0,450.0,939.0,0.479,166.0,407.0,0.408,284.0,532.0,0.534,0.568,181.0,205.0,0.883,43.0,248.0,291.0,254.0,56.0,22.0,126.0,150.0,1247.0,2130240.0
24,Dalano Banton,PG,23.0,TOR,31.0,2.0,279.0,55.0,130.0,0.423,15.0,51.0,0.294,40.0,79.0,0.506,0.481,17.0,24.0,0.708,11.0,34.0,45.0,36.0,13.0,13.0,18.0,34.0,142.0,1563518.0
25,Dominick Barlow,PF,19.0,SAS,28.0,0.0,408.0,46.0,86.0,0.535,0.0,4.0,0.0,46.0,82.0,0.561,0.535,18.0,25.0,0.72,46.0,56.0,102.0,24.0,10.0,19.0,15.0,56.0,110.0,508891.0
26,Harrison Barnes,PF,30.0,SAC,82.0,82.0,2662.0,374.0,791.0,0.473,132.0,353.0,0.374,242.0,438.0,0.553,0.556,350.0,413.0,0.847,87.0,279.0,366.0,128.0,57.0,10.0,86.0,103.0,1230.0,18352273.0
27,Scottie Barnes,SF,21.0,TOR,77.0,76.0,2678.0,463.0,1016.0,0.456,63.0,224.0,0.281,400.0,792.0,0.505,0.487,190.0,246.0,0.772,179.0,333.0,512.0,371.0,83.0,61.0,154.0,170.0,1179.0,7644600.0
28,RJ Barrett,SG,22.0,NYK,73.0,73.0,2475.0,510.0,1176.0,0.434,121.0,390.0,0.31,389.0,786.0,0.495,0.485,290.0,392.0,0.74,60.0,308.0,368.0,201.0,31.0,15.0,164.0,179.0,1431.0,10900634.0
29,Will Barton,SG,32.0,TOT,56.0,2.0,993.0,138.0,364.0,0.379,66.0,180.0,0.367,72.0,184.0,0.391,0.47,37.0,47.0,0.787,15.0,122.0,137.0,112.0,28.0,13.0,48.0,56.0,379.0,15059712.0
30,Charles Bassey,C,22.0,SAS,35.0,2.0,508.0,87.0,135.0,0.644,3.0,8.0,0.375,84.0,127.0,0.661,0.656,22.0,37.0,0.595,75.0,118.0,193.0,47.0,16.0,33.0,41.0,74.0,199.0,2674742.0
31,Keita Bates-Diop,PF,27.0,SAS,67.0,42.0,1452.0,236.0,465.0,0.508,56.0,142.0,0.394,180.0,323.0,0.557,0.568,119.0,150.0,0.793,65.0,183.0,248.0,103.0,46.0,20.0,56.0,63.0,647.0,1878720.0
32,Nicolas Batum,PF,34.0,LAC,78.0,19.0,1709.0,160.0,381.0,0.42,124.0,317.0,0.391,36.0,64.0,0.563,0.583,34.0,48.0,0.708,62.0,237.0,299.0,121.0,54.0,44.0,50.0,149.0,478.0,19700319.0
33,Darius Bazley,C,22.0,TOT,43.0,1.0,616.0,83.0,183.0,0.454,20.0,53.0,0.377,63.0,130.0,0.485,0.508,38.0,70.0,0.543,34.0,104.0,138.0,38.0,22.0,34.0,27.0,44.0,224.0,4264628.0
34,Bradley Beal,SG,29.0,WAS,50.0,50.0,1673.0,444.0,878.0,0.506,80.0,219.0,0.365,364.0,659.0,0.552,0.551,192.0,228.0,0.842,41.0,155.0,196.0,271.0,45.0,33.0,145.0,107.0,1160.0,43279250.0
35,Malik Beasley,SG,26.0,TOT,81.0,27.0,2093.0,370.0,937.0,0.395,235.0,658.0,0.357,135.0,279.0,0.484,0.52,50.0,65.0,0.769,35.0,248.0,283.0,124.0,65.0,9.0,90.0,107.0,1025.0,15558035.0
36,MarJon Beauchamp,SF,22.0,MIL,52.0,11.0,701.0,96.0,243.0,0.395,47.0,142.0,0.331,49.0,101.0,0.485,0.492,27.0,37.0,0.73,38.0,77.0,115.0,35.0,21.0,7.0,45.0,71.0,266.0,2485200.0
37,Dāvis Bertāns,PF,30.0,DAL,45.0,1.0,492.0,69.0,160.0,0.431,55.0,141.0,0.39,14.0,19.0,0.737,0.603,13.0,15.0,0.867,10.0,43.0,53.0,21.0,11.0,8.0,10.0,53.0,206.0,16000000.0
38,Patrick Beverley,SG-PG,34.0,TOT,67.0,67.0,1816.0,144.0,360.0,0.4,80.0,239.0,0.335,64.0,121.0,0.529,0.511,47.0,65.0,0.723,44.0,203.0,247.0,194.0,63.0,41.0,60.0,187.0,415.0,13801614.0
39,Saddiq Bey,SF,23.0,TOT,77.0,37.0,2129.0,353.0,836.0,0.422,151.0,418.0,0.361,202.0,418.0,0.483,0.513,205.0,238.0,0.861,98.0,264.0,362.0,118.0,70.0,13.0,71.0,123.0,1062.0,2959080.0
40,Khem Birch,C,30.0,TOR,20.0,0.0,162.0,19.0,32.0,0.594,1.0,2.0,0.5,18.0,30.0,0.6,0.609,4.0,5.0,0.8,8.0,17.0,25.0,7.0,5.0,5.0,8.0,24.0,43.0,6667500.0
41,Goga Bitadze,C,23.0,TOT,38.0,1.0,457.0,69.0,125.0,0.552,6.0,26.0,0.231,63.0,99.0,0.636,0.576,23.0,42.0,0.548,61.0,76.0,137.0,39.0,16.0,26.0,22.0,64.0,167.0,5377520.0
42,Bismack Biyombo,C,30.0,PHO,61.0,14.0,874.0,119.0,206.0,0.578,0.0,0.0,0.0,119.0,206.0,0.578,0.578,25.0,70.0,0.357,89.0,171.0,260.0,56.0,18.0,88.0,51.0,114.0,263.0,2905851.0
43,Buddy Boeheim,SF,23.0,DET,10.0,0.0,90.0,5.0,27.0,0.185,4.0,25.0,0.16,1.0,2.0,0.5,0.259,2.0,2.0,1.0,2.0,4.0,6.0,4.0,2.0,0.0,0.0,6.0,16.0,508891.0
44,Bogdan Bogdanović,SG,30.0,ATL,54.0,9.0,1508.0,273.0,611.0,0.447,146.0,360.0,0.406,127.0,251.0,0.506,0.566,64.0,77.0,0.831,23.0,142.0,165.0,150.0,43.0,18.0,65.0,86.0,756.0,18000000.0
45,Bojan Bogdanović,PF,33.0,DET,59.0,59.0,1893.0,430.0,882.0,0.488,145.0,353.0,0.411,285.0,529.0,0.539,0.57,268.0,303.0,0.884,36.0,187.0,223.0,152.0,34.0,8.0,135.0,113.0,1273.0,19550000.0
46,Bol Bol,PF,23.0,ORL,70.0,33.0,1505.0,261.0,478.0,0.546,30.0,113.0,0.265,231.0,365.0,0.633,0.577,82.0,108.0,0.759,69.0,336.0,405.0,69.0,30.0,85.0,112.0,92.0,634.0,2200000.0
47,Leandro Bolmaro,SF,22.0,UTA,14.0,0.0,68.0,3.0,20.0,0.15,0.0,4.0,0.0,3.0,16.0,0.188,0.15,0.0,0.0,0.0,4.0,3.0,7.0,7.0,3.0,1.0,7.0,10.0,6.0,1709300.0
48,Devin Booker,SG,26.0,PHO,53.0,53.0,1835.0,527.0,1067.0,0.494,111.0,316.0,0.351,416.0,751.0,0.554,0.546,306.0,358.0,0.855,46.0,194.0,240.0,293.0,51.0,18.0,145.0,159.0,1471.0,33833400.0
50,Chris Boucher,PF,30.0,TOR,76.0,0.0,1523.0,261.0,529.0,0.493,62.0,189.0,0.328,199.0,340.0,0.585,0.552,128.0,168.0,0.762,157.0,264.0,421.0,29.0,47.0,64.0,41.0,143.0,712.0,12690000.0
51,James Bouknight,SG,22.0,CHO,34.0,0.0,515.0,69.0,193.0,0.358,33.0,109.0,0.303,36.0,84.0,0.429,0.443,20.0,30.0,0.667,8.0,64.0,72.0,41.0,14.0,5.0,32.0,49.0,191.0,4362240.0
52,Jamaree Bouyea,PG,23.0,TOT,5.0,0.0,71.0,6.0,14.0,0.429,2.0,6.0,0.333,4.0,8.0,0.5,0.5,1.0,2.0,0.5,1.0,5.0,6.0,4.0,4.0,2.0,4.0,6.0,15.0,116986.0
53,Tony Bradley,C,25.0,CHI,12.0,0.0,33.0,6.0,12.0,0.5,3.0,5.0,0.6,3.0,7.0,0.429,0.625,4.0,4.0,1.0,1.0,10.0,11.0,1.0,1.0,1.0,1.0,2.0,19.0,2036318.0
54,Malaki Branham,SG,19.0,SAS,66.0,32.0,1550.0,269.0,611.0,0.44,77.0,255.0,0.302,192.0,356.0,0.539,0.503,58.0,70.0,0.829,28.0,153.0,181.0,127.0,33.0,7.0,76.0,115.0,673.0,2925600.0
55,Jarrell Brantley,PF,26.0,UTA,4.0,0.0,39.0,8.0,14.0,0.571,4.0,9.0,0.444,4.0,5.0,0.8,0.714,2.0,2.0,1.0,1.0,5.0,6.0,3.0,0.0,2.0,2.0,3.0,22.0,105522.0
56,Christian Braun,SG,21.0,DEN,76.0,6.0,1181.0,143.0,289.0,0.495,34.0,96.0,0.354,109.0,193.0,0.565,0.554,40.0,64.0,0.625,48.0,133.0,181.0,59.0,41.0,17.0,35.0,101.0,360.0,2808600.0
57,Mikal Bridges,SF-SG,26.0,TOT,83.0,83.0,2963.0,593.0,1267.0,0.468,169.0,442.0,0.382,424.0,825.0,0.514,0.535,316.0,353.0,0.895,79.0,285.0,364.0,273.0,91.0,61.0,127.0,159.0,1671.0,20100000.0
58,Oshae Brissett,PF,24.0,IND,65.0,2.0,1083.0,123.0,319.0,0.386,48.0,155.0,0.31,75.0,164.0,0.457,0.461,104.0,145.0,0.717,62.0,156.0,218.0,44.0,33.0,13.0,34.0,79.0,398.0,1846738.0
59,Malcolm Brogdon,PG,30.0,BOS,67.0,0.0,1744.0,354.0,732.0,0.484,132.0,297.0,0.444,222.0,435.0,0.51,0.574,160.0,184.0,0.87,42.0,238.0,280.0,248.0,45.0,18.0,98.0,109.0,1000.0,22600000.0
60,Dillon Brooks,SF,27.0,MEM,73.0,73.0,2214.0,392.0,991.0,0.396,143.0,439.0,0.326,249.0,552.0,0.451,0.468,120.0,154.0,0.779,45.0,199.0,244.0,189.0,65.0,16.0,104.0,240.0,1047.0,11400000.0
61,Bruce Brown,SF,26.0,DEN,80.0,31.0,2280.0,358.0,741.0,0.483,91.0,254.0,0.358,267.0,487.0,0.548,0.545,116.0,153.0,0.758,63.0,265.0,328.0,268.0,87.0,51.0,123.0,190.0,923.0,6479000.0
62,Greg Brown III,PF,21.0,POR,16.0,0.0,93.0,11.0,28.0,0.393,1.0,7.0,0.143,10.0,21.0,0.476,0.411,5.0,12.0,0.417,2.0,17.0,19.0,3.0,4.0,5.0,6.0,13.0,28.0,1563518.0
63,Jaylen Brown,SF,26.0,BOS,67.0,67.0,2405.0,679.0,1383.0,0.491,163.0,487.0,0.335,516.0,896.0,0.576,0.55,263.0,344.0,0.765,78.0,381.0,459.0,232.0,75.0,26.0,197.0,172.0,1784.0,29776785.0
64,Kendall Brown,SG,19.0,IND,6.0,0.0,40.0,4.0,7.0,0.571,0.0,1.0,0.0,4.0,6.0,0.667,0.571,1.0,2.0,0.5,2.0,4.0,6.0,3.0,4.0,0.0,2.0,9.0,9.0,508891.0
65,Moses Brown,C,23.0,TOT,36.0,1.0,294.0,61.0,96.0,0.635,0.0,0.0,0.0,61.0,96.0,0.635,0.635,33.0,72.0,0.458,57.0,82.0,139.0,4.0,4.0,14.0,15.0,39.0,155.0,824041.0
66,Sterling Brown,SF,27.0,LAL,4.0,0.0,24.0,0.0,4.0,0.0,0.0,2.0,0.0,0.0,2.0,0.0,0.0,0.0,0.0,0.0,3.0,5.0,8.0,2.0,3.0,0.0,0.0,4.0,0.0,3122602.0
67,Troy Brown Jr.,SF,23.0,LAL,76.0,45.0,1860.0,200.0,465.0,0.43,107.0,281.0,0.381,93.0,184.0,0.505,0.545,34.0,39.0,0.872,62.0,246.0,308.0,95.0,59.0,16.0,49.0,120.0,541.0,1968175.0
68,Jalen Brunson,PG,26.0,NYK,68.0,68.0,2379.0,587.0,1195.0,0.491,134.0,322.0,0.416,453.0,873.0,0.519,0.547,325.0,392.0,0.829,40.0,201.0,241.0,421.0,61.0,15.0,142.0,152.0,1633.0,27733332.0
69,Thomas Bryant,C,25.0,TOT,59.0,26.0,1081.0,230.0,369.0,0.623,26.0,59.0,0.441,204.0,310.0,0.658,0.659,93.0,126.0,0.738,86.0,253.0,339.0,31.0,16.0,30.0,38.0,102.0,579.0,1968175.0
70,Reggie Bullock,SF,31.0,DAL,78.0,55.0,2364.0,192.0,470.0,0.409,151.0,397.0,0.38,41.0,73.0,0.562,0.569,26.0,37.0,0.703,32.0,251.0,283.0,108.0,54.0,13.0,36.0,166.0,561.0,10012800.0
71,Alec Burks,SG,31.0,DET,51.0,8.0,1122.0,200.0,459.0,0.436,99.0,239.0,0.414,101.0,220.0,0.459,0.544,153.0,188.0,0.814,19.0,139.0,158.0,114.0,38.0,8.0,58.0,98.0,652.0,10012800.0
72,Deonte Burton,PF,29.0,SAC,2.0,0.0,6.0,0.0,2.0,0.0,0.0,1.0,0.0,0.0,1.0,0.0,0.0,0.0,0.0,0.0,0.0,0.0,0.0,0.0,0.0,0.0,0.0,0.0,0.0,105522.0
73,Jared Butler,PG,22.0,OKC,6.0,1.0,77.0,15.0,32.0,0.469,7.0,14.0,0.5,8.0,18.0,0.444,0.578,0.0,0.0,0.0,1.0,3.0,4.0,8.0,5.0,0.0,5.0,5.0,37.0,1674655.0
74,Jimmy Butler,PF,33.0,MIA,64.0,64.0,2138.0,479.0,888.0,0.539,36.0,103.0,0.35,443.0,785.0,0.564,0.56,472.0,555.0,0.85,141.0,234.0,375.0,340.0,117.0,21.0,101.0,80.0,1466.0,37653300.0
75,John Butler,C,20.0,POR,19.0,1.0,221.0,17.0,53.0,0.321,8.0,35.0,0.229,9.0,18.0,0.5,0.396,3.0,4.0,0.75,3.0,14.0,17.0,11.0,7.0,9.0,1.0,22.0,45.0,503041.0
76,Jamal Cain,PF,23.0,MIA,18.0,0.0,240.0,37.0,66.0,0.561,7.0,20.0,0.35,30.0,46.0,0.652,0.614,17.0,22.0,0.773,15.0,37.0,52.0,12.0,11.0,1.0,6.0,21.0,98.0,508891.0
77,Kentavious Caldwell-Pope,SG,29.0,DEN,76.0,76.0,2381.0,292.0,632.0,0.462,135.0,319.0,0.423,157.0,313.0,0.502,0.569,103.0,125.0,0.824,35.0,173.0,208.0,183.0,112.0,35.0,86.0,145.0,822.0,14004703.0
78,Facundo Campazzo,PG,31.0,DAL,8.0,0.0,52.0,3.0,13.0,0.231,3.0,11.0,0.273,0.0,2.0,0.0,0.346,1.0,2.0,0.5,0.0,2.0,2.0,9.0,6.0,0.0,3.0,3.0,10.0,464299.0
79,Vlatko Čančar,PF,25.0,DEN,60.0,9.0,889.0,108.0,227.0,0.476,43.0,115.0,0.374,65.0,112.0,0.58,0.57,38.0,41.0,0.927,24.0,104.0,128.0,80.0,22.0,14.0,37.0,84.0,297.0,2234359.0
80,Clint Capela,C,28.0,ATL,65.0,63.0,1730.0,350.0,536.0,0.653,0.0,1.0,0.0,350.0,535.0,0.654,0.653,79.0,131.0,0.603,258.0,459.0,717.0,58.0,45.0,79.0,54.0,139.0,779.0,18206896.0
81,Vernon Carey Jr.,C,21.0,WAS,11.0,0.0,28.0,2.0,8.0,0.25,0.0,0.0,0.0,2.0,8.0,0.25,0.25,2.0,2.0,1.0,3.0,8.0,11.0,3.0,2.0,2.0,2.0,5.0,6.0,1882621.0
82,Jevon Carter,PG,27.0,MIL,81.0,39.0,1810.0,239.0,565.0,0.423,142.0,337.0,0.421,97.0,228.0,0.425,0.549,31.0,38.0,0.816,35.0,167.0,202.0,197.0,66.0,29.0,78.0,158.0,651.0,6025000.0
83,Wendell Carter Jr.,C,23.0,ORL,57.0,54.0,1690.0,322.0,613.0,0.525,80.0,225.0,0.356,242.0,388.0,0.624,0.591,144.0,195.0,0.738,120.0,377.0,497.0,132.0,30.0,33.0,106.0,159.0,868.0,14150000.0
84,Michael Carter-Williams,PG,31.0,ORL,4.0,0.0,44.0,6.0,14.0,0.429,1.0,3.0,0.333,5.0,11.0,0.455,0.464,4.0,7.0,0.571,1.0,4.0,5.0,7.0,1.0,1.0,4.0,5.0,17.0,652829.0
85,Alex Caruso,PG,28.0,CHI,67.0,36.0,1575.0,130.0,286.0,0.455,55.0,151.0,0.364,75.0,135.0,0.556,0.551,59.0,73.0,0.808,42.0,154.0,196.0,193.0,98.0,46.0,77.0,159.0,374.0,9030000.0
86,Julian Champagnie,SF,21.0,TOT,17.0,3.0,320.0,59.0,130.0,0.454,33.0,82.0,0.402,26.0,48.0,0.542,0.581,14.0,17.0,0.824,10.0,50.0,60.0,10.0,6.0,5.0,11.0,26.0,165.0,508891.0
87,Justin Champagnie,SF,21.0,TOT,5.0,0.0,34.0,5.0,15.0,0.333,1.0,5.0,0.2,4.0,10.0,0.4,0.367,0.0,0.0,0.0,3.0,5.0,8.0,4.0,1.0,0.0,0.0,2.0,11.0,853241.0
88,Kennedy Chandler,PG,20.0,MEM,36.0,0.0,281.0,35.0,83.0,0.422,2.0,15.0,0.133,33.0,68.0,0.485,0.434,6.0,13.0,0.462,9.0,29.0,38.0,58.0,12.0,5.0,18.0,15.0,78.0,1200000.0
89,Max Christie,SG,19.0,LAL,41.0,3.0,512.0,44.0,106.0,0.415,26.0,62.0,0.419,18.0,44.0,0.409,0.538,14.0,16.0,0.875,7.0,68.0,75.0,21.0,9.0,7.0,13.0,33.0,128.0,1017781.0
90,Josh Christopher,SG,21.0,HOU,64.0,2.0,786.0,153.0,329.0,0.465,21.0,89.0,0.236,132.0,240.0,0.55,0.497,45.0,60.0,0.75,20.0,51.0,71.0,73.0,33.0,15.0,60.0,59.0,372.0,2372160.0
91,Brandon Clarke,PF,26.0,MEM,56.0,8.0,1090.0,229.0,349.0,0.656,1.0,6.0,0.167,228.0,343.0,0.665,0.658,99.0,137.0,0.723,92.0,218.0,310.0,72.0,34.0,37.0,55.0,131.0,558.0,4343919.0
92,Jordan Clarkson,SG,30.0,UTA,61.0,61.0,1988.0,458.0,1031.0,0.444,155.0,459.0,0.338,303.0,572.0,0.53,0.519,200.0,245.0,0.816,72.0,174.0,246.0,270.0,33.0,13.0,186.0,120.0,1271.0,13340000.0
93,Nic Claxton,C,23.0,BRK,76.0,76.0,2271.0,414.0,587.0,0.705,0.0,2.0,0.0,414.0,585.0,0.708,0.705,133.0,246.0,0.541,184.0,518.0,702.0,144.0,65.0,189.0,96.0,212.0,961.0,9350000.0
94,Amir Coffey,SF,25.0,LAC,50.0,9.0,625.0,56.0,145.0,0.386,11.0,40.0,0.275,45.0,105.0,0.429,0.424,49.0,63.0,0.778,17.0,36.0,53.0,53.0,7.0,5.0,21.0,50.0,172.0,3395062.0
95,John Collins,PF,25.0,ATL,71.0,71.0,2130.0,359.0,707.0,0.508,70.0,240.0,0.292,289.0,467.0,0.619,0.557,143.0,178.0,0.803,77.0,385.0,462.0,85.0,42.0,73.0,79.0,220.0,931.0,23500000.0
96,Zach Collins,C,25.0,SAS,63.0,26.0,1441.0,284.0,548.0,0.518,55.0,147.0,0.374,229.0,401.0,0.571,0.568,108.0,142.0,0.761,116.0,286.0,402.0,180.0,37.0,49.0,129.0,199.0,731.0,7350000.0
98,Mike Conley,PG,35.0,TOT,67.0,66.0,2029.0,261.0,610.0,0.428,135.0,351.0,0.385,126.0,259.0,0.486,0.539,141.0,169.0,0.834,33.0,149.0,182.0,450.0,73.0,14.0,103.0,139.0,798.0,22680000.0
99,Pat Connaughton,SF,30.0,MIL,61.0,33.0,1443.0,165.0,421.0,0.392,109.0,322.0,0.339,56.0,99.0,0.566,0.521,27.0,41.0,0.659,50.0,233.0,283.0,77.0,37.0,11.0,33.0,69.0,466.0,5728393.0
100,Xavier Cooks,PF,27.0,WAS,10.0,1.0,126.0,17.0,28.0,0.607,0.0,1.0,0.0,17.0,27.0,0.63,0.607,4.0,10.0,0.4,16.0,22.0,38.0,6.0,6.0,4.0,8.0,13.0,38.0,140384.0
101,Robert Covington,PF,32.0,LAC,48.0,0.0,779.0,102.0,229.0,0.445,54.0,136.0,0.397,48.0,93.0,0.516,0.563,30.0,40.0,0.75,31.0,135.0,166.0,57.0,38.0,33.0,32.0,86.0,288.0,12307692.0
102,Torrey Craig,PF,32.0,PHO,79.0,60.0,1948.0,228.0,500.0,0.456,100.0,253.0,0.395,128.0,247.0,0.518,0.556,32.0,45.0,0.711,145.0,281.0,426.0,117.0,50.0,62.0,73.0,179.0,588.0,5121951.0
103,Jae Crowder,PF,32.0,MIL,18.0,3.0,340.0,45.0,94.0,0.479,24.0,55.0,0.436,21.0,39.0,0.538,0.606,10.0,12.0,0.833,17.0,52.0,69.0,27.0,12.0,6.0,7.0,27.0,124.0,10183800.0
104,Jarrett Culver,SF,23.0,ATL,10.0,1.0,137.0,17.0,43.0,0.395,1.0,12.0,0.083,16.0,31.0,0.516,0.407,9.0,13.0,0.692,10.0,28.0,38.0,6.0,6.0,2.0,7.0,14.0,44.0,260295.0
105,Cade Cunningham,PG,21.0,DET,12.0,12.0,400.0,93.0,224.0,0.415,17.0,61.0,0.279,76.0,163.0,0.466,0.453,36.0,43.0,0.837,12.0,62.0,74.0,72.0,10.0,7.0,39.0,34.0,239.0,10552800.0
106,Seth Curry,SG,32.0,BRK,61.0,7.0,1211.0,208.0,449.0,0.463,94.0,232.0,0.405,114.0,217.0,0.525,0.568,51.0,55.0,0.927,13.0,87.0,100.0,99.0,36.0,7.0,51.0,96.0,561.0,8496653.0
107,Stephen Curry,PG,34.0,GSW,56.0,56.0,1941.0,559.0,1133.0,0.493,273.0,639.0,0.427,286.0,494.0,0.579,0.614,257.0,281.0,0.915,39.0,302.0,341.0,352.0,52.0,20.0,179.0,117.0,1648.0,48070014.0
108,Dyson Daniels,PG,19.0,NOP,59.0,11.0,1042.0,87.0,208.0,0.418,27.0,86.0,0.314,60.0,122.0,0.492,0.483,26.0,40.0,0.65,36.0,152.0,188.0,134.0,43.0,11.0,57.0,99.0,227.0,5508600.0
109,Anthony Davis,C,29.0,LAL,56.0,54.0,1904.0,542.0,962.0,0.563,19.0,74.0,0.257,523.0,888.0,0.589,0.573,348.0,444.0,0.784,195.0,507.0,702.0,148.0,59.0,114.0,122.0,146.0,1451.0,37980720.0
110,Johnny Davis,SG,20.0,WAS,28.0,5.0,423.0,66.0,171.0,0.386,17.0,70.0,0.243,49.0,101.0,0.485,0.436,14.0,27.0,0.519,10.0,55.0,65.0,28.0,10.0,8.0,17.0,48.0,163.0,4810320.0
111,Terence Davis,SG,25.0,SAC,64.0,5.0,841.0,154.0,364.0,0.423,89.0,243.0,0.366,65.0,121.0,0.537,0.545,34.0,43.0,0.791,20.0,119.0,139.0,67.0,43.0,12.0,53.0,104.0,431.0,4000000.0
112,JD Davison,SG,20.0,BOS,12.0,0.0,66.0,8.0,19.0,0.421,2.0,7.0,0.286,6.0,12.0,0.5,0.474,1.0,2.0,0.5,2.0,7.0,9.0,11.0,2.0,2.0,4.0,5.0,19.0,508891.0
113,Darius Days,SF,23.0,HOU,4.0,0.0,25.0,5.0,12.0,0.417,3.0,10.0,0.3,2.0,2.0,1.0,0.542,2.0,2.0,1.0,1.0,5.0,6.0,1.0,0.0,1.0,0.0,2.0,15.0,508891.0
114,Dewayne Dedmon,C,33.0,TOT,38.0,1.0,426.0,77.0,151.0,0.51,12.0,39.0,0.308,65.0,112.0,0.58,0.55,33.0,49.0,0.673,34.0,100.0,134.0,26.0,9.0,19.0,25.0,75.0,199.0,8283688.0
115,Matthew Dellavedova,PG,32.0,SAC,32.0,0.0,213.0,17.0,50.0,0.34,9.0,27.0,0.333,8.0,23.0,0.348,0.43,4.0,7.0,0.571,1.0,12.0,13.0,41.0,7.0,0.0,10.0,20.0,47.0,2628597.0
116,DeMar DeRozan,SF,33.0,CHI,74.0,74.0,2682.0,657.0,1303.0,0.504,46.0,142.0,0.324,611.0,1161.0,0.526,0.522,456.0,523.0,0.872,34.0,309.0,343.0,377.0,83.0,36.0,153.0,186.0,1816.0,27300000.0
117,Moussa Diabaté,C,21.0,LAC,22.0,1.0,195.0,24.0,47.0,0.511,1.0,2.0,0.5,23.0,45.0,0.511,0.521,10.0,16.0,0.625,31.0,19.0,50.0,4.0,7.0,8.0,9.0,15.0,59.0,508891.0
118,Mamadi Diakite,C,26.0,CLE,22.0,2.0,176.0,24.0,50.0,0.48,7.0,21.0,0.333,17.0,29.0,0.586,0.55,2.0,2.0,1.0,8.0,22.0,30.0,8.0,4.0,9.0,12.0,26.0,57.0,508891.0
119,Hamidou Diallo,SF,24.0,DET,56.0,0.0,996.0,215.0,375.0,0.573,5.0,21.0,0.238,210.0,354.0,0.593,0.58,87.0,148.0,0.588,57.0,137.0,194.0,55.0,53.0,16.0,71.0,124.0,522.0,5200000.0
120,Gorgui Dieng,C,33.0,SAS,31.0,1.0,358.0,45.0,117.0,0.385,21.0,75.0,0.28,24.0,42.0,0.571,0.474,10.0,13.0,0.769,27.0,80.0,107.0,53.0,4.0,14.0,32.0,57.0,121.0,4105236.0
121,Ousmane Dieng,PF,19.0,OKC,39.0,1.0,569.0,76.0,181.0,0.42,26.0,98.0,0.265,50.0,83.0,0.602,0.492,15.0,23.0,0.652,19.0,86.0,105.0,46.0,14.0,7.0,26.0,42.0,193.0,4569840.0
122,Spencer Dinwiddie,SG-PG,29.0,TOT,79.0,79.0,2725.0,460.0,1050.0,0.438,181.0,490.0,0.369,279.0,560.0,0.498,0.524,268.0,330.0,0.812,28.0,242.0,270.0,515.0,67.0,24.0,145.0,187.0,1369.0,19500000.0
123,Donte DiVincenzo,SG,26.0,GSW,72.0,36.0,1894.0,235.0,540.0,0.435,150.0,378.0,0.397,85.0,162.0,0.525,0.574,58.0,71.0,0.817,80.0,245.0,325.0,252.0,97.0,10.0,112.0,133.0,678.0,4500000.0
124,Luka Dončić,PG,23.0,DAL,66.0,66.0,2391.0,719.0,1449.0,0.496,185.0,541.0,0.342,534.0,908.0,0.588,0.56,515.0,694.0,0.742,54.0,515.0,569.0,529.0,90.0,33.0,236.0,166.0,2138.0,37096500.0
125,Tyler Dorsey,SF,26.0,DAL,3.0,0.0,8.0,4.0,5.0,0.8,1.0,2.0,0.5,3.0,3.0,1.0,0.9,0.0,0.0,0.0,1.0,1.0,2.0,0.0,0.0,0.0,0.0,0.0,9.0,201802.0
126,Luguentz Dort,SF,23.0,OKC,74.0,73.0,2272.0,339.0,873.0,0.388,135.0,409.0,0.33,204.0,464.0,0.44,0.466,200.0,259.0,0.772,128.0,216.0,344.0,154.0,75.0,23.0,92.0,243.0,1013.0,15277778.0
127,Ayo Dosunmu,SG,23.0,CHI,80.0,51.0,2098.0,281.0,570.0,0.493,59.0,189.0,0.312,222.0,381.0,0.583,0.545,66.0,82.0,0.805,45.0,175.0,220.0,206.0,62.0,26.0,99.0,182.0,687.0,1563518.0
128,Devon Dotson,PG,23.0,WAS,6.0,0.0,53.0,1.0,10.0,0.1,1.0,4.0,0.25,0.0,6.0,0.0,0.15,0.0,0.0,0.0,6.0,4.0,10.0,8.0,5.0,0.0,3.0,9.0,3.0,169630.0
129,Jeff Dowtin,PG,25.0,TOR,25.0,0.0,259.0,25.0,57.0,0.439,5.0,16.0,0.313,20.0,41.0,0.488,0.482,6.0,9.0,0.667,6.0,17.0,23.0,31.0,9.0,3.0,5.0,13.0,61.0,508891.0
130,PJ Dozier,SF,26.0,SAC,16.0,0.0,79.0,10.0,33.0,0.303,2.0,16.0,0.125,8.0,17.0,0.471,0.333,0.0,0.0,0.0,1.0,13.0,14.0,10.0,6.0,1.0,5.0,7.0,22.0,784654.0
131,Goran Dragić,PG,36.0,TOT,58.0,0.0,870.0,141.0,335.0,0.421,52.0,145.0,0.359,89.0,190.0,0.468,0.499,31.0,45.0,0.689,16.0,65.0,81.0,151.0,13.0,4.0,63.0,65.0,365.0,3523762.0
132,Andre Drummond,C,29.0,CHI,67.0,0.0,849.0,166.0,274.0,0.606,0.0,3.0,0.0,166.0,271.0,0.613,0.606,67.0,125.0,0.536,138.0,306.0,444.0,33.0,45.0,27.0,75.0,117.0,399.0,3200000.0
133,Chris Duarte,SF,25.0,IND,46.0,12.0,897.0,123.0,333.0,0.369,55.0,174.0,0.316,68.0,159.0,0.428,0.452,61.0,72.0,0.847,19.0,96.0,115.0,64.0,25.0,9.0,41.0,65.0,362.0,3936960.0
134,David Duke Jr.,SG,23.0,BRK,23.0,0.0,228.0,36.0,78.0,0.462,1.0,12.0,0.083,35.0,66.0,0.53,0.468,12.0,17.0,0.706,11.0,18.0,29.0,21.0,10.0,1.0,18.0,31.0,85.0,531283.0
135,Kris Dunn,PG,28.0,UTA,22.0,3.0,568.0,116.0,216.0,0.537,17.0,36.0,0.472,99.0,180.0,0.55,0.576,41.0,53.0,0.774,9.0,91.0,100.0,124.0,25.0,10.0,35.0,58.0,290.0,1000001.0
136,Kevin Durant,PF,34.0,TOT,47.0,47.0,1672.0,483.0,862.0,0.56,93.0,230.0,0.404,390.0,632.0,0.617,0.614,307.0,334.0,0.919,17.0,296.0,313.0,235.0,34.0,67.0,156.0,99.0,1366.0,44119845.0
137,Jalen Duren,C,19.0,DET,67.0,31.0,1670.0,258.0,398.0,0.648,0.0,2.0,0.0,258.0,396.0,0.652,0.648,96.0,157.0,0.611,229.0,366.0,595.0,75.0,44.0,59.0,92.0,182.0,612.0,4124280.0
138,Tari Eason,PF,21.0,HOU,82.0,5.0,1767.0,296.0,660.0,0.448,59.0,172.0,0.343,237.0,488.0,0.486,0.493,109.0,145.0,0.752,195.0,301.0,496.0,88.0,96.0,47.0,101.0,189.0,760.0,3359160.0
139,Anthony Edwards,SG,21.0,MIN,79.0,79.0,2842.0,707.0,1541.0,0.459,213.0,578.0,0.369,494.0,963.0,0.513,0.528,319.0,422.0,0.756,47.0,411.0,458.0,350.0,125.0,58.0,259.0,186.0,1946.0,10733400.0
140,Kessler Edwards,SF,22.0,TOT,36.0,4.0,385.0,36.0,93.0,0.387,17.0,55.0,0.309,19.0,38.0,0.5,0.478,11.0,15.0,0.733,23.0,38.0,61.0,23.0,14.0,6.0,13.0,40.0,100.0,1637966.0
141,Keon Ellis,SG,23.0,SAC,16.0,0.0,71.0,7.0,16.0,0.438,6.0,12.0,0.5,1.0,4.0,0.25,0.625,4.0,7.0,0.571,4.0,4.0,8.0,6.0,5.0,1.0,1.0,10.0,24.0,508891.0
142,Joel Embiid,C,28.0,PHI,66.0,66.0,2284.0,728.0,1328.0,0.548,66.0,200.0,0.33,662.0,1128.0,0.587,0.573,661.0,771.0,0.857,113.0,557.0,670.0,274.0,66.0,112.0,226.0,205.0,2183.0,33616770.0
143,Drew Eubanks,C,25.0,POR,78.0,28.0,1584.0,214.0,334.0,0.641,7.0,18.0,0.389,207.0,316.0,0.655,0.651,83.0,125.0,0.664,132.0,286.0,418.0,103.0,40.0,102.0,67.0,169.0,518.0,1968175.0
144,Bruno Fernando,C,24.0,TOT,39.0,4.0,405.0,59.0,112.0,0.527,0.0,4.0,0.0,59.0,108.0,0.546,0.527,35.0,50.0,0.7,54.0,83.0,137.0,31.0,6.0,34.0,25.0,74.0,153.0,2717391.0
145,Dorian Finney-Smith,PF,29.0,TOT,66.0,66.0,2009.0,196.0,501.0,0.391,114.0,338.0,0.337,82.0,163.0,0.503,0.505,45.0,59.0,0.763,114.0,202.0,316.0,100.0,55.0,36.0,62.0,144.0,551.0,12939848.0
146,Malachi Flynn,PG,24.0,TOR,53.0,2.0,691.0,87.0,242.0,0.36,47.0,133.0,0.353,40.0,109.0,0.367,0.457,25.0,33.0,0.758,15.0,61.0,76.0,70.0,21.0,4.0,25.0,65.0,246.0,2145720.0
147,Simone Fontecchio,SF,27.0,UTA,52.0,6.0,766.0,115.0,312.0,0.369,63.0,191.0,0.33,52.0,121.0,0.43,0.47,35.0,44.0,0.795,31.0,55.0,86.0,42.0,15.0,8.0,39.0,62.0,328.0,3205128.0
148,Bryn Forbes,SG,29.0,MIN,25.0,0.0,268.0,30.0,83.0,0.361,14.0,46.0,0.304,16.0,37.0,0.432,0.446,15.0,15.0,1.0,4.0,11.0,15.0,17.0,7.0,2.0,12.0,22.0,89.0,2298385.0
149,Trent Forrest,SG,24.0,ATL,23.0,3.0,277.0,25.0,60.0,0.417,0.0,2.0,0.0,25.0,58.0,0.431,0.417,2.0,3.0,0.667,5.0,32.0,37.0,38.0,7.0,2.0,15.0,17.0,52.0,508891.0
150,Michael Foster Jr.,PF,20.0,PHI,1.0,0.0,1.0,0.0,0.0,0.0,0.0,0.0,0.0,0.0,0.0,0.0,0.0,0.0,0.0,0.0,0.0,0.0,0.0,0.0,0.0,0.0,0.0,0.0,0.0,106288.0
151,Evan Fournier,SG,30.0,NYK,27.0,7.0,459.0,56.0,166.0,0.337,35.0,114.0,0.307,21.0,52.0,0.404,0.443,18.0,21.0,0.857,4.0,45.0,49.0,36.0,16.0,3.0,22.0,46.0,165.0,18000000.0
152,De'Aaron Fox,PG,25.0,SAC,73.0,73.0,2435.0,682.0,1331.0,0.512,119.0,367.0,0.324,563.0,964.0,0.584,0.557,343.0,440.0,0.78,40.0,266.0,306.0,447.0,83.0,23.0,181.0,172.0,1826.0,30351780.0
153,Markelle Fultz,PG,24.0,ORL,60.0,60.0,1778.0,349.0,679.0,0.514,27.0,87.0,0.31,322.0,592.0,0.544,0.534,112.0,143.0,0.783,69.0,165.0,234.0,341.0,87.0,26.0,139.0,131.0,837.0,16500000.0
154,Wenyen Gabriel,C,25.0,LAL,68.0,2.0,1024.0,155.0,260.0,0.596,10.0,36.0,0.278,145.0,224.0,0.647,0.615,52.0,84.0,0.619,116.0,170.0,286.0,36.0,26.0,35.0,46.0,144.0,372.0,1878720.0
155,Daniel Gafford,C,24.0,WAS,78.0,47.0,1604.0,289.0,395.0,0.732,0.0,0.0,0.0,289.0,395.0,0.732,0.732,127.0,187.0,0.679,163.0,270.0,433.0,84.0,33.0,99.0,85.0,187.0,705.0,1930681.0
156,Darius Garland,PG,23.0,CLE,69.0,69.0,2447.0,522.0,1129.0,0.462,169.0,412.0,0.41,353.0,717.0,0.492,0.537,277.0,321.0,0.863,28.0,157.0,185.0,538.0,85.0,9.0,199.0,148.0,1490.0,8920794.0
157,Usman Garuba,C,20.0,HOU,75.0,1.0,970.0,86.0,177.0,0.486,24.0,59.0,0.407,62.0,118.0,0.525,0.554,29.0,47.0,0.617,120.0,187.0,307.0,64.0,44.0,29.0,47.0,135.0,225.0,2471160.0
158,Luka Garza,C,24.0,MIN,28.0,0.0,243.0,63.0,116.0,0.543,14.0,39.0,0.359,49.0,77.0,0.636,0.603,41.0,52.0,0.788,33.0,30.0,63.0,18.0,3.0,2.0,14.0,43.0,181.0,508891.0
159,Rudy Gay,PF,36.0,UTA,56.0,0.0,816.0,109.0,287.0,0.38,33.0,130.0,0.254,76.0,157.0,0.484,0.437,42.0,49.0,0.857,33.0,130.0,163.0,57.0,19.0,18.0,37.0,68.0,293.0,6184500.0
160,Paul George,SF,32.0,LAC,56.0,56.0,1939.0,459.0,1004.0,0.457,158.0,426.0,0.371,301.0,578.0,0.521,0.536,256.0,294.0,0.871,45.0,297.0,342.0,288.0,83.0,20.0,176.0,159.0,1332.0,42492492.0
161,Taj Gibson,C,37.0,WAS,49.0,2.0,480.0,65.0,125.0,0.52,8.0,24.0,0.333,57.0,101.0,0.564,0.552,30.0,42.0,0.714,32.0,61.0,93.0,34.0,15.0,12.0,26.0,84.0,168.0,2905851.0
162,Josh Giddey,PF,20.0,OKC,76.0,76.0,2367.0,539.0,1118.0,0.482,76.0,234.0,0.325,463.0,884.0,0.524,0.516,106.0,145.0,0.731,148.0,451.0,599.0,469.0,57.0,31.0,211.0,143.0,1260.0,6287400.0
163,Shai Gilgeous-Alexander,PG,24.0,OKC,68.0,68.0,2416.0,704.0,1381.0,0.51,58.0,168.0,0.345,646.0,1213.0,0.533,0.531,669.0,739.0,0.905,59.0,270.0,329.0,371.0,112.0,65.0,192.0,192.0,2135.0,30913750.0
164,Anthony Gill,PF,30.0,WAS,59.0,8.0,624.0,71.0,132.0,0.538,4.0,29.0,0.138,67.0,103.0,0.65,0.553,49.0,67.0,0.731,37.0,62.0,99.0,34.0,7.0,12.0,15.0,70.0,195.0,1836090.0
165,Jacob Gilyard,PG,24.0,MEM,1.0,0.0,41.0,1.0,3.0,0.333,1.0,3.0,0.333,0.0,0.0,0.0,0.5,0.0,0.0,0.0,0.0,4.0,4.0,7.0,3.0,0.0,2.0,3.0,3.0,5849.0
166,Rudy Gobert,C,30.0,MIN,70.0,70.0,2148.0,360.0,546.0,0.659,0.0,3.0,0.0,360.0,543.0,0.663,0.659,219.0,340.0,0.644,231.0,583.0,814.0,87.0,56.0,95.0,122.0,210.0,939.0,38172414.0
167,Jordan Goodwin,PG,24.0,WAS,62.0,7.0,1106.0,158.0,353.0,0.448,38.0,118.0,0.322,120.0,235.0,0.511,0.501,53.0,69.0,0.768,57.0,148.0,205.0,168.0,58.0,26.0,57.0,95.0,407.0,1280206.0
168,Aaron Gordon,PF,27.0,DEN,68.0,68.0,2055.0,429.0,761.0,0.564,60.0,173.0,0.347,369.0,588.0,0.628,0.603,191.0,314.0,0.608,164.0,282.0,446.0,203.0,54.0,51.0,98.0,129.0,1109.0,20690909.0
169,Eric Gordon,SG,34.0,TOT,69.0,58.0,1965.0,291.0,653.0,0.446,132.0,356.0,0.371,159.0,297.0,0.535,0.547,142.0,173.0,0.821,16.0,118.0,134.0,183.0,43.0,25.0,104.0,78.0,856.0,19568360.0
170,Devonte' Graham,PG,27.0,TOT,73.0,8.0,1338.0,161.0,431.0,0.374,119.0,338.0,0.352,42.0,93.0,0.452,0.512,98.0,131.0,0.748,19.0,103.0,122.0,196.0,45.0,16.0,53.0,79.0,539.0,11550000.0
171,Jerami Grant,PF,28.0,POR,63.0,63.0,2246.0,434.0,913.0,0.475,144.0,359.0,0.401,290.0,554.0,0.523,0.554,278.0,342.0,0.813,53.0,230.0,283.0,150.0,51.0,53.0,116.0,152.0,1290.0,20955000.0
172,RaiQuan Gray,PF,23.0,BRK,1.0,0.0,35.0,6.0,12.0,0.5,2.0,5.0,0.4,4.0,7.0,0.571,0.583,2.0,2.0,1.0,3.0,6.0,9.0,7.0,0.0,1.0,4.0,5.0,16.0,5849.0
173,A.J. Green,SG,23.0,MIL,35.0,1.0,345.0,53.0,125.0,0.424,44.0,105.0,0.419,9.0,20.0,0.45,0.6,4.0,4.0,1.0,6.0,39.0,45.0,22.0,6.0,0.0,9.0,31.0,154.0,508891.0
174,Danny Green,SG,35.0,TOT,11.0,0.0,138.0,22.0,49.0,0.449,16.0,37.0,0.432,6.0,12.0,0.5,0.612,1.0,1.0,1.0,3.0,11.0,14.0,6.0,6.0,3.0,10.0,16.0,61.0,11710528.0
175,Draymond Green,PF,32.0,GSW,73.0,73.0,2297.0,250.0,474.0,0.527,40.0,131.0,0.305,210.0,343.0,0.612,0.57,77.0,108.0,0.713,66.0,459.0,525.0,500.0,74.0,60.0,204.0,229.0,617.0,25806468.0
176,Jalen Green,SG,20.0,HOU,76.0,76.0,2602.0,566.0,1359.0,0.416,187.0,554.0,0.338,379.0,805.0,0.471,0.485,364.0,463.0,0.786,43.0,241.0,284.0,281.0,59.0,18.0,200.0,131.0,1683.0,9441840.0
177,JaMychal Green,PF,32.0,GSW,57.0,1.0,797.0,136.0,252.0,0.54,42.0,111.0,0.378,94.0,141.0,0.667,0.623,52.0,67.0,0.776,72.0,133.0,205.0,51.0,25.0,23.0,52.0,105.0,366.0,8200000.0
178,Javonte Green,SF,29.0,CHI,32.0,1.0,480.0,61.0,108.0,0.565,13.0,35.0,0.371,48.0,73.0,0.658,0.625,30.0,45.0,0.667,27.0,61.0,88.0,23.0,24.0,21.0,20.0,52.0,165.0,1815677.0
179,Jeff Green,PF,36.0,DEN,56.0,4.0,1091.0,160.0,328.0,0.488,30.0,104.0,0.288,130.0,224.0,0.58,0.534,87.0,117.0,0.744,38.0,106.0,144.0,69.0,18.0,17.0,46.0,99.0,437.0,4500000.0
180,Josh Green,SG,22.0,DAL,60.0,21.0,1539.0,205.0,382.0,0.537,68.0,169.0,0.402,137.0,213.0,0.643,0.626,68.0,94.0,0.723,55.0,127.0,182.0,103.0,42.0,5.0,72.0,156.0,546.0,3098400.0
181,AJ Griffin,SF,19.0,ATL,72.0,12.0,1401.0,248.0,533.0,0.465,101.0,259.0,0.39,147.0,274.0,0.536,0.56,42.0,47.0,0.894,37.0,116.0,153.0,73.0,42.0,12.0,42.0,87.0,639.0,3536160.0
182,Blake Griffin,C,33.0,BOS,41.0,16.0,569.0,63.0,130.0,0.485,23.0,66.0,0.348,40.0,64.0,0.625,0.573,21.0,32.0,0.656,47.0,108.0,155.0,61.0,14.0,9.0,22.0,75.0,170.0,2905851.0
183,Quentin Grimes,SG,22.0,NYK,71.0,66.0,2121.0,282.0,602.0,0.468,157.0,407.0,0.386,125.0,195.0,0.641,0.599,78.0,98.0,0.796,49.0,180.0,229.0,150.0,47.0,26.0,69.0,177.0,799.0,2277000.0
184,Rui Hachimura,PF,24.0,TOT,63.0,9.0,1466.0,284.0,584.0,0.486,51.0,160.0,0.319,233.0,424.0,0.55,0.53,88.0,119.0,0.739,53.0,230.0,283.0,58.0,19.0,26.0,53.0,72.0,707.0,6263188.0
185,Tyrese Haliburton,PG,22.0,IND,56.0,56.0,1883.0,412.0,841.0,0.49,161.0,402.0,0.4,251.0,439.0,0.572,0.586,175.0,201.0,0.871,33.0,172.0,205.0,585.0,91.0,25.0,141.0,69.0,1160.0,4215120.0
186,Jordan Hall,SF,21.0,SAS,9.0,0.0,83.0,9.0,28.0,0.321,3.0,15.0,0.2,6.0,13.0,0.462,0.375,7.0,9.0,0.778,3.0,9.0,12.0,11.0,1.0,0.0,7.0,6.0,28.0,193027.0
187,R.J. Hampton,SG,21.0,TOT,47.0,3.0,750.0,102.0,237.0,0.43,41.0,116.0,0.353,61.0,121.0,0.504,0.517,57.0,76.0,0.75,18.0,69.0,87.0,54.0,27.0,9.0,42.0,51.0,302.0,2898243.0
188,Tim Hardaway Jr.,SF,30.0,DAL,71.0,45.0,2152.0,340.0,847.0,0.401,212.0,550.0,0.385,128.0,297.0,0.431,0.527,127.0,165.0,0.77,21.0,230.0,251.0,129.0,49.0,12.0,60.0,120.0,1019.0,19602273.0
189,James Harden,PG,33.0,PHI,58.0,58.0,2135.0,371.0,842.0,0.441,161.0,418.0,0.385,210.0,424.0,0.495,0.536,313.0,361.0,0.867,40.0,314.0,354.0,618.0,71.0,31.0,195.0,112.0,1216.0,33000000.0
190,Jaden Hardy,SG,20.0,DAL,48.0,5.0,708.0,146.0,333.0,0.438,63.0,156.0,0.404,83.0,177.0,0.469,0.533,65.0,79.0,0.823,11.0,78.0,89.0,65.0,17.0,7.0,46.0,64.0,420.0,1017781.0
191,Ron Harper Jr.,PF,22.0,TOR,9.0,0.0,48.0,8.0,16.0,0.5,3.0,9.0,0.333,5.0,7.0,0.714,0.594,1.0,1.0,1.0,3.0,4.0,7.0,4.0,0.0,1.0,0.0,3.0,20.0,508891.0
192,Montrezl Harrell,C,29.0,PHI,57.0,7.0,681.0,125.0,209.0,0.598,0.0,6.0,0.0,125.0,203.0,0.616,0.598,70.0,101.0,0.693,67.0,92.0,159.0,33.0,17.0,25.0,35.0,75.0,320.0,2463490.0
193,Gary Harris,SG,28.0,ORL,48.0,42.0,1184.0,138.0,307.0,0.45,94.0,218.0,0.431,44.0,89.0,0.494,0.603,27.0,30.0,0.9,21.0,77.0,98.0,59.0,45.0,12.0,28.0,93.0,397.0,13000000.0
194,Joe Harris,SF,31.0,BRK,74.0,33.0,1527.0,201.0,440.0,0.457,142.0,333.0,0.426,59.0,107.0,0.551,0.618,18.0,28.0,0.643,23.0,141.0,164.0,101.0,34.0,13.0,41.0,140.0,562.0,18642857.0
195,Kevon Harris,SG,25.0,ORL,34.0,0.0,457.0,47.0,107.0,0.439,16.0,43.0,0.372,31.0,64.0,0.484,0.514,31.0,41.0,0.756,28.0,42.0,70.0,16.0,17.0,5.0,21.0,53.0,141.0,508891.0
196,Tobias Harris,SF,30.0,PHI,74.0,74.0,2436.0,423.0,845.0,0.501,126.0,324.0,0.389,297.0,521.0,0.57,0.575,113.0,129.0,0.876,67.0,357.0,424.0,186.0,68.0,40.0,89.0,149.0,1085.0,37633050.0
197,Shaquille Harrison,SG,29.0,POR,5.0,0.0,120.0,15.0,36.0,0.417,3.0,10.0,0.3,12.0,26.0,0.462,0.458,11.0,15.0,0.733,1.0,21.0,22.0,30.0,11.0,2.0,6.0,12.0,44.0,134862.0
198,Josh Hart,SF,27.0,TOT,76.0,52.0,2454.0,275.0,520.0,0.529,61.0,164.0,0.372,214.0,356.0,0.601,0.588,132.0,176.0,0.75,142.0,451.0,593.0,290.0,88.0,21.0,117.0,195.0,743.0,12960000.0
199,Isaiah Hartenstein,C,24.0,NYK,82.0,8.0,1626.0,175.0,327.0,0.535,8.0,37.0,0.216,167.0,290.0,0.576,0.547,48.0,71.0,0.676,209.0,327.0,536.0,102.0,53.0,64.0,66.0,213.0,406.0,8854879.0
200,Udonis Haslem,C,42.0,MIA,7.0,1.0,71.0,10.0,29.0,0.345,3.0,9.0,0.333,7.0,20.0,0.35,0.397,4.0,5.0,0.8,4.0,7.0,11.0,0.0,1.0,2.0,1.0,11.0,27.0,2905851.0
201,Sam Hauser,SF,25.0,BOS,80.0,8.0,1290.0,180.0,396.0,0.455,140.0,335.0,0.418,40.0,61.0,0.656,0.631,12.0,17.0,0.706,35.0,169.0,204.0,71.0,29.0,21.0,30.0,99.0,512.0,1637966.0
202,Jaxson Hayes,C,22.0,NOP,47.0,2.0,610.0,86.0,156.0,0.551,3.0,29.0,0.103,83.0,127.0,0.654,0.561,58.0,83.0,0.699,39.0,93.0,132.0,34.0,20.0,19.0,31.0,67.0,233.0,6803012.0
203,Killian Hayes,PG,21.0,DET,76.0,56.0,2154.0,307.0,815.0,0.377,80.0,286.0,0.28,227.0,529.0,0.429,0.426,92.0,112.0,0.821,28.0,193.0,221.0,470.0,104.0,28.0,173.0,219.0,786.0,5837760.0
204,Gordon Hayward,SF,32.0,CHO,50.0,50.0,1577.0,276.0,581.0,0.475,52.0,160.0,0.325,224.0,421.0,0.532,0.52,129.0,159.0,0.811,33.0,182.0,215.0,206.0,42.0,12.0,99.0,70.0,733.0,30075000.0
205,Juancho Hernangómez,PF,27.0,TOR,42.0,10.0,614.0,48.0,114.0,0.421,17.0,67.0,0.254,31.0,47.0,0.66,0.496,9.0,16.0,0.563,27.0,96.0,123.0,25.0,16.0,6.0,15.0,43.0,122.0,2298385.0
206,Willy Hernangómez,C,28.0,NOP,38.0,2.0,458.0,89.0,169.0,0.527,3.0,11.0,0.273,86.0,158.0,0.544,0.536,81.0,104.0,0.779,58.0,122.0,180.0,33.0,17.0,13.0,39.0,64.0,262.0,2443581.0
207,Tyler Herro,SG,23.0,MIA,67.0,67.0,2337.0,487.0,1109.0,0.439,203.0,537.0,0.378,284.0,572.0,0.497,0.531,170.0,182.0,0.934,27.0,333.0,360.0,280.0,51.0,16.0,158.0,101.0,1347.0,5722116.0
208,Buddy Hield,SF,30.0,IND,80.0,73.0,2482.0,475.0,1038.0,0.458,288.0,677.0,0.425,187.0,361.0,0.518,0.596,106.0,129.0,0.822,67.0,333.0,400.0,225.0,92.0,26.0,139.0,156.0,1344.0,21177750.0
209,Haywood Highsmith,PF,26.0,MIA,54.0,11.0,969.0,93.0,216.0,0.431,37.0,109.0,0.339,56.0,107.0,0.523,0.516,13.0,28.0,0.464,57.0,131.0,188.0,43.0,36.0,17.0,45.0,82.0,236.0,1752638.0
210,George Hill,PG-SG,36.0,TOT,46.0,1.0,834.0,78.0,166.0,0.47,34.0,95.0,0.358,44.0,71.0,0.62,0.572,42.0,55.0,0.764,15.0,70.0,85.0,110.0,26.0,6.0,34.0,55.0,232.0,4000000.0
211,Malcolm Hill,SF,27.0,CHI,5.0,0.0,9.0,2.0,4.0,0.5,1.0,3.0,0.333,1.0,1.0,1.0,0.625,0.0,0.0,0.0,0.0,3.0,3.0,0.0,0.0,0.0,0.0,1.0,5.0,508891.0
212,Aaron Holiday,PG,26.0,ATL,63.0,6.0,845.0,92.0,220.0,0.418,36.0,88.0,0.409,56.0,132.0,0.424,0.5,27.0,32.0,0.844,25.0,49.0,74.0,89.0,37.0,12.0,36.0,79.0,247.0,1968175.0
213,Jrue Holiday,PG,32.0,MIL,67.0,65.0,2183.0,490.0,1023.0,0.479,158.0,411.0,0.384,332.0,612.0,0.542,0.556,152.0,177.0,0.859,79.0,262.0,341.0,495.0,79.0,25.0,197.0,116.0,1290.0,34319520.0
214,Justin Holiday,SF,33.0,TOT,46.0,2.0,706.0,77.0,204.0,0.377,46.0,143.0,0.322,31.0,61.0,0.508,0.49,5.0,8.0,0.625,5.0,50.0,55.0,41.0,19.0,19.0,22.0,68.0,205.0,5987975.0
215,Richaun Holmes,C,29.0,SAC,42.0,1.0,348.0,55.0,89.0,0.618,5.0,8.0,0.625,50.0,81.0,0.617,0.646,15.0,19.0,0.789,29.0,51.0,80.0,9.0,3.0,11.0,14.0,50.0,130.0,11215260.0
216,Al Horford,C,36.0,BOS,63.0,63.0,1922.0,228.0,479.0,0.476,145.0,325.0,0.446,83.0,154.0,0.539,0.627,15.0,21.0,0.714,73.0,317.0,390.0,189.0,30.0,61.0,37.0,121.0,616.0,26500000.0
217,Talen Horton-Tucker,SG,22.0,UTA,65.0,20.0,1313.0,257.0,613.0,0.419,58.0,203.0,0.286,199.0,410.0,0.485,0.467,126.0,168.0,0.75,41.0,169.0,210.0,246.0,41.0,29.0,126.0,108.0,698.0,10260000.0
218,Danuel House Jr.,SF,29.0,PHI,56.0,5.0,807.0,93.0,197.0,0.472,37.0,110.0,0.336,56.0,87.0,0.644,0.566,45.0,60.0,0.75,9.0,85.0,94.0,44.0,14.0,9.0,26.0,69.0,268.0,4105000.0
219,Caleb Houstan,SF,20.0,ORL,51.0,4.0,812.0,66.0,182.0,0.363,46.0,136.0,0.338,20.0,46.0,0.435,0.489,15.0,18.0,0.833,34.0,65.0,99.0,30.0,12.0,7.0,18.0,63.0,193.0,2000000.0
220,Trevor Hudgins,PG,23.0,HOU,5.0,0.0,28.0,2.0,9.0,0.222,2.0,8.0,0.25,0.0,1.0,0.0,0.333,3.0,3.0,1.0,0.0,0.0,0.0,3.0,0.0,0.0,1.0,1.0,9.0,508891.0
221,Kevin Huerter,SG,24.0,SAC,75.0,75.0,2203.0,420.0,866.0,0.485,205.0,510.0,0.402,215.0,356.0,0.604,0.603,95.0,131.0,0.725,42.0,209.0,251.0,221.0,80.0,24.0,97.0,181.0,1140.0,14508929.0
222,Jay Huff,C,24.0,WAS,7.0,0.0,95.0,15.0,25.0,0.6,6.0,12.0,0.5,9.0,13.0,0.692,0.72,15.0,16.0,0.938,6.0,15.0,21.0,10.0,3.0,4.0,5.0,15.0,51.0,116986.0
223,De'Andre Hunter,SF,25.0,ATL,67.0,67.0,2126.0,379.0,822.0,0.461,100.0,286.0,0.35,279.0,536.0,0.521,0.522,171.0,207.0,0.826,46.0,238.0,284.0,94.0,35.0,17.0,82.0,199.0,1029.0,9835881.0
224,Bones Hyland,PG,22.0,TOT,56.0,1.0,1085.0,228.0,571.0,0.399,117.0,315.0,0.371,111.0,256.0,0.434,0.502,86.0,102.0,0.843,20.0,115.0,135.0,172.0,39.0,15.0,82.0,96.0,659.0,2201520.0
225,Serge Ibaka,C,33.0,MIL,16.0,0.0,185.0,26.0,54.0,0.481,6.0,18.0,0.333,20.0,36.0,0.556,0.537,8.0,13.0,0.615,15.0,29.0,44.0,4.0,2.0,7.0,11.0,23.0,66.0,2905851.0
226,Andre Iguodala,PF,39.0,GSW,8.0,0.0,113.0,7.0,15.0,0.467,1.0,9.0,0.111,6.0,6.0,1.0,0.5,2.0,3.0,0.667,3.0,14.0,17.0,19.0,4.0,3.0,9.0,11.0,17.0,2905851.0
227,Joe Ingles,SF,35.0,MIL,46.0,0.0,1044.0,108.0,248.0,0.435,83.0,203.0,0.409,25.0,45.0,0.556,0.603,18.0,21.0,0.857,13.0,115.0,128.0,150.0,33.0,6.0,55.0,74.0,317.0,6479000.0
228,Brandon Ingram,SF,25.0,NOP,45.0,45.0,1538.0,404.0,835.0,0.484,64.0,164.0,0.39,340.0,671.0,0.507,0.522,240.0,272.0,0.882,23.0,223.0,246.0,262.0,32.0,19.0,148.0,116.0,1112.0,31650600.0
229,Kyrie Irving,PG-SG,30.0,TOT,60.0,60.0,2241.0,594.0,1203.0,0.494,188.0,496.0,0.379,406.0,707.0,0.574,0.572,247.0,273.0,0.905,59.0,245.0,304.0,331.0,66.0,45.0,128.0,165.0,1623.0,38917057.0
230,Jonathan Isaac,PF,25.0,ORL,11.0,0.0,124.0,22.0,53.0,0.415,6.0,15.0,0.4,16.0,38.0,0.421,0.472,5.0,9.0,0.556,15.0,29.0,44.0,6.0,14.0,4.0,4.0,5.0,55.0,17400000.0
231,Jaden Ivey,SG,20.0,DET,74.0,73.0,2304.0,409.0,983.0,0.416,120.0,350.0,0.343,289.0,633.0,0.457,0.477,266.0,356.0,0.747,73.0,215.0,288.0,387.0,61.0,17.0,237.0,242.0,1204.0,7252200.0
232,Frank Jackson,PG,24.0,UTA,1.0,0.0,5.0,0.0,3.0,0.0,0.0,1.0,0.0,0.0,2.0,0.0,0.0,0.0,0.0,0.0,1.0,1.0,2.0,1.0,0.0,0.0,0.0,0.0,0.0,113114.0
233,Isaiah Jackson,C,21.0,IND,63.0,12.0,1042.0,179.0,318.0,0.563,2.0,14.0,0.143,177.0,304.0,0.582,0.566,95.0,146.0,0.651,113.0,169.0,282.0,51.0,31.0,93.0,51.0,154.0,455.0,2573760.0
234,Jaren Jackson Jr.,C,23.0,MEM,63.0,63.0,1787.0,416.0,822.0,0.506,100.0,282.0,0.355,316.0,540.0,0.585,0.567,241.0,306.0,0.788,108.0,318.0,426.0,60.0,65.0,189.0,107.0,227.0,1173.0,28946605.0
235,Justin Jackson,SF,27.0,BOS,23.0,0.0,107.0,7.0,27.0,0.259,5.0,20.0,0.25,2.0,7.0,0.286,0.352,1.0,2.0,0.5,2.0,15.0,17.0,9.0,4.0,4.0,2.0,7.0,20.0,1836090.0
236,Quenton Jackson,PG,24.0,WAS,9.0,0.0,135.0,19.0,42.0,0.452,1.0,12.0,0.083,18.0,30.0,0.6,0.464,17.0,22.0,0.773,2.0,6.0,8.0,15.0,4.0,1.0,4.0,10.0,56.0,219630.0
237,Reggie Jackson,PG,32.0,TOT,68.0,40.0,1657.0,263.0,640.0,0.411,96.0,288.0,0.333,167.0,352.0,0.474,0.486,71.0,78.0,0.91,25.0,119.0,144.0,233.0,47.0,6.0,115.0,114.0,693.0,11457217.0
238,LeBron James,PF,38.0,LAL,55.0,54.0,1954.0,609.0,1219.0,0.5,121.0,377.0,0.321,488.0,842.0,0.58,0.549,251.0,327.0,0.768,65.0,392.0,457.0,375.0,50.0,32.0,178.0,88.0,1590.0,44474988.0
239,Ty Jerome,SG,25.0,GSW,45.0,2.0,816.0,118.0,242.0,0.488,35.0,90.0,0.389,83.0,152.0,0.546,0.56,38.0,41.0,0.927,7.0,71.0,78.0,135.0,23.0,5.0,30.0,64.0,309.0,4728948.0
240,Isaiah Joe,SG,23.0,OKC,73.0,10.0,1395.0,224.0,508.0,0.441,161.0,394.0,0.409,63.0,114.0,0.553,0.599,82.0,100.0,0.82,27.0,148.0,175.0,88.0,48.0,8.0,39.0,105.0,691.0,1836090.0
241,Alize Johnson,PF,26.0,SAS,4.0,0.0,30.0,3.0,6.0,0.5,0.0,2.0,0.0,3.0,4.0,0.75,0.5,1.0,2.0,0.5,2.0,8.0,10.0,1.0,1.0,0.0,4.0,3.0,7.0,192293.0
242,Cameron Johnson,PF,26.0,TOT,42.0,41.0,1199.0,223.0,474.0,0.47,103.0,255.0,0.404,120.0,219.0,0.548,0.579,101.0,120.0,0.842,34.0,151.0,185.0,78.0,50.0,14.0,37.0,83.0,650.0,5887899.0
243,Jalen Johnson,SF,21.0,ATL,70.0,6.0,1042.0,158.0,322.0,0.491,30.0,104.0,0.288,128.0,218.0,0.587,0.537,49.0,78.0,0.628,51.0,231.0,282.0,83.0,38.0,34.0,41.0,113.0,395.0,2792640.0
244,James Johnson,PF,35.0,IND,18.0,1.0,162.0,22.0,49.0,0.449,3.0,15.0,0.2,19.0,34.0,0.559,0.48,4.0,8.0,0.5,4.0,26.0,30.0,15.0,7.0,6.0,8.0,32.0,51.0,3841067.0
245,Keldon Johnson,SF,23.0,SAS,63.0,63.0,2063.0,503.0,1113.0,0.452,134.0,407.0,0.329,369.0,706.0,0.523,0.512,245.0,327.0,0.749,56.0,262.0,318.0,183.0,46.0,11.0,134.0,125.0,1385.0,3873024.0
246,Keon Johnson,SG,20.0,POR,40.0,0.0,416.0,67.0,178.0,0.376,28.0,81.0,0.346,39.0,97.0,0.402,0.455,27.0,41.0,0.659,11.0,33.0,44.0,59.0,19.0,6.0,43.0,43.0,189.0,2681040.0
247,Stanley Johnson,SF,26.0,SAS,30.0,0.0,469.0,65.0,122.0,0.533,18.0,40.0,0.45,47.0,82.0,0.573,0.607,26.0,39.0,0.667,22.0,73.0,95.0,67.0,16.0,6.0,33.0,48.0,174.0,4022164.0
248,Nikola Jokić,C,27.0,DEN,69.0,69.0,2323.0,646.0,1022.0,0.632,57.0,149.0,0.383,589.0,873.0,0.675,0.66,341.0,415.0,0.822,167.0,650.0,817.0,678.0,87.0,47.0,247.0,174.0,1690.0,33047803.0
249,Carlik Jones,PG,25.0,CHI,7.0,0.0,56.0,6.0,15.0,0.4,3.0,6.0,0.5,3.0,9.0,0.333,0.5,5.0,8.0,0.625,1.0,4.0,5.0,6.0,2.0,0.0,2.0,2.0,20.0,612162.0
250,Damian Jones,C,27.0,TOT,41.0,1.0,477.0,55.0,86.0,0.64,10.0,17.0,0.588,45.0,69.0,0.652,0.698,22.0,29.0,0.759,42.0,80.0,122.0,15.0,8.0,21.0,23.0,55.0,142.0,2298385.0
251,Derrick Jones Jr.,PF,25.0,CHI,64.0,0.0,893.0,115.0,230.0,0.5,27.0,80.0,0.338,88.0,150.0,0.587,0.559,62.0,84.0,0.738,60.0,93.0,153.0,34.0,29.0,37.0,25.0,86.0,319.0,3200000.0
252,Herbert Jones,PF,24.0,NOP,66.0,66.0,1951.0,235.0,501.0,0.469,56.0,167.0,0.335,179.0,334.0,0.536,0.525,123.0,161.0,0.764,97.0,172.0,269.0,162.0,103.0,42.0,88.0,208.0,649.0,1785000.0
253,Kai Jones,C,22.0,CHO,46.0,0.0,550.0,67.0,120.0,0.558,4.0,19.0,0.211,63.0,101.0,0.624,0.575,19.0,26.0,0.731,37.0,86.0,123.0,15.0,17.0,30.0,31.0,65.0,157.0,2909040.0
254,Tre Jones,PG,23.0,SAS,68.0,65.0,1984.0,341.0,743.0,0.459,45.0,158.0,0.285,296.0,585.0,0.506,0.489,148.0,172.0,0.86,56.0,189.0,245.0,448.0,89.0,9.0,110.0,98.0,875.0,1782621.0
255,Tyus Jones,PG,26.0,MEM,80.0,22.0,1940.0,311.0,710.0,0.438,121.0,326.0,0.371,190.0,384.0,0.495,0.523,80.0,100.0,0.8,28.0,172.0,200.0,417.0,83.0,6.0,74.0,32.0,823.0,15000000.0
256,DeAndre Jordan,C,34.0,DEN,39.0,8.0,586.0,88.0,115.0,0.765,1.0,1.0,1.0,87.0,114.0,0.763,0.77,22.0,48.0,0.458,52.0,150.0,202.0,34.0,12.0,23.0,48.0,71.0,199.0,10733758.0
257,Cory Joseph,PG,31.0,DET,62.0,2.0,1227.0,150.0,351.0,0.427,70.0,180.0,0.389,80.0,171.0,0.468,0.527,57.0,72.0,0.792,21.0,85.0,106.0,217.0,34.0,9.0,56.0,88.0,427.0,5155500.0
258,Nikola Jović,PF,19.0,MIA,15.0,8.0,204.0,28.0,69.0,0.406,8.0,35.0,0.229,20.0,34.0,0.588,0.464,18.0,19.0,0.947,9.0,22.0,31.0,10.0,7.0,2.0,10.0,19.0,82.0,2239920.0
259,Johnny Juzang,SG,21.0,UTA,18.0,0.0,232.0,35.0,104.0,0.337,15.0,63.0,0.238,20.0,41.0,0.488,0.409,2.0,4.0,0.5,8.0,31.0,39.0,8.0,4.0,3.0,3.0,13.0,87.0,508891.0
260,Mfiondu Kabengele,PF,25.0,BOS,4.0,0.0,36.0,2.0,7.0,0.286,0.0,3.0,0.0,2.0,4.0,0.5,0.286,2.0,2.0,1.0,5.0,5.0,10.0,0.0,2.0,0.0,1.0,3.0,6.0,508891.0
261,Frank Kaminsky,C,29.0,TOT,36.0,0.0,235.0,31.0,63.0,0.492,13.0,33.0,0.394,18.0,30.0,0.6,0.595,14.0,16.0,0.875,7.0,45.0,52.0,32.0,6.0,4.0,9.0,22.0,89.0,2463490.0
262,Trevor Keels,SG,19.0,NYK,3.0,0.0,8.0,1.0,4.0,0.25,1.0,4.0,0.25,0.0,0.0,0.0,0.375,0.0,0.0,0.0,0.0,2.0,2.0,0.0,0.0,0.0,0.0,0.0,3.0,520589.0
263,Luke Kennard,SG,26.0,TOT,59.0,14.0,1315.0,188.0,382.0,0.492,133.0,269.0,0.494,55.0,113.0,0.487,0.666,37.0,39.0,0.949,15.0,143.0,158.0,91.0,32.0,5.0,46.0,82.0,546.0,13745455.0
264,Walker Kessler,C,21.0,UTA,74.0,40.0,1703.0,298.0,414.0,0.72,1.0,3.0,0.333,297.0,411.0,0.723,0.721,82.0,159.0,0.516,231.0,389.0,620.0,69.0,26.0,173.0,58.0,169.0,679.0,2696400.0
265,Braxton Key,SF,25.0,DET,3.0,0.0,9.0,1.0,1.0,1.0,0.0,0.0,0.0,1.0,1.0,1.0,1.0,2.0,2.0,1.0,0.0,1.0,1.0,0.0,0.0,0.0,0.0,0.0,4.0,201802.0
266,Louis King,PF,23.0,PHI,1.0,0.0,29.0,8.0,13.0,0.615,4.0,8.0,0.5,4.0,5.0,0.8,0.769,0.0,1.0,0.0,2.0,2.0,4.0,2.0,1.0,0.0,2.0,4.0,20.0,307089.0
267,Corey Kispert,SF,23.0,WAS,74.0,45.0,2093.0,291.0,585.0,0.497,163.0,384.0,0.424,128.0,201.0,0.637,0.637,75.0,88.0,0.852,33.0,174.0,207.0,87.0,32.0,9.0,55.0,97.0,820.0,3552840.0
268,Maxi Kleber,PF,31.0,DAL,37.0,5.0,930.0,77.0,169.0,0.456,39.0,112.0,0.348,38.0,57.0,0.667,0.571,27.0,38.0,0.711,30.0,105.0,135.0,52.0,12.0,30.0,27.0,85.0,220.0,9000000.0
269,Nathan Knight,C,25.0,MIN,38.0,0.0,291.0,46.0,81.0,0.568,8.0,22.0,0.364,38.0,59.0,0.644,0.617,39.0,57.0,0.684,22.0,34.0,56.0,13.0,10.0,6.0,21.0,41.0,139.0,1836090.0
270,Kevin Knox,SF-PF,23.0,TOT,63.0,5.0,952.0,152.0,332.0,0.458,65.0,186.0,0.349,87.0,146.0,0.596,0.556,46.0,60.0,0.767,34.0,143.0,177.0,33.0,24.0,12.0,50.0,95.0,415.0,3000000.0
271,Christian Koloko,C,22.0,TOR,58.0,19.0,802.0,72.0,150.0,0.48,1.0,12.0,0.083,71.0,138.0,0.514,0.483,37.0,59.0,0.627,84.0,87.0,171.0,31.0,21.0,57.0,20.0,128.0,182.0,1500000.0
272,John Konchar,SF,26.0,MEM,72.0,23.0,1494.0,138.0,320.0,0.431,60.0,177.0,0.339,78.0,143.0,0.545,0.525,28.0,36.0,0.778,64.0,246.0,310.0,100.0,77.0,25.0,37.0,112.0,364.0,2300000.0
273,Furkan Korkmaz,SG,25.0,PHI,37.0,0.0,353.0,48.0,111.0,0.432,18.0,46.0,0.391,30.0,65.0,0.462,0.514,26.0,36.0,0.722,6.0,36.0,42.0,22.0,10.0,3.0,24.0,18.0,140.0,5000000.0
274,Luke Kornet,C,27.0,BOS,69.0,0.0,804.0,113.0,170.0,0.665,3.0,13.0,0.231,110.0,157.0,0.701,0.674,32.0,39.0,0.821,86.0,111.0,197.0,53.0,11.0,46.0,25.0,81.0,261.0,2133278.0
275,Vit Krejci,PG,22.0,ATL,29.0,0.0,165.0,15.0,37.0,0.405,5.0,21.0,0.238,10.0,16.0,0.625,0.473,1.0,2.0,0.5,6.0,20.0,26.0,17.0,5.0,1.0,5.0,17.0,36.0,1563518.0
276,Jonathan Kuminga,PF,20.0,GSW,67.0,16.0,1394.0,261.0,497.0,0.525,54.0,146.0,0.37,207.0,351.0,0.59,0.579,90.0,138.0,0.652,70.0,161.0,231.0,125.0,41.0,31.0,95.0,157.0,666.0,5739840.0
277,Kyle Kuzma,PF,27.0,WAS,64.0,64.0,2239.0,512.0,1142.0,0.448,160.0,481.0,0.333,352.0,661.0,0.533,0.518,173.0,237.0,0.73,55.0,408.0,463.0,239.0,36.0,29.0,190.0,145.0,1357.0,13000000.0
278,Anthony Lamb,SF,25.0,GSW,62.0,4.0,1195.0,148.0,314.0,0.471,73.0,199.0,0.367,75.0,115.0,0.652,0.588,46.0,60.0,0.767,56.0,159.0,215.0,96.0,28.0,20.0,54.0,134.0,415.0,694878.0
279,Jock Landale,C,27.0,PHO,69.0,4.0,979.0,178.0,337.0,0.528,21.0,84.0,0.25,157.0,253.0,0.621,0.559,79.0,105.0,0.752,119.0,161.0,280.0,68.0,16.0,30.0,59.0,126.0,456.0,1563518.0
280,Romeo Langford,SG,23.0,SAS,43.0,21.0,844.0,121.0,259.0,0.467,16.0,61.0,0.262,105.0,198.0,0.53,0.498,39.0,56.0,0.696,57.0,57.0,114.0,50.0,24.0,13.0,30.0,67.0,297.0,5634257.0
281,Jake LaRavia,PF,21.0,MEM,35.0,0.0,414.0,37.0,95.0,0.389,24.0,71.0,0.338,13.0,24.0,0.542,0.516,7.0,9.0,0.778,19.0,44.0,63.0,21.0,12.0,4.0,18.0,49.0,105.0,3047640.0
282,Zach LaVine,SG,27.0,CHI,77.0,77.0,2768.0,673.0,1388.0,0.485,204.0,544.0,0.375,469.0,844.0,0.556,0.558,363.0,428.0,0.848,42.0,303.0,345.0,327.0,69.0,18.0,194.0,159.0,1913.0,37096500.0
283,A.J. Lawson,SG,22.0,TOT,15.0,0.0,108.0,22.0,44.0,0.5,10.0,25.0,0.4,12.0,19.0,0.632,0.614,2.0,8.0,0.25,6.0,15.0,21.0,2.0,2.0,0.0,3.0,11.0,56.0,371432.0
284,Damion Lee,SG,30.0,PHO,74.0,5.0,1506.0,200.0,452.0,0.442,110.0,247.0,0.445,90.0,205.0,0.439,0.564,94.0,104.0,0.904,39.0,186.0,225.0,99.0,30.0,7.0,78.0,118.0,604.0,2133278.0
285,Saben Lee,PG,23.0,TOT,25.0,1.0,373.0,49.0,121.0,0.405,11.0,30.0,0.367,38.0,91.0,0.418,0.45,42.0,57.0,0.737,13.0,32.0,45.0,67.0,19.0,1.0,24.0,32.0,151.0,2266640.0
286,Alex Len,C,29.0,SAC,26.0,2.0,161.0,16.0,30.0,0.533,0.0,2.0,0.0,16.0,28.0,0.571,0.533,11.0,16.0,0.688,24.0,36.0,60.0,12.0,4.0,11.0,16.0,28.0,43.0,3918600.0
287,Kawhi Leonard,SF,31.0,LAC,52.0,50.0,1748.0,446.0,871.0,0.512,104.0,250.0,0.416,342.0,621.0,0.551,0.572,243.0,279.0,0.871,57.0,281.0,338.0,204.0,72.0,28.0,88.0,84.0,1239.0,42492492.0
288,Meyers Leonard,C,30.0,MIL,9.0,2.0,114.0,14.0,29.0,0.483,7.0,18.0,0.389,7.0,11.0,0.636,0.603,8.0,9.0,0.889,12.0,22.0,34.0,1.0,2.0,0.0,6.0,16.0,43.0,713558.0
289,Caris LeVert,SG,28.0,CLE,74.0,30.0,2237.0,320.0,742.0,0.431,127.0,324.0,0.392,193.0,418.0,0.462,0.517,130.0,180.0,0.722,53.0,229.0,282.0,287.0,72.0,24.0,116.0,170.0,897.0,18796296.0
290,Kira Lewis Jr.,PG,21.0,NOP,25.0,0.0,235.0,40.0,88.0,0.455,15.0,34.0,0.441,25.0,54.0,0.463,0.54,19.0,22.0,0.864,5.0,28.0,33.0,23.0,10.0,2.0,10.0,24.0,114.0,4004280.0
291,Damian Lillard,PG,32.0,POR,58.0,58.0,2107.0,556.0,1202.0,0.463,244.0,658.0,0.371,312.0,544.0,0.574,0.564,510.0,558.0,0.914,44.0,233.0,277.0,425.0,50.0,18.0,191.0,109.0,1866.0,42492492.0
292,Nassir Little,SF,22.0,POR,54.0,4.0,976.0,134.0,303.0,0.442,58.0,158.0,0.367,76.0,145.0,0.524,0.538,33.0,46.0,0.717,27.0,114.0,141.0,50.0,20.0,20.0,36.0,66.0,359.0,4171548.0
293,Isaiah Livers,PF,24.0,DET,52.0,22.0,1199.0,120.0,288.0,0.417,74.0,203.0,0.365,46.0,85.0,0.541,0.545,32.0,39.0,0.821,28.0,115.0,143.0,41.0,28.0,28.0,30.0,103.0,346.0,1563518.0
294,Kenneth Lofton Jr.,PF,20.0,MEM,24.0,1.0,176.0,49.0,93.0,0.527,6.0,17.0,0.353,43.0,76.0,0.566,0.559,16.0,27.0,0.593,19.0,32.0,51.0,20.0,5.0,2.0,12.0,28.0,120.0,1505966.0
295,Kevon Looney,C,26.0,GSW,82.0,70.0,1958.0,242.0,384.0,0.63,0.0,1.0,0.0,242.0,383.0,0.632,0.63,94.0,155.0,0.606,274.0,486.0,760.0,207.0,52.0,50.0,45.0,225.0,578.0,8000000.0
296,Brook Lopez,C,34.0,MIL,78.0,78.0,2373.0,477.0,899.0,0.531,136.0,364.0,0.374,341.0,535.0,0.637,0.606,149.0,190.0,0.784,157.0,363.0,520.0,99.0,37.0,193.0,107.0,203.0,1239.0,13906976.0
297,Robin Lopez,C,34.0,CLE,37.0,2.0,299.0,48.0,75.0,0.64,2.0,4.0,0.5,46.0,71.0,0.648,0.653,14.0,18.0,0.778,23.0,28.0,51.0,19.0,2.0,8.0,25.0,43.0,112.0,2905851.0
298,Kevin Love,PF,34.0,TOT,62.0,20.0,1240.0,165.0,424.0,0.389,99.0,296.0,0.334,66.0,128.0,0.516,0.506,80.0,91.0,0.879,59.0,340.0,399.0,116.0,16.0,12.0,70.0,97.0,509.0,30556968.0
299,Kyle Lowry,PG,36.0,MIA,55.0,44.0,1718.0,196.0,485.0,0.404,107.0,310.0,0.345,89.0,175.0,0.509,0.514,116.0,135.0,0.859,43.0,182.0,225.0,281.0,57.0,21.0,103.0,143.0,615.0,28333334.0
300,Trey Lyles,PF,27.0,SAC,74.0,0.0,1247.0,187.0,408.0,0.458,87.0,240.0,0.363,100.0,168.0,0.595,0.565,101.0,124.0,0.815,68.0,232.0,300.0,66.0,27.0,31.0,64.0,97.0,562.0,2625000.0
301,Théo Maledon,PG,21.0,CHO,44.0,7.0,854.0,102.0,254.0,0.402,28.0,95.0,0.295,74.0,159.0,0.465,0.457,63.0,74.0,0.851,14.0,109.0,123.0,152.0,37.0,12.0,59.0,61.0,295.0,2408891.0
302,Sandro Mamukelashvili,C,23.0,TOT,43.0,7.0,660.0,97.0,230.0,0.422,30.0,99.0,0.303,67.0,131.0,0.511,0.487,39.0,57.0,0.684,70.0,115.0,185.0,62.0,14.0,12.0,35.0,52.0,263.0,1116112.0
303,Terance Mann,SG,26.0,LAC,81.0,36.0,1872.0,272.0,524.0,0.519,77.0,198.0,0.389,195.0,326.0,0.598,0.593,92.0,118.0,0.78,77.0,199.0,276.0,184.0,42.0,22.0,80.0,149.0,713.0,1930681.0
304,Tre Mann,PG,21.0,OKC,67.0,5.0,1183.0,197.0,501.0,0.393,81.0,257.0,0.315,116.0,244.0,0.475,0.474,42.0,55.0,0.764,27.0,128.0,155.0,120.0,40.0,11.0,62.0,99.0,517.0,3046200.0
305,Boban Marjanović,C,34.0,HOU,31.0,0.0,171.0,41.0,60.0,0.683,0.0,1.0,0.0,41.0,59.0,0.695,0.683,20.0,27.0,0.741,20.0,40.0,60.0,9.0,5.0,2.0,14.0,10.0,102.0,4101478.0
306,Lauri Markkanen,PF,25.0,UTA,66.0,66.0,2273.0,571.0,1145.0,0.499,200.0,511.0,0.391,371.0,634.0,0.585,0.586,349.0,399.0,0.875,130.0,440.0,570.0,123.0,42.0,38.0,127.0,137.0,1691.0,16475454.0
307,Naji Marshall,SF,25.0,NOP,77.0,21.0,1792.0,247.0,571.0,0.433,66.0,218.0,0.303,181.0,353.0,0.513,0.49,138.0,175.0,0.789,48.0,231.0,279.0,189.0,54.0,14.0,97.0,113.0,698.0,1782621.0
308,Caleb Martin,SF,27.0,MIA,71.0,49.0,2077.0,254.0,548.0,0.464,84.0,236.0,0.356,170.0,312.0,0.545,0.54,91.0,113.0,0.805,88.0,256.0,344.0,117.0,71.0,31.0,78.0,145.0,683.0,6479000.0
309,Cody Martin,SF,27.0,CHO,7.0,0.0,134.0,14.0,36.0,0.389,3.0,14.0,0.214,11.0,22.0,0.5,0.431,4.0,7.0,0.571,8.0,16.0,24.0,11.0,4.0,1.0,2.0,13.0,35.0,7000000.0
310,Kenyon Martin Jr.,SF,22.0,HOU,82.0,49.0,2292.0,410.0,720.0,0.569,68.0,216.0,0.315,342.0,504.0,0.679,0.617,151.0,222.0,0.68,126.0,326.0,452.0,123.0,41.0,30.0,91.0,147.0,1039.0,1782621.0
311,Tyrese Martin,SG,23.0,ATL,16.0,0.0,66.0,9.0,23.0,0.391,1.0,7.0,0.143,8.0,16.0,0.5,0.413,2.0,2.0,1.0,5.0,7.0,12.0,2.0,1.0,0.0,2.0,2.0,21.0,1017781.0
312,Garrison Mathews,SG,26.0,TOT,54.0,0.0,686.0,73.0,201.0,0.363,63.0,180.0,0.35,10.0,21.0,0.476,0.52,48.0,53.0,0.906,11.0,62.0,73.0,26.0,24.0,5.0,19.0,62.0,257.0,2000000.0
313,Bennedict Mathurin,SG,20.0,IND,78.0,17.0,2222.0,413.0,951.0,0.434,100.0,310.0,0.323,313.0,641.0,0.488,0.487,376.0,454.0,0.828,87.0,231.0,318.0,116.0,48.0,13.0,152.0,162.0,1302.0,6586800.0
314,Wesley Matthews,SF,36.0,MIL,52.0,0.0,820.0,58.0,160.0,0.363,39.0,124.0,0.315,19.0,36.0,0.528,0.484,24.0,28.0,0.857,34.0,79.0,113.0,34.0,20.0,13.0,18.0,71.0,179.0,2905851.0
315,Tyrese Maxey,SG,22.0,PHI,60.0,41.0,2016.0,439.0,913.0,0.481,160.0,369.0,0.434,279.0,544.0,0.513,0.568,180.0,213.0,0.845,23.0,153.0,176.0,212.0,49.0,8.0,80.0,132.0,1218.0,2726880.0
316,Skylar Mays,PG,25.0,POR,6.0,6.0,189.0,34.0,68.0,0.5,12.0,26.0,0.462,22.0,42.0,0.524,0.588,12.0,13.0,0.923,2.0,17.0,19.0,50.0,6.0,1.0,10.0,11.0,92.0,116574.0
317,Miles McBride,PG,22.0,NYK,64.0,2.0,760.0,77.0,215.0,0.358,40.0,134.0,0.299,37.0,81.0,0.457,0.451,28.0,42.0,0.667,13.0,37.0,50.0,72.0,37.0,8.0,25.0,60.0,222.0,1563518.0
318,Mac McClung,SG,24.0,PHI,2.0,0.0,41.0,9.0,20.0,0.45,4.0,11.0,0.364,5.0,9.0,0.556,0.55,3.0,5.0,0.6,3.0,7.0,10.0,9.0,0.0,0.0,3.0,3.0,25.0,160856.0
319,CJ McCollum,SG,31.0,NOP,75.0,75.0,2649.0,587.0,1344.0,0.437,211.0,543.0,0.389,376.0,801.0,0.469,0.515,183.0,238.0,0.769,55.0,273.0,328.0,429.0,70.0,38.0,183.0,153.0,1568.0,33333333.0
320,T.J. McConnell,PG,30.0,IND,75.0,6.0,1526.0,283.0,521.0,0.543,26.0,59.0,0.441,257.0,462.0,0.556,0.568,58.0,68.0,0.853,45.0,189.0,234.0,397.0,81.0,10.0,143.0,105.0,650.0,8100000.0
321,Jaden McDaniels,SF,22.0,MIN,79.0,79.0,2416.0,370.0,716.0,0.517,107.0,269.0,0.398,263.0,447.0,0.588,0.591,106.0,144.0,0.736,92.0,215.0,307.0,148.0,74.0,76.0,112.0,272.0,953.0,2161440.0
322,Jalen McDaniels,SF,25.0,TOT,80.0,24.0,1913.0,281.0,617.0,0.455,77.0,232.0,0.332,204.0,385.0,0.53,0.518,116.0,138.0,0.841,63.0,283.0,346.0,130.0,83.0,34.0,93.0,209.0,755.0,1930681.0
323,Doug McDermott,SF,31.0,SAS,64.0,0.0,1314.0,239.0,523.0,0.457,123.0,298.0,0.413,116.0,225.0,0.516,0.575,53.0,70.0,0.757,24.0,115.0,139.0,91.0,13.0,6.0,58.0,118.0,654.0,13750000.0
324,JaVale McGee,C,35.0,DAL,42.0,7.0,355.0,80.0,125.0,0.64,2.0,5.0,0.4,78.0,120.0,0.65,0.648,24.0,41.0,0.585,30.0,77.0,107.0,11.0,4.0,26.0,36.0,54.0,186.0,5461219.0
325,Bryce McGowens,SG,20.0,CHO,46.0,7.0,787.0,80.0,202.0,0.396,26.0,80.0,0.325,54.0,122.0,0.443,0.46,60.0,80.0,0.75,20.0,73.0,93.0,54.0,15.0,6.0,43.0,48.0,246.0,1461055.0
326,Rodney McGruder,SG,31.0,DET,32.0,12.0,524.0,62.0,152.0,0.408,41.0,97.0,0.423,21.0,55.0,0.382,0.543,18.0,22.0,0.818,20.0,54.0,74.0,28.0,16.0,1.0,11.0,39.0,183.0,2298385.0
327,Jordan McLaughlin,PG,26.0,MIN,43.0,0.0,678.0,61.0,145.0,0.421,24.0,78.0,0.308,37.0,67.0,0.552,0.503,15.0,18.0,0.833,15.0,47.0,62.0,148.0,32.0,4.0,33.0,28.0,161.0,2160000.0
328,De'Anthony Melton,SG,24.0,PHI,77.0,58.0,2150.0,277.0,651.0,0.425,157.0,403.0,0.39,120.0,248.0,0.484,0.546,69.0,87.0,0.793,69.0,243.0,312.0,197.0,126.0,41.0,102.0,191.0,780.0,8250000.0
329,Sam Merrill,SG,26.0,CLE,5.0,0.0,59.0,9.0,22.0,0.409,5.0,18.0,0.278,4.0,4.0,1.0,0.523,2.0,2.0,1.0,0.0,9.0,9.0,5.0,4.0,0.0,0.0,3.0,25.0,1105522.0
330,Chimezie Metu,PF,25.0,SAC,66.0,0.0,689.0,129.0,219.0,0.589,9.0,38.0,0.237,120.0,181.0,0.663,0.61,54.0,73.0,0.74,47.0,151.0,198.0,40.0,22.0,21.0,32.0,81.0,321.0,1910860.0
331,Khris Middleton,SF,31.0,MIL,33.0,19.0,801.0,177.0,406.0,0.436,51.0,162.0,0.315,126.0,244.0,0.516,0.499,92.0,102.0,0.902,28.0,112.0,140.0,163.0,23.0,5.0,71.0,68.0,497.0,37984276.0
332,Patty Mills,PG,34.0,BRK,40.0,2.0,567.0,86.0,209.0,0.411,49.0,134.0,0.366,37.0,75.0,0.493,0.529,25.0,30.0,0.833,8.0,36.0,44.0,56.0,15.0,3.0,30.0,32.0,246.0,6479000.0
333,Shake Milton,SG,26.0,PHI,76.0,11.0,1567.0,241.0,503.0,0.479,56.0,148.0,0.378,185.0,355.0,0.521,0.535,99.0,116.0,0.853,39.0,152.0,191.0,240.0,25.0,13.0,94.0,123.0,637.0,1997718.0
334,Justin Minaya,SF,23.0,POR,4.0,0.0,89.0,7.0,23.0,0.304,3.0,12.0,0.25,4.0,11.0,0.364,0.37,0.0,1.0,0.0,3.0,12.0,15.0,4.0,2.0,5.0,4.0,9.0,17.0,35096.0
335,Josh Minott,SF,20.0,MIN,15.0,0.0,96.0,18.0,36.0,0.5,2.0,6.0,0.333,16.0,30.0,0.533,0.528,8.0,8.0,1.0,5.0,20.0,25.0,5.0,4.0,6.0,3.0,10.0,46.0,1017781.0
336,Davion Mitchell,PG,24.0,SAC,80.0,9.0,1447.0,181.0,399.0,0.454,63.0,197.0,0.32,118.0,202.0,0.584,0.533,25.0,31.0,0.806,16.0,89.0,105.0,185.0,44.0,15.0,62.0,112.0,450.0,4833600.0
337,Donovan Mitchell,SG,26.0,CLE,68.0,68.0,2432.0,679.0,1402.0,0.484,245.0,635.0,0.386,434.0,767.0,0.566,0.572,319.0,368.0,0.867,63.0,226.0,289.0,301.0,99.0,27.0,180.0,168.0,1922.0,30913750.0
338,Evan Mobley,PF,21.0,CLE,79.0,79.0,2715.0,525.0,947.0,0.554,22.0,102.0,0.216,503.0,845.0,0.595,0.566,205.0,304.0,0.674,187.0,524.0,711.0,224.0,60.0,119.0,146.0,218.0,1277.0,8478720.0
339,Isaiah Mobley,PF,23.0,CLE,12.0,0.0,84.0,12.0,28.0,0.429,3.0,8.0,0.375,9.0,20.0,0.45,0.482,4.0,4.0,1.0,4.0,16.0,20.0,3.0,4.0,3.0,1.0,8.0,31.0,508891.0
340,Chima Moneke,SF,27.0,SAC,2.0,0.0,8.0,1.0,2.0,0.5,0.0,0.0,0.0,1.0,2.0,0.5,0.5,0.0,2.0,0.0,2.0,0.0,2.0,1.0,0.0,0.0,2.0,2.0,2.0,500000.0
341,Malik Monk,SG,24.0,SAC,77.0,0.0,1719.0,357.0,796.0,0.448,143.0,398.0,0.359,214.0,398.0,0.538,0.538,184.0,207.0,0.889,32.0,171.0,203.0,298.0,49.0,20.0,146.0,125.0,1041.0,9472219.0
342,Moses Moody,SG,20.0,GSW,63.0,3.0,817.0,108.0,227.0,0.476,49.0,135.0,0.363,59.0,92.0,0.641,0.584,37.0,53.0,0.698,28.0,77.0,105.0,51.0,18.0,7.0,34.0,54.0,302.0,3740160.0
343,Xavier Moon,SG,28.0,LAC,4.0,0.0,20.0,3.0,9.0,0.333,1.0,3.0,0.333,2.0,6.0,0.333,0.389,0.0,0.0,0.0,0.0,3.0,3.0,5.0,0.0,0.0,1.0,2.0,7.0,116986.0
344,Wendell Moore Jr.,SG,21.0,MIN,29.0,2.0,153.0,18.0,43.0,0.419,2.0,17.0,0.118,16.0,26.0,0.615,0.442,4.0,5.0,0.8,4.0,14.0,18.0,18.0,8.0,5.0,8.0,13.0,42.0,2306520.0
345,Ja Morant,PG,23.0,MEM,61.0,59.0,1948.0,566.0,1214.0,0.466,92.0,300.0,0.307,474.0,914.0,0.519,0.504,372.0,497.0,0.748,61.0,296.0,357.0,493.0,66.0,16.0,206.0,100.0,1596.0,12119440.0
346,Marcus Morris,PF,33.0,LAC,65.0,65.0,1825.0,274.0,643.0,0.426,112.0,308.0,0.364,162.0,335.0,0.484,0.513,68.0,87.0,0.782,29.0,229.0,258.0,114.0,42.0,21.0,56.0,136.0,728.0,16372093.0
347,Markieff Morris,PF,33.0,TOT,35.0,2.0,355.0,47.0,115.0,0.409,28.0,71.0,0.394,19.0,44.0,0.432,0.53,10.0,10.0,1.0,13.0,58.0,71.0,31.0,9.0,5.0,18.0,48.0,132.0,2905851.0
348,Monte Morris,PG,27.0,WAS,62.0,61.0,1695.0,247.0,515.0,0.48,78.0,204.0,0.382,169.0,311.0,0.543,0.555,64.0,77.0,0.831,26.0,184.0,210.0,326.0,43.0,13.0,60.0,75.0,636.0,9125000.0
349,Trey Murphy III,SF,22.0,NOP,79.0,65.0,2448.0,387.0,800.0,0.484,202.0,497.0,0.406,185.0,303.0,0.611,0.61,172.0,190.0,0.905,59.0,222.0,281.0,112.0,89.0,43.0,61.0,155.0,1148.0,3206520.0
350,Dejounte Murray,SG,26.0,ATL,74.0,74.0,2693.0,612.0,1319.0,0.464,133.0,387.0,0.344,479.0,932.0,0.514,0.514,158.0,190.0,0.832,53.0,336.0,389.0,448.0,112.0,19.0,160.0,106.0,1515.0,17071120.0
351,Jamal Murray,PG,25.0,DEN,65.0,65.0,2133.0,473.0,1041.0,0.454,172.0,432.0,0.398,301.0,609.0,0.494,0.537,180.0,216.0,0.833,48.0,209.0,257.0,400.0,66.0,16.0,145.0,103.0,1298.0,31650600.0
352,Keegan Murray,SF,22.0,SAC,80.0,78.0,2382.0,354.0,782.0,0.453,206.0,501.0,0.411,148.0,281.0,0.527,0.584,62.0,81.0,0.765,89.0,282.0,371.0,98.0,61.0,42.0,60.0,162.0,976.0,8008440.0
353,Mike Muscala,C,31.0,TOT,63.0,9.0,945.0,131.0,292.0,0.449,81.0,207.0,0.391,50.0,85.0,0.588,0.587,40.0,52.0,0.769,37.0,166.0,203.0,50.0,15.0,24.0,23.0,98.0,383.0,3500000.0
354,Svi Mykhailiuk,SF,25.0,TOT,32.0,8.0,468.0,77.0,173.0,0.445,42.0,99.0,0.424,35.0,74.0,0.473,0.566,26.0,39.0,0.667,15.0,38.0,53.0,53.0,15.0,4.0,24.0,23.0,222.0,3846895.0
355,Larry Nance Jr.,C,30.0,NOP,65.0,1.0,1381.0,186.0,305.0,0.61,14.0,42.0,0.333,172.0,263.0,0.654,0.633,55.0,79.0,0.696,106.0,248.0,354.0,119.0,56.0,37.0,42.0,133.0,441.0,9672727.0
356,Andrew Nembhard,SG,23.0,IND,75.0,63.0,2073.0,284.0,644.0,0.441,92.0,263.0,0.35,192.0,381.0,0.504,0.512,49.0,62.0,0.79,35.0,164.0,199.0,341.0,70.0,13.0,126.0,179.0,709.0,2244111.0
357,Aaron Nesmith,SF,23.0,IND,73.0,60.0,1816.0,252.0,590.0,0.427,115.0,314.0,0.366,137.0,276.0,0.496,0.525,119.0,142.0,0.838,62.0,215.0,277.0,98.0,55.0,34.0,75.0,235.0,738.0,3804360.0
358,Raul Neto,PG,30.0,CLE,48.0,1.0,505.0,57.0,110.0,0.518,12.0,42.0,0.286,45.0,68.0,0.662,0.573,31.0,34.0,0.912,10.0,36.0,46.0,79.0,17.0,4.0,24.0,49.0,157.0,2463490.0
359,Georges Niang,PF,29.0,PHI,78.0,1.0,1512.0,222.0,502.0,0.442,154.0,384.0,0.401,68.0,118.0,0.576,0.596,39.0,45.0,0.867,19.0,166.0,185.0,77.0,30.0,14.0,54.0,145.0,637.0,3465000.0
360,Daishen Nix,PG,20.0,HOU,57.0,7.0,914.0,81.0,237.0,0.342,40.0,140.0,0.286,41.0,97.0,0.423,0.426,24.0,36.0,0.667,18.0,80.0,98.0,132.0,31.0,7.0,86.0,59.0,226.0,1563518.0
361,Zeke Nnaji,PF,22.0,DEN,53.0,5.0,728.0,110.0,196.0,0.561,17.0,65.0,0.262,93.0,131.0,0.71,0.605,40.0,62.0,0.645,65.0,73.0,138.0,18.0,17.0,23.0,31.0,105.0,277.0,2617800.0
362,Nerlens Noel,C,28.0,TOT,17.0,4.0,195.0,13.0,36.0,0.361,1.0,2.0,0.5,12.0,34.0,0.353,0.375,8.0,12.0,0.667,10.0,36.0,46.0,10.0,16.0,10.0,13.0,32.0,35.0,9391069.0
363,Jaylen Nowell,SG,23.0,MIN,65.0,2.0,1252.0,280.0,625.0,0.448,67.0,232.0,0.289,213.0,393.0,0.542,0.502,77.0,99.0,0.778,36.0,134.0,170.0,132.0,42.0,5.0,65.0,101.0,704.0,1930681.0
364,Frank Ntilikina,SG,24.0,DAL,47.0,5.0,607.0,48.0,132.0,0.364,17.0,67.0,0.254,31.0,65.0,0.477,0.428,22.0,33.0,0.667,7.0,55.0,62.0,58.0,16.0,7.0,29.0,65.0,135.0,2036318.0
365,Kendrick Nunn,SG,27.0,TOT,70.0,2.0,964.0,191.0,450.0,0.424,79.0,223.0,0.354,112.0,227.0,0.493,0.512,35.0,41.0,0.854,15.0,94.0,109.0,90.0,28.0,7.0,66.0,66.0,496.0,5250000.0
366,Jusuf Nurkić,C,28.0,POR,52.0,52.0,1391.0,262.0,505.0,0.519,43.0,119.0,0.361,219.0,386.0,0.567,0.561,127.0,192.0,0.661,114.0,357.0,471.0,149.0,43.0,44.0,119.0,185.0,694.0,15625000.0
367,Jordan Nwora,SF,24.0,TOT,62.0,14.0,1188.0,194.0,445.0,0.436,86.0,211.0,0.408,108.0,234.0,0.462,0.533,68.0,86.0,0.791,51.0,178.0,229.0,88.0,24.0,14.0,66.0,74.0,542.0,2800000.0
368,Royce O'Neale,SF,29.0,BRK,76.0,53.0,2409.0,229.0,593.0,0.386,163.0,419.0,0.389,66.0,174.0,0.379,0.524,50.0,69.0,0.725,55.0,329.0,384.0,283.0,65.0,49.0,114.0,239.0,671.0,9200000.0
369,Chuma Okeke,SF,24.0,ORL,27.0,8.0,518.0,43.0,122.0,0.352,26.0,86.0,0.302,17.0,36.0,0.472,0.459,16.0,21.0,0.762,26.0,70.0,96.0,37.0,19.0,11.0,17.0,40.0,128.0,3433320.0
370,Josh Okogie,SG,24.0,PHO,72.0,26.0,1350.0,162.0,414.0,0.391,66.0,197.0,0.335,96.0,217.0,0.442,0.471,139.0,192.0,0.724,109.0,142.0,251.0,105.0,56.0,34.0,63.0,114.0,529.0,1968175.0
371,Onyeka Okongwu,C,22.0,ATL,80.0,18.0,1849.0,317.0,497.0,0.638,4.0,13.0,0.308,313.0,484.0,0.647,0.642,153.0,196.0,0.781,217.0,359.0,576.0,81.0,56.0,107.0,81.0,251.0,791.0,6395160.0
372,Isaac Okoro,SF,22.0,CLE,76.0,46.0,1652.0,175.0,354.0,0.494,62.0,171.0,0.363,113.0,183.0,0.617,0.582,78.0,103.0,0.757,52.0,135.0,187.0,87.0,56.0,30.0,42.0,158.0,490.0,7040880.0
373,KZ Okpala,PF,23.0,SAC,35.0,3.0,248.0,16.0,38.0,0.421,7.0,21.0,0.333,9.0,17.0,0.529,0.513,7.0,8.0,0.875,7.0,27.0,34.0,13.0,7.0,7.0,7.0,39.0,46.0,1902133.0
374,Victor Oladipo,SG,30.0,MIA,42.0,2.0,1106.0,160.0,403.0,0.397,70.0,212.0,0.33,90.0,191.0,0.471,0.484,59.0,79.0,0.747,16.0,112.0,128.0,146.0,57.0,12.0,87.0,99.0,449.0,8750000.0
375,Kelly Olynyk,C,31.0,UTA,68.0,68.0,1942.0,278.0,557.0,0.499,93.0,236.0,0.394,185.0,321.0,0.576,0.583,198.0,232.0,0.853,82.0,338.0,420.0,252.0,60.0,37.0,168.0,232.0,847.0,12804878.0
376,Eugene Omoruyi,SF,25.0,TOT,40.0,6.0,645.0,101.0,228.0,0.443,25.0,89.0,0.281,76.0,139.0,0.547,0.498,51.0,75.0,0.68,43.0,68.0,111.0,28.0,28.0,3.0,34.0,91.0,278.0,1013119.0
377,Cedi Osman,SF,27.0,CLE,77.0,2.0,1548.0,239.0,530.0,0.451,116.0,312.0,0.372,123.0,218.0,0.564,0.56,75.0,108.0,0.694,25.0,151.0,176.0,115.0,35.0,11.0,52.0,122.0,669.0,7426088.0
378,Kelly Oubre Jr.,SF,27.0,CHO,48.0,40.0,1548.0,353.0,819.0,0.431,108.0,339.0,0.319,245.0,480.0,0.51,0.497,158.0,208.0,0.76,65.0,184.0,249.0,54.0,68.0,18.0,64.0,141.0,972.0,12600000.0
379,Chris Paul,PG,37.0,PHO,59.0,59.0,1889.0,294.0,668.0,0.44,98.0,261.0,0.375,196.0,407.0,0.482,0.513,133.0,160.0,0.831,27.0,224.0,251.0,524.0,91.0,22.0,114.0,126.0,819.0,28400000.0
380,Cameron Payne,PG,28.0,PHO,48.0,15.0,968.0,188.0,453.0,0.415,68.0,185.0,0.368,120.0,268.0,0.448,0.49,49.0,64.0,0.766,12.0,94.0,106.0,214.0,33.0,8.0,81.0,88.0,493.0,6000000.0
381,Gary Payton II,SG,30.0,TOT,22.0,1.0,367.0,41.0,69.0,0.594,13.0,26.0,0.5,28.0,43.0,0.651,0.688,6.0,7.0,0.857,24.0,45.0,69.0,30.0,22.0,5.0,16.0,43.0,101.0,8300000.0
382,Theo Pinson,SG,27.0,DAL,40.0,1.0,323.0,31.0,87.0,0.356,22.0,62.0,0.355,9.0,25.0,0.36,0.483,11.0,13.0,0.846,10.0,53.0,63.0,46.0,6.0,1.0,12.0,34.0,95.0,1968175.0
383,Scotty Pippen Jr.,PG,22.0,LAL,6.0,0.0,32.0,4.0,12.0,0.333,1.0,3.0,0.333,3.0,9.0,0.333,0.375,5.0,9.0,0.556,2.0,2.0,4.0,2.0,2.0,1.0,2.0,3.0,14.0,508891.0
384,Mason Plumlee,C,32.0,TOT,79.0,60.0,2054.0,329.0,484.0,0.68,0.0,0.0,0.0,329.0,484.0,0.68,0.68,199.0,313.0,0.636,229.0,471.0,700.0,245.0,46.0,47.0,117.0,217.0,857.0,9080417.0
385,Jakob Poeltl,C,27.0,TOT,72.0,71.0,1906.0,389.0,618.0,0.629,0.0,1.0,0.0,389.0,617.0,0.63,0.629,119.0,201.0,0.592,236.0,417.0,653.0,197.0,66.0,86.0,125.0,195.0,897.0,9398148.0
386,Aleksej Pokusevski,PF,21.0,OKC,34.0,25.0,701.0,108.0,249.0,0.434,38.0,104.0,0.365,70.0,145.0,0.483,0.51,22.0,35.0,0.629,45.0,114.0,159.0,64.0,20.0,43.0,43.0,58.0,276.0,3261480.0
387,Jordan Poole,PG,23.0,GSW,82.0,43.0,2458.0,550.0,1278.0,0.43,214.0,637.0,0.336,336.0,641.0,0.524,0.514,361.0,415.0,0.87,32.0,193.0,225.0,369.0,63.0,21.0,252.0,214.0,1675.0,3901399.0
388,Kevin Porter Jr.,PG,22.0,HOU,59.0,59.0,2024.0,391.0,884.0,0.442,141.0,385.0,0.366,250.0,499.0,0.501,0.522,207.0,264.0,0.784,76.0,238.0,314.0,338.0,82.0,17.0,188.0,156.0,1130.0,3217631.0
389,Michael Porter Jr.,SF,24.0,DEN,62.0,62.0,1798.0,398.0,817.0,0.487,188.0,454.0,0.414,210.0,363.0,0.579,0.602,96.0,120.0,0.8,64.0,277.0,341.0,65.0,37.0,29.0,68.0,119.0,1080.0,30913750.0
390,Otto Porter Jr.,SF,29.0,TOR,8.0,2.0,146.0,15.0,30.0,0.5,6.0,17.0,0.353,9.0,13.0,0.692,0.6,8.0,8.0,1.0,6.0,13.0,19.0,8.0,11.0,0.0,4.0,7.0,44.0,6000000.0
391,Bobby Portis,PF,27.0,MIL,70.0,22.0,1818.0,398.0,803.0,0.496,95.0,257.0,0.37,303.0,546.0,0.555,0.555,96.0,125.0,0.768,154.0,518.0,672.0,105.0,29.0,16.0,81.0,115.0,987.0,10843350.0
392,Kristaps Porziņģis,C,27.0,WAS,65.0,65.0,2120.0,507.0,1018.0,0.498,137.0,356.0,0.385,370.0,662.0,0.559,0.565,354.0,416.0,0.851,114.0,432.0,546.0,174.0,58.0,100.0,137.0,196.0,1505.0,33833400.0
393,Micah Potter,PF,24.0,UTA,7.0,0.0,52.0,10.0,15.0,0.667,4.0,7.0,0.571,6.0,8.0,0.75,0.8,0.0,0.0,0.0,3.0,13.0,16.0,4.0,1.0,0.0,2.0,5.0,24.0,508891.0
394,Dwight Powell,C,31.0,DAL,76.0,64.0,1458.0,197.0,269.0,0.732,0.0,5.0,0.0,197.0,264.0,0.746,0.732,112.0,168.0,0.667,149.0,165.0,314.0,69.0,48.0,26.0,65.0,209.0,506.0,11080125.0
395,Norman Powell,SG,29.0,LAC,60.0,8.0,1567.0,340.0,710.0,0.479,114.0,287.0,0.397,226.0,423.0,0.534,0.559,225.0,277.0,0.812,24.0,151.0,175.0,109.0,50.0,18.0,101.0,125.0,1019.0,16758621.0
396,Jason Preston,PG,23.0,LAC,14.0,0.0,124.0,18.0,41.0,0.439,5.0,18.0,0.278,13.0,23.0,0.565,0.5,0.0,2.0,0.0,2.0,20.0,22.0,27.0,2.0,0.0,10.0,7.0,41.0,1563518.0
397,Joshua Primo,SG,20.0,SAS,4.0,0.0,93.0,9.0,26.0,0.346,3.0,12.0,0.25,6.0,14.0,0.429,0.404,7.0,9.0,0.778,2.0,11.0,13.0,18.0,1.0,2.0,11.0,8.0,28.0,12196094.0
398,Taurean Prince,PF,28.0,MIN,54.0,4.0,1192.0,177.0,379.0,0.467,74.0,194.0,0.381,103.0,185.0,0.557,0.565,65.0,77.0,0.844,15.0,117.0,132.0,84.0,28.0,15.0,69.0,123.0,493.0,7100000.0
399,Payton Pritchard,PG,25.0,BOS,48.0,3.0,643.0,101.0,245.0,0.412,56.0,154.0,0.364,45.0,91.0,0.495,0.527,12.0,16.0,0.75,25.0,63.0,88.0,64.0,14.0,1.0,40.0,37.0,270.0,2239200.0
400,Trevelin Queen,SG,25.0,IND,7.0,0.0,70.0,7.0,29.0,0.241,2.0,15.0,0.133,5.0,14.0,0.357,0.276,5.0,5.0,1.0,8.0,9.0,17.0,6.0,2.0,5.0,7.0,4.0,21.0,838891.0
401,Neemias Queta,C,23.0,SAC,5.0,0.0,29.0,6.0,9.0,0.667,0.0,0.0,0.0,6.0,9.0,0.667,0.667,0.0,2.0,0.0,5.0,6.0,11.0,1.0,0.0,2.0,1.0,7.0,12.0,508891.0
402,Immanuel Quickley,SG,23.0,NYK,81.0,21.0,2344.0,419.0,936.0,0.448,168.0,454.0,0.37,251.0,482.0,0.521,0.537,203.0,248.0,0.819,58.0,279.0,337.0,279.0,80.0,14.0,100.0,166.0,1209.0,2316240.0
403,Lester Quinones,SG,22.0,GSW,4.0,0.0,18.0,2.0,5.0,0.4,2.0,4.0,0.5,0.0,1.0,0.0,0.6,4.0,6.0,0.667,1.0,2.0,3.0,2.0,1.0,0.0,5.0,0.0,10.0,129405.0
404,Julius Randle,PF,28.0,NYK,77.0,77.0,2737.0,658.0,1432.0,0.459,218.0,636.0,0.343,440.0,796.0,0.553,0.536,402.0,531.0,0.757,141.0,626.0,767.0,316.0,49.0,21.0,216.0,233.0,1936.0,23760000.0
405,Austin Reaves,SG,24.0,LAL,64.0,22.0,1843.0,259.0,490.0,0.529,86.0,216.0,0.398,173.0,274.0,0.631,0.616,229.0,265.0,0.864,33.0,160.0,193.0,215.0,33.0,19.0,99.0,108.0,833.0,1563518.0
406,Cam Reddish,SF,23.0,TOT,40.0,20.0,990.0,139.0,312.0,0.446,45.0,144.0,0.313,94.0,168.0,0.56,0.518,64.0,75.0,0.853,18.0,70.0,88.0,57.0,39.0,14.0,47.0,72.0,387.0,5954454.0
407,Davon Reed,SG,27.0,TOT,43.0,1.0,342.0,28.0,84.0,0.333,17.0,46.0,0.37,11.0,38.0,0.289,0.435,16.0,24.0,0.667,10.0,49.0,59.0,23.0,15.0,4.0,20.0,39.0,89.0,1902133.0
408,Paul Reed,C,23.0,PHI,69.0,2.0,755.0,124.0,209.0,0.593,1.0,6.0,0.167,123.0,203.0,0.606,0.596,38.0,51.0,0.745,112.0,150.0,262.0,27.0,46.0,51.0,45.0,123.0,287.0,1782621.0
409,Naz Reid,C,23.0,MIN,68.0,11.0,1251.0,310.0,577.0,0.537,75.0,217.0,0.346,235.0,360.0,0.653,0.602,86.0,127.0,0.677,73.0,260.0,333.0,77.0,42.0,53.0,92.0,176.0,781.0,1930681.0
410,Jared Rhoden,SG,23.0,DET,14.0,0.0,198.0,17.0,44.0,0.386,5.0,20.0,0.25,12.0,24.0,0.5,0.443,6.0,6.0,1.0,11.0,26.0,37.0,4.0,4.0,1.0,3.0,23.0,45.0,307089.0
411,Nick Richards,C,25.0,CHO,65.0,9.0,1217.0,197.0,313.0,0.629,1.0,1.0,1.0,196.0,312.0,0.628,0.631,137.0,183.0,0.749,147.0,269.0,416.0,38.0,11.0,71.0,59.0,154.0,532.0,1782621.0
412,Josh Richardson,SG,29.0,TOT,65.0,10.0,1530.0,239.0,554.0,0.431,107.0,293.0,0.365,132.0,261.0,0.506,0.528,69.0,81.0,0.852,41.0,134.0,175.0,174.0,69.0,20.0,86.0,117.0,654.0,4144320.0
413,Austin Rivers,SG,30.0,MIN,52.0,10.0,1016.0,91.0,209.0,0.435,43.0,123.0,0.35,48.0,86.0,0.558,0.538,30.0,39.0,0.769,5.0,78.0,83.0,75.0,28.0,4.0,23.0,80.0,255.0,2905851.0
414,Duncan Robinson,SF,28.0,MIA,42.0,1.0,691.0,88.0,237.0,0.371,63.0,192.0,0.328,25.0,45.0,0.556,0.504,29.0,32.0,0.906,8.0,61.0,69.0,46.0,14.0,0.0,28.0,77.0,268.0,16902000.0
415,Mitchell Robinson,C,24.0,NYK,59.0,58.0,1591.0,188.0,280.0,0.671,0.0,0.0,0.0,188.0,280.0,0.671,0.671,59.0,122.0,0.484,267.0,288.0,555.0,53.0,56.0,109.0,41.0,160.0,435.0,17045454.0
416,Orlando Robinson,C,22.0,MIA,31.0,1.0,425.0,47.0,89.0,0.528,0.0,6.0,0.0,47.0,83.0,0.566,0.528,22.0,31.0,0.71,48.0,78.0,126.0,25.0,12.0,12.0,16.0,53.0,116.0,386055.0
417,Jeremiah Robinson-Earl,PF,22.0,OKC,43.0,20.0,814.0,110.0,248.0,0.444,37.0,111.0,0.333,73.0,137.0,0.533,0.518,35.0,42.0,0.833,71.0,109.0,180.0,43.0,24.0,11.0,19.0,71.0,292.0,2000000.0
418,Isaiah Roby,PF,24.0,SAS,42.0,2.0,474.0,67.0,155.0,0.432,18.0,60.0,0.3,49.0,95.0,0.516,0.49,20.0,41.0,0.488,21.0,86.0,107.0,38.0,18.0,7.0,31.0,53.0,172.0,2330681.0
419,David Roddy,PF,21.0,MEM,70.0,4.0,1258.0,180.0,420.0,0.429,65.0,212.0,0.307,115.0,208.0,0.553,0.506,41.0,65.0,0.631,50.0,143.0,193.0,59.0,29.0,19.0,57.0,107.0,466.0,2588640.0
420,Ryan Rollins,PG,20.0,GSW,12.0,0.0,62.0,7.0,20.0,0.35,3.0,9.0,0.333,4.0,11.0,0.364,0.425,6.0,6.0,1.0,3.0,9.0,12.0,6.0,1.0,1.0,16.0,10.0,23.0,1017781.0
421,Derrick Rose,PG,34.0,NYK,27.0,0.0,338.0,61.0,159.0,0.384,19.0,63.0,0.302,42.0,96.0,0.438,0.443,11.0,12.0,0.917,8.0,32.0,40.0,46.0,7.0,5.0,22.0,18.0,152.0,14520730.0
422,Terrence Ross,SG,31.0,TOT,63.0,9.0,1330.0,200.0,465.0,0.43,95.0,258.0,0.368,105.0,207.0,0.507,0.532,27.0,34.0,0.794,22.0,132.0,154.0,95.0,35.0,10.0,43.0,97.0,522.0,11500000.0
423,Terry Rozier,SG,28.0,CHO,63.0,63.0,2221.0,493.0,1188.0,0.415,165.0,505.0,0.327,328.0,683.0,0.48,0.484,178.0,220.0,0.809,51.0,208.0,259.0,319.0,74.0,16.0,134.0,119.0,1329.0,21486316.0
424,Ricky Rubio,PG,32.0,CLE,33.0,2.0,566.0,61.0,178.0,0.343,21.0,82.0,0.256,40.0,96.0,0.417,0.402,28.0,35.0,0.8,9.0,61.0,70.0,115.0,26.0,6.0,31.0,51.0,171.0,5853659.0
425,D'Angelo Russell,PG,26.0,TOT,71.0,71.0,2304.0,445.0,948.0,0.469,194.0,490.0,0.396,251.0,458.0,0.548,0.572,179.0,216.0,0.829,35.0,180.0,215.0,437.0,70.0,29.0,186.0,140.0,1263.0,31377750.0
426,Matt Ryan,SF,25.0,TOT,34.0,0.0,310.0,40.0,108.0,0.37,32.0,84.0,0.381,8.0,24.0,0.333,0.519,10.0,12.0,0.833,4.0,22.0,26.0,16.0,5.0,1.0,7.0,27.0,122.0,806097.0
427,Domantas Sabonis,C,26.0,SAC,79.0,79.0,2736.0,577.0,938.0,0.615,31.0,83.0,0.373,546.0,855.0,0.639,0.632,325.0,438.0,0.742,251.0,722.0,973.0,573.0,65.0,39.0,230.0,279.0,1510.0,21100000.0
428,Luka Šamanić,PF,23.0,UTA,7.0,4.0,161.0,26.0,57.0,0.456,8.0,31.0,0.258,18.0,26.0,0.692,0.526,9.0,13.0,0.692,0.0,30.0,30.0,15.0,6.0,2.0,10.0,17.0,69.0,538317.0
429,Dario Šarić,PF-C,28.0,TOT,57.0,12.0,806.0,127.0,277.0,0.458,45.0,115.0,0.391,82.0,162.0,0.506,0.54,63.0,76.0,0.829,53.0,154.0,207.0,74.0,20.0,7.0,55.0,99.0,362.0,9240000.0
430,Olivier Sarr,C,23.0,OKC,9.0,1.0,114.0,15.0,30.0,0.5,1.0,8.0,0.125,14.0,22.0,0.636,0.517,5.0,7.0,0.714,12.0,19.0,31.0,4.0,1.0,5.0,4.0,17.0,36.0,257371.0
431,Jordan Schakel,SF,24.0,WAS,2.0,0.0,6.0,1.0,2.0,0.5,1.0,1.0,1.0,0.0,1.0,0.0,0.75,0.0,0.0,0.0,0.0,0.0,0.0,1.0,1.0,0.0,0.0,1.0,3.0,96514.0
432,Admiral Schofield,PF,25.0,ORL,37.0,0.0,451.0,55.0,122.0,0.451,24.0,74.0,0.324,31.0,48.0,0.646,0.549,21.0,23.0,0.913,23.0,39.0,62.0,31.0,8.0,5.0,16.0,61.0,155.0,877940.0
433,Dennis Schröder,PG,29.0,LAL,66.0,50.0,1986.0,270.0,650.0,0.415,74.0,225.0,0.329,196.0,425.0,0.461,0.472,216.0,252.0,0.857,21.0,144.0,165.0,298.0,50.0,10.0,112.0,145.0,830.0,2641682.0
434,Jay Scrubb,SG,22.0,ORL,2.0,0.0,30.0,5.0,7.0,0.714,2.0,2.0,1.0,3.0,5.0,0.6,0.857,1.0,2.0,0.5,0.0,6.0,6.0,1.0,2.0,0.0,3.0,2.0,13.0,49719.0
435,Dereon Seabron,SG,22.0,NOP,5.0,0.0,12.0,2.0,5.0,0.4,0.0,0.0,0.0,2.0,5.0,0.4,0.4,0.0,0.0,0.0,1.0,0.0,1.0,0.0,0.0,0.0,0.0,1.0,4.0,511816.0
436,Alperen Şengün,C,20.0,HOU,75.0,72.0,2171.0,442.0,799.0,0.553,19.0,57.0,0.333,423.0,742.0,0.57,0.565,206.0,288.0,0.715,242.0,436.0,678.0,291.0,70.0,70.0,193.0,258.0,1109.0,3375360.0
437,Collin Sexton,PG,24.0,UTA,48.0,15.0,1145.0,237.0,468.0,0.506,48.0,122.0,0.393,189.0,346.0,0.546,0.558,163.0,199.0,0.819,37.0,68.0,105.0,138.0,27.0,6.0,85.0,112.0,685.0,16700000.0
438,Landry Shamet,SG,25.0,PHO,40.0,9.0,807.0,113.0,300.0,0.377,75.0,199.0,0.377,38.0,101.0,0.376,0.502,45.0,51.0,0.882,11.0,56.0,67.0,93.0,26.0,5.0,36.0,61.0,346.0,9500000.0
439,Day'Ron Sharpe,C,21.0,BRK,48.0,3.0,552.0,93.0,171.0,0.544,6.0,11.0,0.545,87.0,160.0,0.544,0.561,35.0,55.0,0.636,99.0,101.0,200.0,37.0,15.0,32.0,42.0,89.0,227.0,2109480.0
440,Shaedon Sharpe,SG,19.0,POR,80.0,15.0,1779.0,306.0,648.0,0.472,102.0,283.0,0.36,204.0,365.0,0.559,0.551,75.0,105.0,0.714,63.0,173.0,236.0,94.0,38.0,24.0,83.0,136.0,789.0,6012960.0
441,Pascal Siakam,PF,28.0,TOR,71.0,71.0,2652.0,630.0,1313.0,0.48,93.0,287.0,0.324,537.0,1026.0,0.523,0.515,367.0,474.0,0.774,131.0,425.0,556.0,415.0,65.0,36.0,169.0,228.0,1720.0,35448672.0
442,Chris Silva,PF,26.0,DAL,1.0,0.0,3.0,1.0,1.0,1.0,0.0,0.0,0.0,1.0,1.0,1.0,1.0,0.0,0.0,0.0,0.0,0.0,0.0,0.0,0.0,0.0,1.0,2.0,2.0,211045.0
443,Ben Simmons,PG,26.0,BRK,42.0,33.0,1105.0,133.0,235.0,0.566,0.0,2.0,0.0,133.0,233.0,0.571,0.566,25.0,57.0,0.439,40.0,223.0,263.0,256.0,54.0,24.0,97.0,139.0,291.0,35448672.0
444,Kobi Simmons,SG,25.0,CHO,5.0,0.0,28.0,1.0,6.0,0.167,1.0,5.0,0.2,0.0,1.0,0.0,0.25,2.0,2.0,1.0,1.0,3.0,4.0,5.0,0.0,2.0,1.0,0.0,5.0,32795.0
445,Marko Simonovic,C,23.0,CHI,7.0,0.0,20.0,2.0,7.0,0.286,1.0,4.0,0.25,1.0,3.0,0.333,0.357,1.0,2.0,0.5,1.0,1.0,2.0,0.0,0.0,0.0,0.0,5.0,6.0,1563518.0
446,Anfernee Simons,SG,23.0,POR,62.0,62.0,2171.0,467.0,1045.0,0.447,212.0,562.0,0.377,255.0,483.0,0.528,0.548,160.0,179.0,0.894,18.0,143.0,161.0,253.0,42.0,14.0,128.0,142.0,1306.0,22321429.0
447,Jericho Sims,C,24.0,NYK,52.0,16.0,812.0,83.0,107.0,0.776,0.0,1.0,0.0,83.0,106.0,0.783,0.776,12.0,16.0,0.75,99.0,143.0,242.0,25.0,15.0,28.0,27.0,96.0,178.0,1639842.0
448,Marcus Smart,PG,28.0,BOS,61.0,61.0,1957.0,250.0,602.0,0.415,115.0,342.0,0.336,135.0,260.0,0.519,0.511,88.0,118.0,0.746,46.0,145.0,191.0,382.0,93.0,23.0,143.0,172.0,703.0,17207142.0
449,Dennis Smith Jr.,PG,25.0,CHO,54.0,15.0,1390.0,186.0,452.0,0.412,24.0,111.0,0.216,162.0,341.0,0.475,0.438,78.0,106.0,0.736,27.0,140.0,167.0,261.0,75.0,25.0,82.0,122.0,474.0,2133278.0
450,Dru Smith,SG,25.0,TOT,15.0,1.0,158.0,18.0,45.0,0.4,5.0,19.0,0.263,13.0,26.0,0.5,0.456,3.0,3.0,1.0,2.0,22.0,24.0,22.0,10.0,4.0,3.0,23.0,44.0,374357.0
451,Ish Smith,PG,34.0,DEN,43.0,0.0,398.0,52.0,131.0,0.397,2.0,12.0,0.167,50.0,119.0,0.42,0.405,2.0,4.0,0.5,5.0,49.0,54.0,100.0,8.0,7.0,44.0,33.0,108.0,4725000.0
452,Jabari Smith Jr.,PF,19.0,HOU,79.0,79.0,2451.0,364.0,892.0,0.408,120.0,391.0,0.307,244.0,501.0,0.487,0.475,162.0,206.0,0.786,122.0,447.0,569.0,101.0,43.0,74.0,104.0,227.0,1010.0,8882640.0
453,Jalen Smith,C,22.0,IND,68.0,31.0,1279.0,242.0,508.0,0.476,54.0,191.0,0.283,188.0,317.0,0.593,0.53,104.0,137.0,0.759,129.0,265.0,394.0,66.0,21.0,60.0,72.0,153.0,642.0,4670160.0
454,Xavier Sneed,SF,25.0,CHO,4.0,0.0,48.0,5.0,10.0,0.5,3.0,6.0,0.5,2.0,4.0,0.5,0.65,4.0,4.0,1.0,0.0,5.0,5.0,5.0,0.0,1.0,3.0,7.0,17.0,102910.0
455,Jeremy Sochan,PF,19.0,SAS,56.0,53.0,1458.0,250.0,552.0,0.453,33.0,134.0,0.246,217.0,418.0,0.519,0.483,81.0,116.0,0.698,95.0,200.0,295.0,142.0,43.0,23.0,97.0,138.0,614.0,5063520.0
456,Jaden Springer,SG,20.0,PHI,16.0,2.0,89.0,17.0,35.0,0.486,2.0,5.0,0.4,15.0,30.0,0.5,0.514,6.0,8.0,0.75,6.0,8.0,14.0,8.0,7.0,3.0,3.0,15.0,42.0,2125200.0
457,Lamar Stevens,SF,25.0,CLE,62.0,25.0,1120.0,129.0,288.0,0.448,30.0,95.0,0.316,99.0,193.0,0.513,0.5,40.0,57.0,0.702,48.0,159.0,207.0,33.0,27.0,19.0,27.0,79.0,328.0,1782621.0
458,Isaiah Stewart,C,21.0,DET,50.0,47.0,1414.0,195.0,441.0,0.442,67.0,205.0,0.327,128.0,236.0,0.542,0.518,110.0,149.0,0.738,115.0,288.0,403.0,70.0,20.0,34.0,68.0,133.0,567.0,3433320.0
459,Max Strus,SF,26.0,MIA,80.0,33.0,2272.0,324.0,790.0,0.41,197.0,563.0,0.35,127.0,227.0,0.559,0.535,78.0,89.0,0.876,49.0,209.0,258.0,171.0,42.0,12.0,70.0,166.0,923.0,1815677.0
460,Jalen Suggs,SG,21.0,ORL,53.0,19.0,1246.0,186.0,444.0,0.419,66.0,202.0,0.327,120.0,242.0,0.496,0.493,86.0,119.0,0.723,55.0,106.0,161.0,155.0,67.0,27.0,94.0,120.0,524.0,6922320.0
461,Edmond Sumner,SG,27.0,BRK,53.0,12.0,736.0,124.0,269.0,0.461,31.0,87.0,0.356,93.0,182.0,0.511,0.519,99.0,108.0,0.917,13.0,66.0,79.0,68.0,31.0,10.0,50.0,83.0,378.0,1968175.0
462,Cole Swider,SF,23.0,LAL,7.0,0.0,41.0,3.0,9.0,0.333,3.0,8.0,0.375,0.0,1.0,0.0,0.5,0.0,0.0,0.0,1.0,6.0,7.0,4.0,0.0,0.0,0.0,3.0,9.0,508891.0
463,Jae'Sean Tate,SF,27.0,HOU,31.0,7.0,677.0,110.0,229.0,0.48,13.0,46.0,0.283,97.0,183.0,0.53,0.509,50.0,69.0,0.725,41.0,77.0,118.0,84.0,21.0,7.0,47.0,106.0,283.0,7065217.0
464,Jayson Tatum,SF,24.0,BOS,74.0,74.0,2732.0,727.0,1559.0,0.466,240.0,686.0,0.35,487.0,873.0,0.558,0.543,531.0,622.0,0.854,78.0,571.0,649.0,342.0,78.0,51.0,213.0,160.0,2225.0,30351780.0
465,Terry Taylor,PF,23.0,TOT,31.0,2.0,264.0,39.0,75.0,0.52,5.0,19.0,0.263,34.0,56.0,0.607,0.553,6.0,11.0,0.545,27.0,20.0,47.0,10.0,3.0,6.0,9.0,26.0,89.0,1703902.0
466,Garrett Temple,SG,36.0,NOP,25.0,0.0,162.0,18.0,45.0,0.4,11.0,26.0,0.423,7.0,19.0,0.368,0.522,3.0,4.0,0.75,5.0,12.0,17.0,13.0,9.0,2.0,4.0,15.0,50.0,5155500.0
467,Dalen Terry,SG,20.0,CHI,38.0,0.0,214.0,32.0,72.0,0.444,7.0,27.0,0.259,25.0,45.0,0.556,0.493,14.0,21.0,0.667,12.0,25.0,37.0,22.0,11.0,5.0,8.0,24.0,85.0,3191400.0
468,Daniel Theis,C,30.0,IND,7.0,1.0,109.0,21.0,44.0,0.477,2.0,11.0,0.182,19.0,33.0,0.576,0.5,5.0,12.0,0.417,7.0,15.0,22.0,9.0,2.0,6.0,3.0,7.0,49.0,8694369.0
469,Cam Thomas,SG,21.0,BRK,57.0,4.0,948.0,201.0,456.0,0.441,51.0,133.0,0.383,150.0,323.0,0.464,0.497,151.0,174.0,0.868,8.0,87.0,95.0,78.0,20.0,7.0,63.0,55.0,604.0,2138160.0
470,Klay Thompson,SF,32.0,GSW,69.0,69.0,2279.0,546.0,1252.0,0.436,301.0,731.0,0.412,245.0,521.0,0.47,0.556,116.0,132.0,0.879,39.0,247.0,286.0,163.0,49.0,29.0,123.0,130.0,1509.0,40600080.0
471,JT Thor,PF,20.0,CHO,69.0,8.0,969.0,95.0,238.0,0.399,39.0,123.0,0.317,56.0,115.0,0.487,0.481,33.0,47.0,0.702,36.0,116.0,152.0,36.0,22.0,23.0,44.0,66.0,262.0,1563518.0
472,Matisse Thybulle,SF-SG,25.0,TOT,71.0,28.0,1200.0,110.0,253.0,0.435,54.0,148.0,0.365,56.0,105.0,0.533,0.542,19.0,28.0,0.679,40.0,100.0,140.0,53.0,83.0,32.0,24.0,113.0,293.0,4379526.0
473,Xavier Tillman Sr.,C,24.0,MEM,61.0,29.0,1180.0,188.0,306.0,0.614,4.0,15.0,0.267,184.0,291.0,0.632,0.621,49.0,89.0,0.551,121.0,186.0,307.0,96.0,58.0,29.0,44.0,97.0,429.0,1782621.0
474,Isaiah Todd,PF,21.0,WAS,6.0,1.0,61.0,3.0,19.0,0.158,1.0,10.0,0.1,2.0,9.0,0.222,0.184,2.0,2.0,1.0,2.0,10.0,12.0,4.0,1.0,0.0,2.0,4.0,9.0,1575000.0
475,Obi Toppin,PF,24.0,NYK,67.0,5.0,1050.0,187.0,419.0,0.446,85.0,247.0,0.344,102.0,172.0,0.593,0.548,38.0,47.0,0.809,29.0,158.0,187.0,66.0,23.0,12.0,38.0,68.0,497.0,5348280.0
476,Juan Toscano-Anderson,SF,29.0,TOT,52.0,9.0,700.0,64.0,143.0,0.448,8.0,43.0,0.186,56.0,100.0,0.56,0.476,19.0,24.0,0.792,28.0,96.0,124.0,65.0,16.0,10.0,34.0,80.0,155.0,2133278.0
477,Karl-Anthony Towns,PF,27.0,MIN,29.0,29.0,957.0,212.0,428.0,0.495,60.0,164.0,0.366,152.0,264.0,0.576,0.565,118.0,135.0,0.874,48.0,188.0,236.0,140.0,20.0,17.0,86.0,111.0,602.0,33833400.0
478,Gary Trent Jr.,SG,24.0,TOR,66.0,44.0,2118.0,405.0,935.0,0.433,166.0,450.0,0.369,239.0,485.0,0.493,0.522,172.0,205.0,0.839,30.0,143.0,173.0,106.0,104.0,14.0,55.0,102.0,1148.0,17280000.0
479,P.J. Tucker,PF,37.0,PHI,75.0,75.0,1920.0,96.0,225.0,0.427,55.0,140.0,0.393,41.0,85.0,0.482,0.549,19.0,23.0,0.826,95.0,200.0,295.0,60.0,39.0,15.0,44.0,180.0,266.0,10490000.0
480,Myles Turner,C,26.0,IND,62.0,62.0,1825.0,402.0,733.0,0.548,93.0,249.0,0.373,309.0,484.0,0.638,0.612,216.0,276.0,0.783,88.0,378.0,466.0,89.0,36.0,140.0,103.0,215.0,1113.0,35096500.0
481,Stanley Umude,SG,23.0,DET,1.0,0.0,2.0,0.0,1.0,0.0,0.0,1.0,0.0,0.0,0.0,0.0,0.0,2.0,2.0,1.0,0.0,0.0,0.0,0.0,1.0,1.0,0.0,0.0,2.0,58493.0
482,Jonas Valančiūnas,C,30.0,NOP,79.0,79.0,1968.0,446.0,816.0,0.547,38.0,109.0,0.349,408.0,707.0,0.577,0.57,185.0,224.0,0.826,225.0,579.0,804.0,140.0,20.0,52.0,159.0,245.0,1115.0,14700000.0
483,Jarred Vanderbilt,PF,23.0,TOT,78.0,65.0,1879.0,247.0,451.0,0.548,29.0,90.0,0.322,218.0,361.0,0.604,0.58,96.0,139.0,0.691,170.0,412.0,582.0,184.0,83.0,21.0,97.0,190.0,619.0,4374000.0
484,Fred VanVleet,PG,28.0,TOR,69.0,69.0,2535.0,437.0,1112.0,0.393,207.0,606.0,0.342,230.0,506.0,0.455,0.486,254.0,283.0,0.898,30.0,250.0,280.0,495.0,123.0,38.0,140.0,193.0,1335.0,21250000.0
485,Devin Vassell,SG,22.0,SAS,38.0,32.0,1178.0,261.0,595.0,0.439,103.0,266.0,0.387,158.0,329.0,0.48,0.525,78.0,100.0,0.78,8.0,140.0,148.0,136.0,43.0,17.0,57.0,57.0,703.0,4437000.0
486,Gabe Vincent,PG,26.0,MIA,68.0,34.0,1759.0,228.0,567.0,0.402,117.0,350.0,0.334,111.0,217.0,0.512,0.505,68.0,78.0,0.872,27.0,118.0,145.0,167.0,62.0,5.0,92.0,154.0,641.0,1815677.0
487,Noah Vonleh,C,27.0,BOS,23.0,1.0,171.0,11.0,24.0,0.458,1.0,4.0,0.25,10.0,20.0,0.5,0.479,2.0,2.0,1.0,18.0,30.0,48.0,7.0,2.0,8.0,11.0,35.0,25.0,1160955.0
488,Nikola Vučević,C,32.0,CHI,82.0,82.0,2746.0,597.0,1148.0,0.52,121.0,347.0,0.349,476.0,801.0,0.594,0.573,132.0,158.0,0.835,159.0,744.0,903.0,265.0,60.0,57.0,139.0,179.0,1447.0,22000000.0
489,Dean Wade,PF,26.0,CLE,44.0,13.0,891.0,73.0,177.0,0.412,45.0,127.0,0.354,28.0,50.0,0.56,0.54,15.0,23.0,0.652,20.0,130.0,150.0,37.0,28.0,21.0,17.0,89.0,206.0,1930681.0
490,Franz Wagner,SF,21.0,ORL,80.0,80.0,2609.0,542.0,1118.0,0.485,130.0,360.0,0.361,412.0,758.0,0.544,0.543,271.0,322.0,0.842,70.0,259.0,329.0,283.0,77.0,17.0,167.0,183.0,1485.0,5258280.0
491,Moritz Wagner,C,25.0,ORL,57.0,18.0,1109.0,198.0,396.0,0.5,51.0,163.0,0.313,147.0,233.0,0.631,0.564,153.0,182.0,0.841,69.0,190.0,259.0,84.0,37.0,13.0,68.0,136.0,600.0,1878720.0
492,Ish Wainright,SF,28.0,PHO,60.0,2.0,915.0,84.0,227.0,0.37,57.0,173.0,0.329,27.0,54.0,0.5,0.496,26.0,31.0,0.839,45.0,94.0,139.0,53.0,38.0,22.0,22.0,117.0,251.0,980057.0
493,Jabari Walker,SF,20.0,POR,56.0,0.0,619.0,83.0,198.0,0.419,16.0,56.0,0.286,67.0,142.0,0.472,0.46,34.0,45.0,0.756,48.0,83.0,131.0,34.0,10.0,13.0,29.0,69.0,216.0,1017781.0
494,Kemba Walker,PG,32.0,DAL,9.0,1.0,144.0,24.0,57.0,0.421,7.0,28.0,0.25,17.0,29.0,0.586,0.482,17.0,21.0,0.81,3.0,13.0,16.0,19.0,2.0,2.0,4.0,11.0,72.0,37281261.0
495,Lonnie Walker IV,SG,24.0,LAL,56.0,32.0,1297.0,236.0,527.0,0.448,91.0,249.0,0.365,145.0,278.0,0.522,0.534,91.0,106.0,0.858,14.0,95.0,109.0,64.0,30.0,17.0,46.0,71.0,654.0,6479000.0
496,John Wall,PG,32.0,LAC,34.0,3.0,755.0,138.0,338.0,0.408,33.0,109.0,0.303,105.0,229.0,0.459,0.457,77.0,113.0,0.681,14.0,78.0,92.0,178.0,27.0,12.0,80.0,59.0,386.0,47345760.0
497,T.J. Warren,PF-SF,29.0,TOT,42.0,0.0,687.0,132.0,270.0,0.489,22.0,67.0,0.328,110.0,203.0,0.542,0.53,28.0,35.0,0.8,26.0,95.0,121.0,40.0,22.0,12.0,20.0,65.0,314.0,2628597.0
498,Duane Washington Jr.,SG,22.0,PHO,31.0,3.0,394.0,94.0,256.0,0.367,40.0,111.0,0.36,54.0,145.0,0.372,0.445,16.0,24.0,0.667,2.0,34.0,36.0,63.0,6.0,4.0,34.0,23.0,244.0,628802.0
499,P.J. Washington,PF,24.0,CHO,73.0,73.0,2380.0,434.0,978.0,0.444,149.0,428.0,0.348,285.0,550.0,0.518,0.52,127.0,174.0,0.73,73.0,285.0,358.0,175.0,66.0,79.0,110.0,193.0,1144.0,5808435.0
500,TyTy Washington Jr.,PG,21.0,HOU,31.0,2.0,433.0,58.0,160.0,0.363,19.0,80.0,0.238,39.0,80.0,0.488,0.422,10.0,18.0,0.556,2.0,43.0,45.0,47.0,15.0,2.0,14.0,29.0,145.0,2210040.0
501,Yuta Watanabe,SF,28.0,BRK,58.0,1.0,928.0,114.0,232.0,0.491,60.0,135.0,0.444,54.0,97.0,0.557,0.621,34.0,47.0,0.723,30.0,111.0,141.0,48.0,25.0,17.0,22.0,80.0,322.0,1968175.0
502,Lindy Waters III,SG,25.0,OKC,41.0,0.0,531.0,70.0,178.0,0.393,58.0,162.0,0.358,12.0,16.0,0.75,0.556,16.0,20.0,0.8,16.0,59.0,75.0,28.0,14.0,11.0,10.0,42.0,214.0,2316876.0
503,Trendon Watford,PF,22.0,POR,62.0,12.0,1182.0,181.0,323.0,0.56,25.0,64.0,0.391,156.0,259.0,0.602,0.599,72.0,100.0,0.72,42.0,196.0,238.0,130.0,32.0,12.0,71.0,118.0,459.0,1563518.0
504,Peyton Watson,SG,20.0,DEN,23.0,2.0,186.0,29.0,59.0,0.492,6.0,14.0,0.429,23.0,45.0,0.511,0.542,11.0,20.0,0.55,8.0,29.0,37.0,11.0,2.0,11.0,8.0,14.0,75.0,2193960.0
505,Blake Wesley,SG,19.0,SAS,37.0,1.0,669.0,69.0,215.0,0.321,20.0,52.0,0.385,49.0,163.0,0.301,0.367,26.0,44.0,0.591,11.0,70.0,81.0,99.0,25.0,5.0,65.0,67.0,184.0,2385480.0
506,Russell Westbrook,PG,34.0,TOT,73.0,24.0,2126.0,432.0,991.0,0.436,89.0,286.0,0.311,343.0,705.0,0.487,0.481,206.0,314.0,0.656,89.0,334.0,423.0,551.0,76.0,33.0,255.0,162.0,1159.0,47080179.0
507,Coby White,SG,22.0,CHI,74.0,2.0,1730.0,263.0,594.0,0.443,128.0,344.0,0.372,135.0,250.0,0.54,0.551,61.0,70.0,0.871,16.0,196.0,212.0,204.0,54.0,6.0,74.0,122.0,715.0,7413955.0
508,Derrick White,SG,28.0,BOS,82.0,70.0,2319.0,350.0,758.0,0.462,149.0,391.0,0.381,201.0,367.0,0.548,0.56,168.0,192.0,0.875,52.0,241.0,293.0,321.0,54.0,76.0,95.0,177.0,1017.0,17142857.0
509,Jack White,SF,25.0,DEN,17.0,0.0,66.0,8.0,19.0,0.421,3.0,9.0,0.333,5.0,10.0,0.5,0.5,2.0,3.0,0.667,6.0,11.0,17.0,4.0,3.0,2.0,2.0,9.0,21.0,508891.0
510,Joe Wieskamp,SF,23.0,TOR,9.0,0.0,50.0,3.0,14.0,0.214,3.0,12.0,0.25,0.0,2.0,0.0,0.321,0.0,0.0,0.0,0.0,4.0,4.0,3.0,0.0,0.0,1.0,3.0,9.0,2909261.0
511,Aaron Wiggins,SG,24.0,OKC,70.0,14.0,1297.0,186.0,363.0,0.512,48.0,122.0,0.393,138.0,241.0,0.573,0.579,59.0,71.0,0.831,68.0,142.0,210.0,80.0,39.0,15.0,55.0,110.0,479.0,1563518.0
512,Andrew Wiggins,SF,27.0,GSW,37.0,37.0,1190.0,250.0,529.0,0.473,89.0,225.0,0.396,161.0,304.0,0.53,0.557,44.0,72.0,0.611,61.0,125.0,186.0,85.0,45.0,28.0,48.0,107.0,633.0,33616770.0
513,Lindell Wigginton,PG,24.0,MIL,7.0,1.0,87.0,18.0,37.0,0.486,6.0,18.0,0.333,12.0,19.0,0.632,0.568,8.0,9.0,0.889,0.0,7.0,7.0,14.0,0.0,2.0,12.0,7.0,50.0,99438.0
514,Alondes Williams,SG,23.0,BRK,1.0,0.0,5.0,0.0,0.0,0.0,0.0,0.0,0.0,0.0,0.0,0.0,0.0,0.0,0.0,0.0,0.0,1.0,1.0,0.0,0.0,0.0,2.0,1.0,0.0,254446.0
515,Donovan Williams,SG,21.0,ATL,2.0,0.0,4.0,2.0,5.0,0.4,0.0,2.0,0.0,2.0,3.0,0.667,0.4,0.0,0.0,0.0,0.0,2.0,2.0,0.0,0.0,0.0,0.0,0.0,4.0,239822.0
516,Grant Williams,PF,24.0,BOS,79.0,23.0,2045.0,216.0,476.0,0.454,115.0,291.0,0.395,101.0,185.0,0.546,0.575,94.0,122.0,0.77,87.0,276.0,363.0,131.0,41.0,31.0,82.0,192.0,641.0,4306281.0
517,Jalen Williams,SG,21.0,OKC,75.0,62.0,2276.0,414.0,794.0,0.521,73.0,205.0,0.356,341.0,589.0,0.579,0.567,155.0,191.0,0.812,84.0,253.0,337.0,248.0,103.0,35.0,123.0,191.0,1056.0,4341480.0
518,Jaylin Williams,C,20.0,OKC,49.0,36.0,914.0,102.0,234.0,0.436,46.0,113.0,0.407,56.0,121.0,0.463,0.534,38.0,54.0,0.704,44.0,197.0,241.0,76.0,28.0,12.0,37.0,111.0,288.0,2000000.0
519,Jeenathan Williams,SG,23.0,POR,5.0,4.0,127.0,24.0,39.0,0.615,3.0,8.0,0.375,21.0,31.0,0.677,0.654,2.0,3.0,0.667,10.0,5.0,15.0,10.0,3.0,2.0,4.0,13.0,53.0,52644.0
520,Kenrich Williams,PF,28.0,OKC,53.0,10.0,1206.0,179.0,346.0,0.517,50.0,134.0,0.373,129.0,212.0,0.608,0.59,17.0,39.0,0.436,97.0,164.0,261.0,105.0,45.0,14.0,32.0,112.0,425.0,2000000.0
521,Mark Williams,C,21.0,CHO,43.0,17.0,828.0,160.0,251.0,0.637,0.0,0.0,0.0,160.0,251.0,0.637,0.637,67.0,97.0,0.691,93.0,211.0,304.0,18.0,28.0,45.0,40.0,94.0,387.0,3722040.0
522,Patrick Williams,PF,21.0,CHI,82.0,65.0,2323.0,314.0,677.0,0.464,115.0,277.0,0.415,199.0,400.0,0.498,0.549,90.0,105.0,0.857,78.0,249.0,327.0,100.0,72.0,70.0,101.0,147.0,833.0,7775400.0
523,Robert Williams,C,25.0,BOS,35.0,20.0,824.0,127.0,170.0,0.747,0.0,1.0,0.0,127.0,169.0,0.751,0.747,25.0,41.0,0.61,104.0,188.0,292.0,50.0,22.0,48.0,34.0,68.0,279.0,10714287.0
524,Vince Williams Jr.,SG,22.0,MEM,15.0,1.0,105.0,12.0,40.0,0.3,4.0,28.0,0.143,8.0,12.0,0.667,0.35,2.0,2.0,1.0,4.0,11.0,15.0,4.0,6.0,2.0,5.0,12.0,30.0,508891.0
525,Ziaire Williams,SF,21.0,MEM,37.0,4.0,561.0,84.0,196.0,0.429,25.0,97.0,0.258,59.0,99.0,0.596,0.492,17.0,22.0,0.773,16.0,63.0,79.0,35.0,14.0,6.0,37.0,58.0,210.0,4591680.0
526,Zion Williamson,PF,22.0,NOP,29.0,29.0,956.0,285.0,469.0,0.608,7.0,19.0,0.368,278.0,450.0,0.618,0.615,177.0,248.0,0.714,58.0,144.0,202.0,133.0,32.0,16.0,99.0,65.0,754.0,13534817.0
527,Dylan Windler,SF,26.0,CLE,3.0,0.0,10.0,2.0,3.0,0.667,1.0,2.0,0.5,1.0,1.0,1.0,0.833,0.0,0.0,0.0,0.0,0.0,0.0,1.0,1.0,0.0,1.0,0.0,5.0,4037277.0
528,Justise Winslow,PF,26.0,POR,29.0,11.0,776.0,81.0,198.0,0.409,14.0,45.0,0.311,67.0,153.0,0.438,0.444,20.0,28.0,0.714,49.0,96.0,145.0,98.0,30.0,11.0,43.0,89.0,196.0,4097561.0
529,James Wiseman,C,21.0,TOT,45.0,22.0,867.0,189.0,339.0,0.558,4.0,20.0,0.2,185.0,319.0,0.58,0.563,68.0,97.0,0.701,73.0,194.0,267.0,30.0,7.0,27.0,51.0,108.0,450.0,9603360.0
530,Christian Wood,C,27.0,DAL,67.0,17.0,1738.0,396.0,769.0,0.515,105.0,279.0,0.376,291.0,490.0,0.594,0.583,217.0,281.0,0.772,87.0,404.0,491.0,121.0,30.0,72.0,121.0,169.0,1114.0,14317459.0
531,Delon Wright,PG,30.0,WAS,50.0,14.0,1221.0,138.0,291.0,0.474,41.0,119.0,0.345,97.0,172.0,0.564,0.545,52.0,60.0,0.867,58.0,122.0,180.0,194.0,92.0,17.0,44.0,59.0,369.0,7804878.0
532,McKinley Wright IV,PG,24.0,DAL,27.0,1.0,335.0,46.0,98.0,0.469,9.0,28.0,0.321,37.0,70.0,0.529,0.515,13.0,19.0,0.684,9.0,38.0,47.0,58.0,8.0,5.0,19.0,24.0,114.0,508891.0
533,Gabe York,SG,29.0,IND,3.0,0.0,56.0,8.0,21.0,0.381,6.0,18.0,0.333,2.0,3.0,0.667,0.524,2.0,2.0,1.0,0.0,6.0,6.0,5.0,2.0,0.0,0.0,5.0,24.0,32171.0
534,Thaddeus Young,PF,34.0,TOR,54.0,9.0,795.0,108.0,198.0,0.545,6.0,34.0,0.176,102.0,164.0,0.622,0.561,18.0,26.0,0.692,71.0,95.0,166.0,75.0,54.0,5.0,42.0,88.0,240.0,8000000.0
535,Trae Young,PG,24.0,ATL,73.0,73.0,2541.0,597.0,1390.0,0.429,154.0,460.0,0.335,443.0,930.0,0.476,0.485,566.0,639.0,0.886,56.0,161.0,217.0,741.0,80.0,9.0,300.0,104.0,1914.0,37096500.0
536,Omer Yurtseven,C,24.0,MIA,9.0,0.0,83.0,16.0,27.0,0.593,3.0,7.0,0.429,13.0,20.0,0.65,0.648,5.0,6.0,0.833,8.0,15.0,23.0,2.0,2.0,2.0,4.0,16.0,40.0,1752638.0
537,Cody Zeller,C,30.0,MIA,15.0,2.0,217.0,37.0,59.0,0.627,0.0,2.0,0.0,37.0,57.0,0.649,0.627,24.0,35.0,0.686,25.0,39.0,64.0,10.0,3.0,4.0,14.0,33.0,98.0,743922.0
538,Ivica Zubac,C,25.0,LAC,76.0,76.0,2170.0,326.0,514.0,0.634,0.0,2.0,0.0,326.0,512.0,0.637,0.634,166.0,238.0,0.697,236.0,520.0,756.0,77.0,29.0,98.0,117.0,219.0,818.0,10123457.0
