,Player,MP_pg,FG_pg,FGA_pg,3P_pg,3PA_pg,2P_pg,2PA_pg,FT_pg,FTA_pg,ORB_pg,DRB_pg,TRB_pg,AST_pg,STL_pg,BLK_pg,TOV_pg,PF_pg,PTS_pg,Salary
0,Precious Achiuwa,20.7,3.6,7.3,0.5,2.0,3.0,5.4,1.6,2.3,1.8,4.1,6.0,0.9,0.6,0.5,1.1,1.9,9.2,2840160.0
1,Steven Adams,27.0,3.7,6.3,0.0,0.0,3.7,6.2,1.1,3.1,5.1,6.5,11.5,2.3,0.9,1.1,1.9,2.3,8.6,17926829.0
2,Bam Adebayo,34.6,8.0,14.9,0.0,0.2,8.0,14.7,4.3,5.4,2.5,6.7,9.2,3.2,1.2,0.8,2.5,2.8,20.4,30351780.0
3,Ochai Agbaji,20.5,2.8,6.5,1.4,3.9,1.4,2.7,0.9,1.2,0.7,1.3,2.1,1.1,0.3,0.3,0.7,1.7,7.9,3918360.0
4,Santi Aldama,21.8,3.2,6.8,1.2,3.5,2.0,3.4,1.4,1.9,1.1,3.7,4.8,1.3,0.6,0.6,0.8,1.9,9.0,2094120.0
5,Nickeil Alexander-Walker,15.0,2.2,5.0,1.0,2.7,1.2,2.3,0.7,1.0,0.3,1.5,1.7,1.8,0.5,0.4,0.9,1.5,6.2,5009633.0
6,Grayson Allen,27.4,3.4,7.7,2.0,5.1,1.4,2.7,1.6,1.8,0.8,2.4,3.3,2.3,0.9,0.2,1.0,1.6,10.4,8925000.0
7,Jarrett Allen,32.6,5.9,9.2,0.0,0.1,5.9,9.1,2.4,3.3,3.3,6.5,9.8,1.7,0.8,1.2,1.4,2.3,14.3,20000000.0
8,Jose Alvarado,21.5,3.3,8.0,1.4,4.0,1.9,4.0,1.1,1.3,0.5,1.9,2.3,3.0,1.1,0.2,1.3,2.0,9.0,1563518.0
9,Kyle Anderson,28.4,3.7,7.2,0.6,1.5,3.0,5.7,1.4,2.0,1.0,4.4,5.3,4.9,1.1,0.9,1.5,2.1,9.4,8780488.0
10,Giannis Antetokounmpo,32.1,11.2,20.3,0.7,2.7,10.5,17.6,7.9,12.3,2.2,9.6,11.8,5.7,0.8,0.8,3.9,3.1,31.1,42492492.0
11,Thanasis Antetokounmpo,5.6,0.5,1.2,0.0,0.2,0.5,1.0,0.3,0.6,0.4,0.8,1.2,0.4,0.1,0.1,0.3,0.6,1.4,1878720.0
12,Cole Anthony,25.9,4.6,10.2,1.3,3.4,3.4,6.7,2.5,2.8,0.8,4.0,4.8,3.9,0.6,0.5,1.5,2.6,13.0,3613680.0
13,OG Anunoby,35.6,6.3,13.2,2.1,5.5,4.2,7.7,2.1,2.5,1.4,3.5,5.0,2.0,1.9,0.7,2.0,3.0,16.8,17357143.0
14,Ryan Arcidiacono,8.6,0.5,1.9,0.4,1.2,0.1,0.7,0.0,0.0,0.0,0.8,0.8,1.2,0.3,0.0,0.4,0.9,1.3,1836090.0
15,Deni Avdija,26.6,3.3,7.6,0.9,3.1,2.4,4.6,1.6,2.2,1.0,5.4,6.4,2.8,0.9,0.4,1.6,2.8,9.2,4916160.0
16,Deandre Ayton,30.4,7.8,13.2,0.1,0.4,7.7,12.9,2.3,3.0,2.6,7.4,10.0,1.7,0.6,0.8,1.8,2.8,18.0,30913750.0
17,Udoka Azubuike,10.0,1.6,2.0,0.0,0.0,1.6,2.0,0.2,0.6,0.9,2.4,3.3,0.3,0.2,0.4,0.5,0.9,3.5,2174880.0
18,Marvin Bagley III,23.6,4.8,9.1,0.5,1.6,4.4,7.5,1.9,2.6,2.2,4.2,6.4,0.9,0.5,0.7,1.1,1.9,12.0,12500000.0
19,Patrick Baldwin Jr.,7.3,1.4,3.5,1.0,2.7,0.4,0.8,0.1,0.2,0.0,1.3,1.3,0.4,0.2,0.1,0.4,0.5,3.9,2226000.0
20,LaMelo Ball,35.2,8.2,20.0,4.0,10.6,4.2,9.4,2.8,3.4,1.2,5.3,6.4,8.4,1.3,0.3,3.6,3.3,23.3,8623920.0
21,Mo Bamba,15.7,2.4,4.9,1.0,2.5,1.4,2.4,0.8,1.3,1.2,3.4,4.6,0.9,0.3,0.9,0.6,2.1,6.6,10300000.0
22,Paolo Banchero,33.8,6.7,15.6,1.2,4.0,5.5,11.6,5.5,7.4,1.2,5.7,6.9,3.7,0.8,0.5,2.8,2.2,20.0,11055120.0
23,Desmond Bane,31.7,7.8,16.2,2.9,7.0,4.9,9.2,3.1,3.5,0.7,4.3,5.0,4.4,1.0,0.4,2.2,2.6,21.5,2130240.0
24,Dalano Banton,9.0,1.8,4.2,0.5,1.6,1.3,2.5,0.5,0.8,0.4,1.1,1.5,1.2,0.4,0.4,0.6,1.1,4.6,1563518.0
25,Dominick Barlow,14.6,1.6,3.1,0.0,0.1,1.6,2.9,0.6,0.9,1.6,2.0,3.6,0.9,0.4,0.7,0.5,2.0,3.9,508891.0
26,Harrison Barnes,32.5,4.6,9.6,1.6,4.3,3.0,5.3,4.3,5.0,1.1,3.4,4.5,1.6,0.7,0.1,1.0,1.3,15.0,18352273.0
27,Scottie Barnes,34.8,6.0,13.2,0.8,2.9,5.2,10.3,2.5,3.2,2.3,4.3,6.6,4.8,1.1,0.8,2.0,2.2,15.3,7644600.0
28,RJ Barrett,33.9,7.0,16.1,1.7,5.3,5.3,10.8,4.0,5.4,0.8,4.2,5.0,2.8,0.4,0.2,2.2,2.5,19.6,10900634.0
29,Will Barton,17.7,2.5,6.5,1.2,3.2,1.3,3.3,0.7,0.8,0.3,2.2,2.4,2.0,0.5,0.2,0.9,1.0,6.8,15059712.0
30,Charles Bassey,14.5,2.5,3.9,0.1,0.2,2.4,3.6,0.6,1.1,2.1,3.4,5.5,1.3,0.5,0.9,1.2,2.1,5.7,2674742.0
31,Keita Bates-Diop,21.7,3.5,6.9,0.8,2.1,2.7,4.8,1.8,2.2,1.0,2.7,3.7,1.5,0.7,0.3,0.8,0.9,9.7,1878720.0
32,Nicolas Batum,21.9,2.1,4.9,1.6,4.1,0.5,0.8,0.4,0.6,0.8,3.0,3.8,1.6,0.7,0.6,0.6,1.9,6.1,19700319.0
33,Darius Bazley,14.3,1.9,4.3,0.5,1.2,1.5,3.0,0.9,1.6,0.8,2.4,3.2,0.9,0.5,0.8,0.6,1.0,5.2,4264628.0
34,Bradley Beal,33.5,8.9,17.6,1.6,4.4,7.3,13.2,3.8,4.6,0.8,3.1,3.9,5.4,0.9,0.7,2.9,2.1,23.2,43279250.0
35,Malik Beasley,25.8,4.6,11.6,2.9,8.1,1.7,3.4,0.6,0.8,0.4,3.1,3.5,1.5,0.8,0.1,1.1,1.3,12.7,15558035.0
36,MarJon Beauchamp,13.5,1.8,4.7,0.9,2.7,0.9,1.9,0.5,0.7,0.7,1.5,2.2,0.7,0.4,0.1,0.9,1.4,5.1,2485200.0
37,Dāvis Bertāns,10.9,1.5,3.6,1.2,3.1,0.3,0.4,0.3,0.3,0.2,1.0,1.2,0.5,0.2,0.2,0.2,1.2,4.6,16000000.0
38,Patrick Beverley,27.1,2.1,5.4,1.2,3.6,1.0,1.8,0.7,1.0,0.7,3.0,3.7,2.9,0.9,0.6,0.9,2.8,6.2,13801614.0
39,Saddiq Bey,27.6,4.6,10.9,2.0,5.4,2.6,5.4,2.7,3.1,1.3,3.4,4.7,1.5,0.9,0.2,0.9,1.6,13.8,2959080.0
40,Khem Birch,8.1,1.0,1.6,0.1,0.1,0.9,1.5,0.2,0.3,0.4,0.9,1.3,0.4,0.3,0.3,0.4,1.2,2.2,6667500.0
41,Goga Bitadze,12.0,1.8,3.3,0.2,0.7,1.7,2.6,0.6,1.1,1.6,2.0,3.6,1.0,0.4,0.7,0.6,1.7,4.4,5377520.0
42,Bismack Biyombo,14.3,2.0,3.4,0.0,0.0,2.0,3.4,0.4,1.1,1.5,2.8,4.3,0.9,0.3,1.4,0.8,1.9,4.3,2905851.0
43,Buddy Boeheim,9.0,0.5,2.7,0.4,2.5,0.1,0.2,0.2,0.2,0.2,0.4,0.6,0.4,0.2,0.0,0.0,0.6,1.6,508891.0
44,Bogdan Bogdanović,27.9,5.1,11.3,2.7,6.7,2.4,4.6,1.2,1.4,0.4,2.6,3.1,2.8,0.8,0.3,1.2,1.6,14.0,18000000.0
45,Bojan Bogdanović,32.1,7.3,14.9,2.5,6.0,4.8,9.0,4.5,5.1,0.6,3.2,3.8,2.6,0.6,0.1,2.3,1.9,21.6,19550000.0
46,Bol Bol,21.5,3.7,6.8,0.4,1.6,3.3,5.2,1.2,1.5,1.0,4.8,5.8,1.0,0.4,1.2,1.6,1.3,9.1,2200000.0
47,Leandro Bolmaro,4.9,0.2,1.4,0.0,0.3,0.2,1.1,0.0,0.0,0.3,0.2,0.5,0.5,0.2,0.1,0.5,0.7,0.4,1709300.0
48,Devin Booker,34.6,9.9,20.1,2.1,6.0,7.8,14.2,5.8,6.8,0.9,3.7,4.5,5.5,1.0,0.3,2.7,3.0,27.8,33833400.0
50,Chris Boucher,20.0,3.4,7.0,0.8,2.5,2.6,4.5,1.7,2.2,2.1,3.5,5.5,0.4,0.6,0.8,0.5,1.9,9.4,12690000.0
51,James Bouknight,15.1,2.0,5.7,1.0,3.2,1.1,2.5,0.6,0.9,0.2,1.9,2.1,1.2,0.4,0.1,0.9,1.4,5.6,4362240.0
52,Jamaree Bouyea,14.2,1.2,2.8,0.4,1.2,0.8,1.6,0.2,0.4,0.2,1.0,1.2,0.8,0.8,0.4,0.8,1.2,3.0,116986.0
53,Tony Bradley,2.8,0.5,1.0,0.3,0.4,0.3,0.6,0.3,0.3,0.1,0.8,0.9,0.1,0.1,0.1,0.1,0.2,1.6,2036318.0
54,Malaki Branham,23.5,4.1,9.3,1.2,3.9,2.9,5.4,0.9,1.1,0.4,2.3,2.7,1.9,0.5,0.1,1.2,1.7,10.2,2925600.0
55,Jarrell Brantley,9.8,2.0,3.5,1.0,2.3,1.0,1.3,0.5,0.5,0.3,1.3,1.5,0.8,0.0,0.5,0.5,0.8,5.5,105522.0
56,Christian Braun,15.5,1.9,3.8,0.4,1.3,1.4,2.5,0.5,0.8,0.6,1.8,2.4,0.8,0.5,0.2,0.5,1.3,4.7,2808600.0
57,Mikal Bridges,35.7,7.1,15.3,2.0,5.3,5.1,9.9,3.8,4.3,1.0,3.4,4.4,3.3,1.1,0.7,1.5,1.9,20.1,20100000.0
58,Oshae Brissett,16.7,1.9,4.9,0.7,2.4,1.2,2.5,1.6,2.2,1.0,2.4,3.4,0.7,0.5,0.2,0.5,1.2,6.1,1846738.0
59,Malcolm Brogdon,26.0,5.3,10.9,2.0,4.4,3.3,6.5,2.4,2.7,0.6,3.6,4.2,3.7,0.7,0.3,1.5,1.6,14.9,22600000.0
60,Dillon Brooks,30.3,5.4,13.6,2.0,6.0,3.4,7.6,1.6,2.1,0.6,2.7,3.3,2.6,0.9,0.2,1.4,3.3,14.3,11400000.0
61,Bruce Brown,28.5,4.5,9.3,1.1,3.2,3.3,6.1,1.5,1.9,0.8,3.3,4.1,3.4,1.1,0.6,1.5,2.4,11.5,6479000.0
62,Greg Brown III,5.8,0.7,1.8,0.1,0.4,0.6,1.3,0.3,0.8,0.1,1.1,1.2,0.2,0.3,0.3,0.4,0.8,1.8,1563518.0
63,Jaylen Brown,35.9,10.1,20.6,2.4,7.3,7.7,13.4,3.9,5.1,1.2,5.7,6.9,3.5,1.1,0.4,2.9,2.6,26.6,29776785.0
64,Kendall Brown,6.7,0.7,1.2,0.0,0.2,0.7,1.0,0.2,0.3,0.3,0.7,1.0,0.5,0.7,0.0,0.3,1.5,1.5,508891.0
65,Moses Brown,8.2,1.7,2.7,0.0,0.0,1.7,2.7,0.9,2.0,1.6,2.3,3.9,0.1,0.1,0.4,0.4,1.1,4.3,824041.0
66,Sterling Brown,6.0,0.0,1.0,0.0,0.5,0.0,0.5,0.0,0.0,0.8,1.3,2.0,0.5,0.8,0.0,0.0,1.0,0.0,3122602.0
67,Troy Brown Jr.,24.5,2.6,6.1,1.4,3.7,1.2,2.4,0.4,0.5,0.8,3.2,4.1,1.3,0.8,0.2,0.6,1.6,7.1,1968175.0
68,Jalen Brunson,35.0,8.6,17.6,2.0,4.7,6.7,12.8,4.8,5.8,0.6,3.0,3.5,6.2,0.9,0.2,2.1,2.2,24.0,27733332.0
69,Thomas Bryant,18.3,3.9,6.3,0.4,1.0,3.5,5.3,1.6,2.1,1.5,4.3,5.7,0.5,0.3,0.5,0.6,1.7,9.8,1968175.0
70,Reggie Bullock,30.3,2.5,6.0,1.9,5.1,0.5,0.9,0.3,0.5,0.4,3.2,3.6,1.4,0.7,0.2,0.5,2.1,7.2,10012800.0
71,Alec Burks,22.0,3.9,9.0,1.9,4.7,2.0,4.3,3.0,3.7,0.4,2.7,3.1,2.2,0.7,0.2,1.1,1.9,12.8,10012800.0
72,Deonte Burton,3.0,0.0,1.0,0.0,0.5,0.0,0.5,0.0,0.0,0.0,0.0,0.0,0.0,0.0,0.0,0.0,0.0,0.0,105522.0
73,Jared Butler,12.8,2.5,5.3,1.2,2.3,1.3,3.0,0.0,0.0,0.2,0.5,0.7,1.3,0.8,0.0,0.8,0.8,6.2,1674655.0
74,Jimmy Butler,33.4,7.5,13.9,0.6,1.6,6.9,12.3,7.4,8.7,2.2,3.7,5.9,5.3,1.8,0.3,1.6,1.3,22.9,37653300.0
75,John Butler,11.6,0.9,2.8,0.4,1.8,0.5,0.9,0.2,0.2,0.2,0.7,0.9,0.6,0.4,0.5,0.1,1.2,2.4,503041.0
76,Jamal Cain,13.3,2.1,3.7,0.4,1.1,1.7,2.6,0.9,1.2,0.8,2.1,2.9,0.7,0.6,0.1,0.3,1.2,5.4,508891.0
77,Kentavious Caldwell-Pope,31.3,3.8,8.3,1.8,4.2,2.1,4.1,1.4,1.6,0.5,2.3,2.7,2.4,1.5,0.5,1.1,1.9,10.8,14004703.0
78,Facundo Campazzo,6.5,0.4,1.6,0.4,1.4,0.0,0.3,0.1,0.3,0.0,0.3,0.3,1.1,0.8,0.0,0.4,0.4,1.3,464299.0
79,Vlatko Čančar,14.8,1.8,3.8,0.7,1.9,1.1,1.9,0.6,0.7,0.4,1.7,2.1,1.3,0.4,0.2,0.6,1.4,5.0,2234359.0
80,Clint Capela,26.6,5.4,8.2,0.0,0.0,5.4,8.2,1.2,2.0,4.0,7.1,11.0,0.9,0.7,1.2,0.8,2.1,12.0,18206896.0
81,Vernon Carey Jr.,2.5,0.2,0.7,0.0,0.0,0.2,0.7,0.2,0.2,0.3,0.7,1.0,0.3,0.2,0.2,0.2,0.5,0.5,1882621.0
82,Jevon Carter,22.3,3.0,7.0,1.8,4.2,1.2,2.8,0.4,0.5,0.4,2.1,2.5,2.4,0.8,0.4,1.0,2.0,8.0,6025000.0
83,Wendell Carter Jr.,29.6,5.6,10.8,1.4,3.9,4.2,6.8,2.5,3.4,2.1,6.6,8.7,2.3,0.5,0.6,1.9,2.8,15.2,14150000.0
84,Michael Carter-Williams,11.0,1.5,3.5,0.3,0.8,1.3,2.8,1.0,1.8,0.3,1.0,1.3,1.8,0.3,0.3,1.0,1.3,4.3,652829.0
85,Alex Caruso,23.5,1.9,4.3,0.8,2.3,1.1,2.0,0.9,1.1,0.6,2.3,2.9,2.9,1.5,0.7,1.1,2.4,5.6,9030000.0
86,Julian Champagnie,18.8,3.5,7.6,1.9,4.8,1.5,2.8,0.8,1.0,0.6,2.9,3.5,0.6,0.4,0.3,0.6,1.5,9.7,508891.0
87,Justin Champagnie,6.8,1.0,3.0,0.2,1.0,0.8,2.0,0.0,0.0,0.6,1.0,1.6,0.8,0.2,0.0,0.0,0.4,2.2,853241.0
88,Kennedy Chandler,7.8,1.0,2.3,0.1,0.4,0.9,1.9,0.2,0.4,0.3,0.8,1.1,1.6,0.3,0.1,0.5,0.4,2.2,1200000.0
89,Max Christie,12.5,1.1,2.6,0.6,1.5,0.4,1.1,0.3,0.4,0.2,1.7,1.8,0.5,0.2,0.2,0.3,0.8,3.1,1017781.0
90,Josh Christopher,12.3,2.4,5.1,0.3,1.4,2.1,3.8,0.7,0.9,0.3,0.8,1.1,1.1,0.5,0.2,0.9,0.9,5.8,2372160.0
91,Brandon Clarke,19.5,4.1,6.2,0.0,0.1,4.1,6.1,1.8,2.4,1.6,3.9,5.5,1.3,0.6,0.7,1.0,2.3,10.0,4343919.0
92,Jordan Clarkson,32.6,7.5,16.9,2.5,7.5,5.0,9.4,3.3,4.0,1.2,2.9,4.0,4.4,0.5,0.2,3.0,2.0,20.8,13340000.0
93,Nic Claxton,29.9,5.4,7.7,0.0,0.0,5.4,7.7,1.8,3.2,2.4,6.8,9.2,1.9,0.9,2.5,1.3,2.8,12.6,9350000.0
94,Amir Coffey,12.5,1.1,2.9,0.2,0.8,0.9,2.1,1.0,1.3,0.3,0.7,1.1,1.1,0.1,0.1,0.4,1.0,3.4,3395062.0
95,John Collins,30.0,5.1,10.0,1.0,3.4,4.1,6.6,2.0,2.5,1.1,5.4,6.5,1.2,0.6,1.0,1.1,3.1,13.1,23500000.0
96,Zach Collins,22.9,4.5,8.7,0.9,2.3,3.6,6.4,1.7,2.3,1.8,4.5,6.4,2.9,0.6,0.8,2.0,3.2,11.6,7350000.0
98,Mike Conley,30.3,3.9,9.1,2.0,5.2,1.9,3.9,2.1,2.5,0.5,2.2,2.7,6.7,1.1,0.2,1.5,2.1,11.9,22680000.0
99,Pat Connaughton,23.7,2.7,6.9,1.8,5.3,0.9,1.6,0.4,0.7,0.8,3.8,4.6,1.3,0.6,0.2,0.5,1.1,7.6,5728393.0
100,Xavier Cooks,12.6,1.7,2.8,0.0,0.1,1.7,2.7,0.4,1.0,1.6,2.2,3.8,0.6,0.6,0.4,0.8,1.3,3.8,140384.0
101,Robert Covington,16.2,2.1,4.8,1.1,2.8,1.0,1.9,0.6,0.8,0.6,2.8,3.5,1.2,0.8,0.7,0.7,1.8,6.0,12307692.0
102,Torrey Craig,24.7,2.9,6.3,1.3,3.2,1.6,3.1,0.4,0.6,1.8,3.6,5.4,1.5,0.6,0.8,0.9,2.3,7.4,5121951.0
103,Jae Crowder,18.9,2.5,5.2,1.3,3.1,1.2,2.2,0.6,0.7,0.9,2.9,3.8,1.5,0.7,0.3,0.4,1.5,6.9,10183800.0
104,Jarrett Culver,13.7,1.7,4.3,0.1,1.2,1.6,3.1,0.9,1.3,1.0,2.8,3.8,0.6,0.6,0.2,0.7,1.4,4.4,260295.0
105,Cade Cunningham,33.3,7.8,18.7,1.4,5.1,6.3,13.6,3.0,3.6,1.0,5.2,6.2,6.0,0.8,0.6,3.3,2.8,19.9,10552800.0
106,Seth Curry,19.9,3.4,7.4,1.5,3.8,1.9,3.6,0.8,0.9,0.2,1.4,1.6,1.6,0.6,0.1,0.8,1.6,9.2,8496653.0
107,Stephen Curry,34.7,10.0,20.2,4.9,11.4,5.1,8.8,4.6,5.0,0.7,5.4,6.1,6.3,0.9,0.4,3.2,2.1,29.4,48070014.0
108,Dyson Daniels,17.7,1.5,3.5,0.5,1.5,1.0,2.1,0.4,0.7,0.6,2.6,3.2,2.3,0.7,0.2,1.0,1.7,3.8,5508600.0
109,Anthony Davis,34.0,9.7,17.2,0.3,1.3,9.3,15.9,6.2,7.9,3.5,9.1,12.5,2.6,1.1,2.0,2.2,2.6,25.9,37980720.0
110,Johnny Davis,15.1,2.4,6.1,0.6,2.5,1.8,3.6,0.5,1.0,0.4,2.0,2.3,1.0,0.4,0.3,0.6,1.7,5.8,4810320.0
111,Terence Davis,13.1,2.4,5.7,1.4,3.8,1.0,1.9,0.5,0.7,0.3,1.9,2.2,1.0,0.7,0.2,0.8,1.6,6.7,4000000.0
112,JD Davison,5.5,0.7,1.6,0.2,0.6,0.5,1.0,0.1,0.2,0.2,0.6,0.8,0.9,0.2,0.2,0.3,0.4,1.6,508891.0
113,Darius Days,6.3,1.3,3.0,0.8,2.5,0.5,0.5,0.5,0.5,0.3,1.3,1.5,0.3,0.0,0.3,0.0,0.5,3.8,508891.0
114,Dewayne Dedmon,11.2,2.0,4.0,0.3,1.0,1.7,2.9,0.9,1.3,0.9,2.6,3.5,0.7,0.2,0.5,0.7,2.0,5.2,8283688.0
115,Matthew Dellavedova,6.7,0.5,1.6,0.3,0.8,0.3,0.7,0.1,0.2,0.0,0.4,0.4,1.3,0.2,0.0,0.3,0.6,1.5,2628597.0
116,DeMar DeRozan,36.2,8.9,17.6,0.6,1.9,8.3,15.7,6.2,7.1,0.5,4.2,4.6,5.1,1.1,0.5,2.1,2.5,24.5,27300000.0
117,Moussa Diabaté,8.9,1.1,2.1,0.0,0.1,1.0,2.0,0.5,0.7,1.4,0.9,2.3,0.2,0.3,0.4,0.4,0.7,2.7,508891.0
118,Mamadi Diakite,8.0,1.1,2.3,0.3,1.0,0.8,1.3,0.1,0.1,0.4,1.0,1.4,0.4,0.2,0.4,0.5,1.2,2.6,508891.0
119,Hamidou Diallo,17.8,3.8,6.7,0.1,0.4,3.8,6.3,1.6,2.6,1.0,2.4,3.5,1.0,0.9,0.3,1.3,2.2,9.3,5200000.0
120,Gorgui Dieng,11.5,1.5,3.8,0.7,2.4,0.8,1.4,0.3,0.4,0.9,2.6,3.5,1.7,0.1,0.5,1.0,1.8,3.9,4105236.0
121,Ousmane Dieng,14.6,1.9,4.6,0.7,2.5,1.3,2.1,0.4,0.6,0.5,2.2,2.7,1.2,0.4,0.2,0.7,1.1,4.9,4569840.0
122,Spencer Dinwiddie,34.5,5.8,13.3,2.3,6.2,3.5,7.1,3.4,4.2,0.4,3.1,3.4,6.5,0.8,0.3,1.8,2.4,17.3,19500000.0
123,Donte DiVincenzo,26.3,3.3,7.5,2.1,5.3,1.2,2.3,0.8,1.0,1.1,3.4,4.5,3.5,1.3,0.1,1.6,1.8,9.4,4500000.0
124,Luka Dončić,36.2,10.9,22.0,2.8,8.2,8.1,13.8,7.8,10.5,0.8,7.8,8.6,8.0,1.4,0.5,3.6,2.5,32.4,37096500.0
125,Tyler Dorsey,2.7,1.3,1.7,0.3,0.7,1.0,1.0,0.0,0.0,0.3,0.3,0.7,0.0,0.0,0.0,0.0,0.0,3.0,201802.0
126,Luguentz Dort,30.7,4.6,11.8,1.8,5.5,2.8,6.3,2.7,3.5,1.7,2.9,4.6,2.1,1.0,0.3,1.2,3.3,13.7,15277778.0
127,Ayo Dosunmu,26.2,3.5,7.1,0.7,2.4,2.8,4.8,0.8,1.0,0.6,2.2,2.8,2.6,0.8,0.3,1.2,2.3,8.6,1563518.0
128,Devon Dotson,8.8,0.2,1.7,0.2,0.7,0.0,1.0,0.0,0.0,1.0,0.7,1.7,1.3,0.8,0.0,0.5,1.5,0.5,169630.0
129,Jeff Dowtin,10.4,1.0,2.3,0.2,0.6,0.8,1.6,0.2,0.4,0.2,0.7,0.9,1.2,0.4,0.1,0.2,0.5,2.4,508891.0
130,PJ Dozier,4.9,0.6,2.1,0.1,1.0,0.5,1.1,0.0,0.0,0.1,0.8,0.9,0.6,0.4,0.1,0.3,0.4,1.4,784654.0
131,Goran Dragić,15.0,2.4,5.8,0.9,2.5,1.5,3.3,0.5,0.8,0.3,1.1,1.4,2.6,0.2,0.1,1.1,1.1,6.3,3523762.0
132,Andre Drummond,12.7,2.5,4.1,0.0,0.0,2.5,4.0,1.0,1.9,2.1,4.6,6.6,0.5,0.7,0.4,1.1,1.7,6.0,3200000.0
133,Chris Duarte,19.5,2.7,7.2,1.2,3.8,1.5,3.5,1.3,1.6,0.4,2.1,2.5,1.4,0.5,0.2,0.9,1.4,7.9,3936960.0
134,David Duke Jr.,9.9,1.6,3.4,0.0,0.5,1.5,2.9,0.5,0.7,0.5,0.8,1.3,0.9,0.4,0.0,0.8,1.3,3.7,531283.0
135,Kris Dunn,25.8,5.3,9.8,0.8,1.6,4.5,8.2,1.9,2.4,0.4,4.1,4.5,5.6,1.1,0.5,1.6,2.6,13.2,1000001.0
136,Kevin Durant,35.6,10.3,18.3,2.0,4.9,8.3,13.4,6.5,7.1,0.4,6.3,6.7,5.0,0.7,1.4,3.3,2.1,29.1,44119845.0
137,Jalen Duren,24.9,3.9,5.9,0.0,0.0,3.9,5.9,1.4,2.3,3.4,5.5,8.9,1.1,0.7,0.9,1.4,2.7,9.1,4124280.0
138,Tari Eason,21.5,3.6,8.0,0.7,2.1,2.9,6.0,1.3,1.8,2.4,3.7,6.0,1.1,1.2,0.6,1.2,2.3,9.3,3359160.0
139,Anthony Edwards,36.0,8.9,19.5,2.7,7.3,6.3,12.2,4.0,5.3,0.6,5.2,5.8,4.4,1.6,0.7,3.3,2.4,24.6,10733400.0
140,Kessler Edwards,10.7,1.0,2.6,0.5,1.5,0.5,1.1,0.3,0.4,0.6,1.1,1.7,0.6,0.4,0.2,0.4,1.1,2.8,1637966.0
141,Keon Ellis,4.4,0.4,1.0,0.4,0.8,0.1,0.3,0.3,0.4,0.3,0.3,0.5,0.4,0.3,0.1,0.1,0.6,1.5,508891.0
142,Joel Embiid,34.6,11.0,20.1,1.0,3.0,10.0,17.1,10.0,11.7,1.7,8.4,10.2,4.2,1.0,1.7,3.4,3.1,33.1,33616770.0
143,Drew Eubanks,20.3,2.7,4.3,0.1,0.2,2.7,4.1,1.1,1.6,1.7,3.7,5.4,1.3,0.5,1.3,0.9,2.2,6.6,1968175.0
144,Bruno Fernando,10.4,1.5,2.9,0.0,0.1,1.5,2.8,0.9,1.3,1.4,2.1,3.5,0.8,0.2,0.9,0.6,1.9,3.9,2717391.0
145,Dorian Finney-Smith,30.4,3.0,7.6,1.7,5.1,1.2,2.5,0.7,0.9,1.7,3.1,4.8,1.5,0.8,0.5,0.9,2.2,8.3,12939848.0
146,Malachi Flynn,13.0,1.6,4.6,0.9,2.5,0.8,2.1,0.5,0.6,0.3,1.2,1.4,1.3,0.4,0.1,0.5,1.2,4.6,2145720.0
147,Simone Fontecchio,14.7,2.2,6.0,1.2,3.7,1.0,2.3,0.7,0.8,0.6,1.1,1.7,0.8,0.3,0.2,0.8,1.2,6.3,3205128.0
148,Bryn Forbes,10.7,1.2,3.3,0.6,1.8,0.6,1.5,0.6,0.6,0.2,0.4,0.6,0.7,0.3,0.1,0.5,0.9,3.6,2298385.0
149,Trent Forrest,12.0,1.1,2.6,0.0,0.1,1.1,2.5,0.1,0.1,0.2,1.4,1.6,1.7,0.3,0.1,0.7,0.7,2.3,508891.0
150,Michael Foster Jr.,1.0,0.0,0.0,0.0,0.0,0.0,0.0,0.0,0.0,0.0,0.0,0.0,0.0,0.0,0.0,0.0,0.0,0.0,106288.0
151,Evan Fournier,17.0,2.1,6.1,1.3,4.2,0.8,1.9,0.7,0.8,0.1,1.7,1.8,1.3,0.6,0.1,0.8,1.7,6.1,18000000.0
152,De'Aaron Fox,33.4,9.3,18.2,1.6,5.0,7.7,13.2,4.7,6.0,0.5,3.6,4.2,6.1,1.1,0.3,2.5,2.4,25.0,30351780.0
153,Markelle Fultz,29.6,5.8,11.3,0.5,1.5,5.4,9.9,1.9,2.4,1.2,2.8,3.9,5.7,1.5,0.4,2.3,2.2,14.0,16500000.0
154,Wenyen Gabriel,15.1,2.3,3.8,0.1,0.5,2.1,3.3,0.8,1.2,1.7,2.5,4.2,0.5,0.4,0.5,0.7,2.1,5.5,1878720.0
155,Daniel Gafford,20.6,3.7,5.1,0.0,0.0,3.7,5.1,1.6,2.4,2.1,3.5,5.6,1.1,0.4,1.3,1.1,2.4,9.0,1930681.0
156,Darius Garland,35.5,7.6,16.4,2.4,6.0,5.1,10.4,4.0,4.7,0.4,2.3,2.7,7.8,1.2,0.1,2.9,2.1,21.6,8920794.0
157,Usman Garuba,12.9,1.1,2.4,0.3,0.8,0.8,1.6,0.4,0.6,1.6,2.5,4.1,0.9,0.6,0.4,0.6,1.8,3.0,2471160.0
158,Luka Garza,8.7,2.3,4.1,0.5,1.4,1.8,2.8,1.5,1.9,1.2,1.1,2.3,0.6,0.1,0.1,0.5,1.5,6.5,508891.0
159,Rudy Gay,14.6,1.9,5.1,0.6,2.3,1.4,2.8,0.8,0.9,0.6,2.3,2.9,1.0,0.3,0.3,0.7,1.2,5.2,6184500.0
160,Paul George,34.6,8.2,17.9,2.8,7.6,5.4,10.3,4.6,5.3,0.8,5.3,6.1,5.1,1.5,0.4,3.1,2.8,23.8,42492492.0
161,Taj Gibson,9.8,1.3,2.6,0.2,0.5,1.2,2.1,0.6,0.9,0.7,1.2,1.9,0.7,0.3,0.2,0.5,1.7,3.4,2905851.0
162,Josh Giddey,31.1,7.1,14.7,1.0,3.1,6.1,11.6,1.4,1.9,1.9,5.9,7.9,6.2,0.8,0.4,2.8,1.9,16.6,6287400.0
163,Shai Gilgeous-Alexander,35.5,10.4,20.3,0.9,2.5,9.5,17.8,9.8,10.9,0.9,4.0,4.8,5.5,1.6,1.0,2.8,2.8,31.4,30913750.0
164,Anthony Gill,10.6,1.2,2.2,0.1,0.5,1.1,1.7,0.8,1.1,0.6,1.1,1.7,0.6,0.1,0.2,0.3,1.2,3.3,1836090.0
165,Jacob Gilyard,41.0,1.0,3.0,1.0,3.0,0.0,0.0,0.0,0.0,0.0,4.0,4.0,7.0,3.0,0.0,2.0,3.0,3.0,5849.0
166,Rudy Gobert,30.7,5.1,7.8,0.0,0.0,5.1,7.8,3.1,4.9,3.3,8.3,11.6,1.2,0.8,1.4,1.7,3.0,13.4,38172414.0
167,Jordan Goodwin,17.8,2.5,5.7,0.6,1.9,1.9,3.8,0.9,1.1,0.9,2.4,3.3,2.7,0.9,0.4,0.9,1.5,6.6,1280206.0
168,Aaron Gordon,30.2,6.3,11.2,0.9,2.5,5.4,8.6,2.8,4.6,2.4,4.1,6.6,3.0,0.8,0.8,1.4,1.9,16.3,20690909.0
169,Eric Gordon,28.5,4.2,9.5,1.9,5.2,2.3,4.3,2.1,2.5,0.2,1.7,1.9,2.7,0.6,0.4,1.5,1.1,12.4,19568360.0
170,Devonte' Graham,18.3,2.2,5.9,1.6,4.6,0.6,1.3,1.3,1.8,0.3,1.4,1.7,2.7,0.6,0.2,0.7,1.1,7.4,11550000.0
171,Jerami Grant,35.7,6.9,14.5,2.3,5.7,4.6,8.8,4.4,5.4,0.8,3.7,4.5,2.4,0.8,0.8,1.8,2.4,20.5,20955000.0
172,RaiQuan Gray,35.0,6.0,12.0,2.0,5.0,4.0,7.0,2.0,2.0,3.0,6.0,9.0,7.0,0.0,1.0,4.0,5.0,16.0,5849.0
173,A.J. Green,9.9,1.5,3.6,1.3,3.0,0.3,0.6,0.1,0.1,0.2,1.1,1.3,0.6,0.2,0.0,0.3,0.9,4.4,508891.0
174,Danny Green,12.5,2.0,4.5,1.5,3.4,0.5,1.1,0.1,0.1,0.3,1.0,1.3,0.5,0.5,0.3,0.9,1.5,5.5,11710528.0
175,Draymond Green,31.5,3.4,6.5,0.5,1.8,2.9,4.7,1.1,1.5,0.9,6.3,7.2,6.8,1.0,0.8,2.8,3.1,8.5,25806468.0
176,Jalen Green,34.2,7.4,17.9,2.5,7.3,5.0,10.6,4.8,6.1,0.6,3.2,3.7,3.7,0.8,0.2,2.6,1.7,22.1,9441840.0
177,JaMychal Green,14.0,2.4,4.4,0.7,1.9,1.6,2.5,0.9,1.2,1.3,2.3,3.6,0.9,0.4,0.4,0.9,1.8,6.4,8200000.0
178,Javonte Green,15.0,1.9,3.4,0.4,1.1,1.5,2.3,0.9,1.4,0.8,1.9,2.8,0.7,0.8,0.7,0.6,1.6,5.2,1815677.0
179,Jeff Green,19.5,2.9,5.9,0.5,1.9,2.3,4.0,1.6,2.1,0.7,1.9,2.6,1.2,0.3,0.3,0.8,1.8,7.8,4500000.0
180,Josh Green,25.7,3.4,6.4,1.1,2.8,2.3,3.6,1.1,1.6,0.9,2.1,3.0,1.7,0.7,0.1,1.2,2.6,9.1,3098400.0
181,AJ Griffin,19.5,3.4,7.4,1.4,3.6,2.0,3.8,0.6,0.7,0.5,1.6,2.1,1.0,0.6,0.2,0.6,1.2,8.9,3536160.0
182,Blake Griffin,13.9,1.5,3.2,0.6,1.6,1.0,1.6,0.5,0.8,1.1,2.6,3.8,1.5,0.3,0.2,0.5,1.8,4.1,2905851.0
183,Quentin Grimes,29.9,4.0,8.5,2.2,5.7,1.8,2.7,1.1,1.4,0.7,2.5,3.2,2.1,0.7,0.4,1.0,2.5,11.3,2277000.0
184,Rui Hachimura,23.3,4.5,9.3,0.8,2.5,3.7,6.7,1.4,1.9,0.8,3.7,4.5,0.9,0.3,0.4,0.8,1.1,11.2,6263188.0
185,Tyrese Haliburton,33.6,7.4,15.0,2.9,7.2,4.5,7.8,3.1,3.6,0.6,3.1,3.7,10.4,1.6,0.4,2.5,1.2,20.7,4215120.0
186,Jordan Hall,9.2,1.0,3.1,0.3,1.7,0.7,1.4,0.8,1.0,0.3,1.0,1.3,1.2,0.1,0.0,0.8,0.7,3.1,193027.0
187,R.J. Hampton,16.0,2.2,5.0,0.9,2.5,1.3,2.6,1.2,1.6,0.4,1.5,1.9,1.1,0.6,0.2,0.9,1.1,6.4,2898243.0
188,Tim Hardaway Jr.,30.3,4.8,11.9,3.0,7.7,1.8,4.2,1.8,2.3,0.3,3.2,3.5,1.8,0.7,0.2,0.8,1.7,14.4,19602273.0
189,James Harden,36.8,6.4,14.5,2.8,7.2,3.6,7.3,5.4,6.2,0.7,5.4,6.1,10.7,1.2,0.5,3.4,1.9,21.0,33000000.0
190,Jaden Hardy,14.8,3.0,6.9,1.3,3.3,1.7,3.7,1.4,1.6,0.2,1.6,1.9,1.4,0.4,0.1,1.0,1.3,8.8,1017781.0
191,Ron Harper Jr.,5.3,0.9,1.8,0.3,1.0,0.6,0.8,0.1,0.1,0.3,0.4,0.8,0.4,0.0,0.1,0.0,0.3,2.2,508891.0
192,Montrezl Harrell,11.9,2.2,3.7,0.0,0.1,2.2,3.6,1.2,1.8,1.2,1.6,2.8,0.6,0.3,0.4,0.6,1.3,5.6,2463490.0
193,Gary Harris,24.7,2.9,6.4,2.0,4.5,0.9,1.9,0.6,0.6,0.4,1.6,2.0,1.2,0.9,0.3,0.6,1.9,8.3,13000000.0
194,Joe Harris,20.6,2.7,5.9,1.9,4.5,0.8,1.4,0.2,0.4,0.3,1.9,2.2,1.4,0.5,0.2,0.6,1.9,7.6,18642857.0
195,Kevon Harris,13.4,1.4,3.1,0.5,1.3,0.9,1.9,0.9,1.2,0.8,1.2,2.1,0.5,0.5,0.1,0.6,1.6,4.1,508891.0
196,Tobias Harris,32.9,5.7,11.4,1.7,4.4,4.0,7.0,1.5,1.7,0.9,4.8,5.7,2.5,0.9,0.5,1.2,2.0,14.7,37633050.0
197,Shaquille Harrison,24.0,3.0,7.2,0.6,2.0,2.4,5.2,2.2,3.0,0.2,4.2,4.4,6.0,2.2,0.4,1.2,2.4,8.8,134862.0
198,Josh Hart,32.3,3.6,6.8,0.8,2.2,2.8,4.7,1.7,2.3,1.9,5.9,7.8,3.8,1.2,0.3,1.5,2.6,9.8,12960000.0
199,Isaiah Hartenstein,19.8,2.1,4.0,0.1,0.5,2.0,3.5,0.6,0.9,2.5,4.0,6.5,1.2,0.6,0.8,0.8,2.6,5.0,8854879.0
200,Udonis Haslem,10.1,1.4,4.1,0.4,1.3,1.0,2.9,0.6,0.7,0.6,1.0,1.6,0.0,0.1,0.3,0.1,1.6,3.9,2905851.0
201,Sam Hauser,16.1,2.3,5.0,1.8,4.2,0.5,0.8,0.2,0.2,0.4,2.1,2.6,0.9,0.4,0.3,0.4,1.2,6.4,1637966.0
202,Jaxson Hayes,13.0,1.8,3.3,0.1,0.6,1.8,2.7,1.2,1.8,0.8,2.0,2.8,0.7,0.4,0.4,0.7,1.4,5.0,6803012.0
203,Killian Hayes,28.3,4.0,10.7,1.1,3.8,3.0,7.0,1.2,1.5,0.4,2.5,2.9,6.2,1.4,0.4,2.3,2.9,10.3,5837760.0
204,Gordon Hayward,31.5,5.5,11.6,1.0,3.2,4.5,8.4,2.6,3.2,0.7,3.6,4.3,4.1,0.8,0.2,2.0,1.4,14.7,30075000.0
205,Juancho Hernangómez,14.6,1.1,2.7,0.4,1.6,0.7,1.1,0.2,0.4,0.6,2.3,2.9,0.6,0.4,0.1,0.4,1.0,2.9,2298385.0
206,Willy Hernangómez,12.1,2.3,4.4,0.1,0.3,2.3,4.2,2.1,2.7,1.5,3.2,4.7,0.9,0.4,0.3,1.0,1.7,6.9,2443581.0
207,Tyler Herro,34.9,7.3,16.6,3.0,8.0,4.2,8.5,2.5,2.7,0.4,5.0,5.4,4.2,0.8,0.2,2.4,1.5,20.1,5722116.0
208,Buddy Hield,31.0,5.9,13.0,3.6,8.5,2.3,4.5,1.3,1.6,0.8,4.2,5.0,2.8,1.2,0.3,1.7,2.0,16.8,21177750.0
209,Haywood Highsmith,17.9,1.7,4.0,0.7,2.0,1.0,2.0,0.2,0.5,1.1,2.4,3.5,0.8,0.7,0.3,0.8,1.5,4.4,1752638.0
210,George Hill,18.1,1.7,3.6,0.7,2.1,1.0,1.5,0.9,1.2,0.3,1.5,1.8,2.4,0.6,0.1,0.7,1.2,5.0,4000000.0
211,Malcolm Hill,1.8,0.4,0.8,0.2,0.6,0.2,0.2,0.0,0.0,0.0,0.6,0.6,0.0,0.0,0.0,0.0,0.2,1.0,508891.0
212,Aaron Holiday,13.4,1.5,3.5,0.6,1.4,0.9,2.1,0.4,0.5,0.4,0.8,1.2,1.4,0.6,0.2,0.6,1.3,3.9,1968175.0
213,Jrue Holiday,32.6,7.3,15.3,2.4,6.1,5.0,9.1,2.3,2.6,1.2,3.9,5.1,7.4,1.2,0.4,2.9,1.7,19.3,34319520.0
214,Justin Holiday,15.3,1.7,4.4,1.0,3.1,0.7,1.3,0.1,0.2,0.1,1.1,1.2,0.9,0.4,0.4,0.5,1.5,4.5,5987975.0
215,Richaun Holmes,8.3,1.3,2.1,0.1,0.2,1.2,1.9,0.4,0.5,0.7,1.2,1.9,0.2,0.1,0.3,0.3,1.2,3.1,11215260.0
216,Al Horford,30.5,3.6,7.6,2.3,5.2,1.3,2.4,0.2,0.3,1.2,5.0,6.2,3.0,0.5,1.0,0.6,1.9,9.8,26500000.0
217,Talen Horton-Tucker,20.2,4.0,9.4,0.9,3.1,3.1,6.3,1.9,2.6,0.6,2.6,3.2,3.8,0.6,0.4,1.9,1.7,10.7,10260000.0
218,Danuel House Jr.,14.4,1.7,3.5,0.7,2.0,1.0,1.6,0.8,1.1,0.2,1.5,1.7,0.8,0.3,0.2,0.5,1.2,4.8,4105000.0
219,Caleb Houstan,15.9,1.3,3.6,0.9,2.7,0.4,0.9,0.3,0.4,0.7,1.3,1.9,0.6,0.2,0.1,0.4,1.2,3.8,2000000.0
220,Trevor Hudgins,5.6,0.4,1.8,0.4,1.6,0.0,0.2,0.6,0.6,0.0,0.0,0.0,0.6,0.0,0.0,0.2,0.2,1.8,508891.0
221,Kevin Huerter,29.4,5.6,11.5,2.7,6.8,2.9,4.7,1.3,1.7,0.6,2.8,3.3,2.9,1.1,0.3,1.3,2.4,15.2,14508929.0
222,Jay Huff,13.6,2.1,3.6,0.9,1.7,1.3,1.9,2.1,2.3,0.9,2.1,3.0,1.4,0.4,0.6,0.7,2.1,7.3,116986.0
223,De'Andre Hunter,31.7,5.7,12.3,1.5,4.3,4.2,8.0,2.6,3.1,0.7,3.6,4.2,1.4,0.5,0.3,1.2,3.0,15.4,9835881.0
224,Bones Hyland,19.4,4.1,10.2,2.1,5.6,2.0,4.6,1.5,1.8,0.4,2.1,2.4,3.1,0.7,0.3,1.5,1.7,11.8,2201520.0
225,Serge Ibaka,11.6,1.6,3.4,0.4,1.1,1.3,2.3,0.5,0.8,0.9,1.8,2.8,0.3,0.1,0.4,0.7,1.4,4.1,2905851.0
226,Andre Iguodala,14.1,0.9,1.9,0.1,1.1,0.8,0.8,0.3,0.4,0.4,1.8,2.1,2.4,0.5,0.4,1.1,1.4,2.1,2905851.0
227,Joe Ingles,22.7,2.3,5.4,1.8,4.4,0.5,1.0,0.4,0.5,0.3,2.5,2.8,3.3,0.7,0.1,1.2,1.6,6.9,6479000.0
228,Brandon Ingram,34.2,9.0,18.6,1.4,3.6,7.6,14.9,5.3,6.0,0.5,5.0,5.5,5.8,0.7,0.4,3.3,2.6,24.7,31650600.0
229,Kyrie Irving,37.4,9.9,20.1,3.1,8.3,6.8,11.8,4.1,4.6,1.0,4.1,5.1,5.5,1.1,0.8,2.1,2.8,27.1,38917057.0
230,Jonathan Isaac,11.3,2.0,4.8,0.5,1.4,1.5,3.5,0.5,0.8,1.4,2.6,4.0,0.5,1.3,0.4,0.4,0.5,5.0,17400000.0
231,Jaden Ivey,31.1,5.5,13.3,1.6,4.7,3.9,8.6,3.6,4.8,1.0,2.9,3.9,5.2,0.8,0.2,3.2,3.3,16.3,7252200.0
232,Frank Jackson,5.0,0.0,3.0,0.0,1.0,0.0,2.0,0.0,0.0,1.0,1.0,2.0,1.0,0.0,0.0,0.0,0.0,0.0,113114.0
233,Isaiah Jackson,16.5,2.8,5.0,0.0,0.2,2.8,4.8,1.5,2.3,1.8,2.7,4.5,0.8,0.5,1.5,0.8,2.4,7.2,2573760.0
234,Jaren Jackson Jr.,28.4,6.6,13.0,1.6,4.5,5.0,8.6,3.8,4.9,1.7,5.0,6.8,1.0,1.0,3.0,1.7,3.6,18.6,28946605.0
235,Justin Jackson,4.7,0.3,1.2,0.2,0.9,0.1,0.3,0.0,0.1,0.1,0.7,0.7,0.4,0.2,0.2,0.1,0.3,0.9,1836090.0
236,Quenton Jackson,15.0,2.1,4.7,0.1,1.3,2.0,3.3,1.9,2.4,0.2,0.7,0.9,1.7,0.4,0.1,0.4,1.1,6.2,219630.0
237,Reggie Jackson,24.4,3.9,9.4,1.4,4.2,2.5,5.2,1.0,1.1,0.4,1.8,2.1,3.4,0.7,0.1,1.7,1.7,10.2,11457217.0
238,LeBron James,35.5,11.1,22.2,2.2,6.9,8.9,15.3,4.6,5.9,1.2,7.1,8.3,6.8,0.9,0.6,3.2,1.6,28.9,44474988.0
239,Ty Jerome,18.1,2.6,5.4,0.8,2.0,1.8,3.4,0.8,0.9,0.2,1.6,1.7,3.0,0.5,0.1,0.7,1.4,6.9,4728948.0
240,Isaiah Joe,19.1,3.1,7.0,2.2,5.4,0.9,1.6,1.1,1.4,0.4,2.0,2.4,1.2,0.7,0.1,0.5,1.4,9.5,1836090.0
241,Alize Johnson,7.5,0.8,1.5,0.0,0.5,0.8,1.0,0.3,0.5,0.5,2.0,2.5,0.3,0.3,0.0,1.0,0.8,1.8,192293.0
242,Cameron Johnson,28.5,5.3,11.3,2.5,6.1,2.9,5.2,2.4,2.9,0.8,3.6,4.4,1.9,1.2,0.3,0.9,2.0,15.5,5887899.0
243,Jalen Johnson,14.9,2.3,4.6,0.4,1.5,1.8,3.1,0.7,1.1,0.7,3.3,4.0,1.2,0.5,0.5,0.6,1.6,5.6,2792640.0
244,James Johnson,9.0,1.2,2.7,0.2,0.8,1.1,1.9,0.2,0.4,0.2,1.4,1.7,0.8,0.4,0.3,0.4,1.8,2.8,3841067.0
245,Keldon Johnson,32.7,8.0,17.7,2.1,6.5,5.9,11.2,3.9,5.2,0.9,4.2,5.0,2.9,0.7,0.2,2.1,2.0,22.0,3873024.0
246,Keon Johnson,10.4,1.7,4.5,0.7,2.0,1.0,2.4,0.7,1.0,0.3,0.8,1.1,1.5,0.5,0.2,1.1,1.1,4.7,2681040.0
247,Stanley Johnson,15.6,2.2,4.1,0.6,1.3,1.6,2.7,0.9,1.3,0.7,2.4,3.2,2.2,0.5,0.2,1.1,1.6,5.8,4022164.0
248,Nikola Jokić,33.7,9.4,14.8,0.8,2.2,8.5,12.7,4.9,6.0,2.4,9.4,11.8,9.8,1.3,0.7,3.6,2.5,24.5,33047803.0
249,Carlik Jones,8.0,0.9,2.1,0.4,0.9,0.4,1.3,0.7,1.1,0.1,0.6,0.7,0.9,0.3,0.0,0.3,0.3,2.9,612162.0
250,Damian Jones,11.6,1.3,2.1,0.2,0.4,1.1,1.7,0.5,0.7,1.0,2.0,3.0,0.4,0.2,0.5,0.6,1.3,3.5,2298385.0
251,Derrick Jones Jr.,14.0,1.8,3.6,0.4,1.3,1.4,2.3,1.0,1.3,0.9,1.5,2.4,0.5,0.5,0.6,0.4,1.3,5.0,3200000.0
252,Herbert Jones,29.6,3.6,7.6,0.8,2.5,2.7,5.1,1.9,2.4,1.5,2.6,4.1,2.5,1.6,0.6,1.3,3.2,9.8,1785000.0
253,Kai Jones,12.0,1.5,2.6,0.1,0.4,1.4,2.2,0.4,0.6,0.8,1.9,2.7,0.3,0.4,0.7,0.7,1.4,3.4,2909040.0
254,Tre Jones,29.2,5.0,10.9,0.7,2.3,4.4,8.6,2.2,2.5,0.8,2.8,3.6,6.6,1.3,0.1,1.6,1.4,12.9,1782621.0
255,Tyus Jones,24.3,3.9,8.9,1.5,4.1,2.4,4.8,1.0,1.3,0.4,2.2,2.5,5.2,1.0,0.1,0.9,0.4,10.3,15000000.0
256,DeAndre Jordan,15.0,2.3,2.9,0.0,0.0,2.2,2.9,0.6,1.2,1.3,3.8,5.2,0.9,0.3,0.6,1.2,1.8,5.1,10733758.0
257,Cory Joseph,19.8,2.4,5.7,1.1,2.9,1.3,2.8,0.9,1.2,0.3,1.4,1.7,3.5,0.5,0.1,0.9,1.4,6.9,5155500.0
258,Nikola Jović,13.6,1.9,4.6,0.5,2.3,1.3,2.3,1.2,1.3,0.6,1.5,2.1,0.7,0.5,0.1,0.7,1.3,5.5,2239920.0
259,Johnny Juzang,12.9,1.9,5.8,0.8,3.5,1.1,2.3,0.1,0.2,0.4,1.7,2.2,0.4,0.2,0.2,0.2,0.7,4.8,508891.0
260,Mfiondu Kabengele,9.0,0.5,1.8,0.0,0.8,0.5,1.0,0.5,0.5,1.3,1.3,2.5,0.0,0.5,0.0,0.3,0.8,1.5,508891.0
261,Frank Kaminsky,6.5,0.9,1.8,0.4,0.9,0.5,0.8,0.4,0.4,0.2,1.3,1.4,0.9,0.2,0.1,0.3,0.6,2.5,2463490.0
262,Trevor Keels,2.7,0.3,1.3,0.3,1.3,0.0,0.0,0.0,0.0,0.0,0.7,0.7,0.0,0.0,0.0,0.0,0.0,1.0,520589.0
263,Luke Kennard,22.3,3.2,6.5,2.3,4.6,0.9,1.9,0.6,0.7,0.3,2.4,2.7,1.5,0.5,0.1,0.8,1.4,9.3,13745455.0
264,Walker Kessler,23.0,4.0,5.6,0.0,0.0,4.0,5.6,1.1,2.1,3.1,5.3,8.4,0.9,0.4,2.3,0.8,2.3,9.2,2696400.0
265,Braxton Key,3.0,0.3,0.3,0.0,0.0,0.3,0.3,0.7,0.7,0.0,0.3,0.3,0.0,0.0,0.0,0.0,0.0,1.3,201802.0
266,Louis King,29.0,8.0,13.0,4.0,8.0,4.0,5.0,0.0,1.0,2.0,2.0,4.0,2.0,1.0,0.0,2.0,4.0,20.0,307089.0
267,Corey Kispert,28.3,3.9,7.9,2.2,5.2,1.7,2.7,1.0,1.2,0.4,2.4,2.8,1.2,0.4,0.1,0.7,1.3,11.1,3552840.0
268,Maxi Kleber,25.1,2.1,4.6,1.1,3.0,1.0,1.5,0.7,1.0,0.8,2.8,3.6,1.4,0.3,0.8,0.7,2.3,5.9,9000000.0
269,Nathan Knight,7.7,1.2,2.1,0.2,0.6,1.0,1.6,1.0,1.5,0.6,0.9,1.5,0.3,0.3,0.2,0.6,1.1,3.7,1836090.0
270,Kevin Knox,15.1,2.4,5.3,1.0,3.0,1.4,2.3,0.7,1.0,0.5,2.3,2.8,0.5,0.4,0.2,0.8,1.5,6.6,3000000.0
271,Christian Koloko,13.8,1.2,2.6,0.0,0.2,1.2,2.4,0.6,1.0,1.4,1.5,2.9,0.5,0.4,1.0,0.3,2.2,3.1,1500000.0
272,John Konchar,20.8,1.9,4.4,0.8,2.5,1.1,2.0,0.4,0.5,0.9,3.4,4.3,1.4,1.1,0.3,0.5,1.6,5.1,2300000.0
273,Furkan Korkmaz,9.5,1.3,3.0,0.5,1.2,0.8,1.8,0.7,1.0,0.2,1.0,1.1,0.6,0.3,0.1,0.6,0.5,3.8,5000000.0
274,Luke Kornet,11.7,1.6,2.5,0.0,0.2,1.6,2.3,0.5,0.6,1.2,1.6,2.9,0.8,0.2,0.7,0.4,1.2,3.8,2133278.0
275,Vit Krejci,5.7,0.5,1.3,0.2,0.7,0.3,0.6,0.0,0.1,0.2,0.7,0.9,0.6,0.2,0.0,0.2,0.6,1.2,1563518.0
276,Jonathan Kuminga,20.8,3.9,7.4,0.8,2.2,3.1,5.2,1.3,2.1,1.0,2.4,3.4,1.9,0.6,0.5,1.4,2.3,9.9,5739840.0
277,Kyle Kuzma,35.0,8.0,17.8,2.5,7.5,5.5,10.3,2.7,3.7,0.9,6.4,7.2,3.7,0.6,0.5,3.0,2.3,21.2,13000000.0
278,Anthony Lamb,19.3,2.4,5.1,1.2,3.2,1.2,1.9,0.7,1.0,0.9,2.6,3.5,1.5,0.5,0.3,0.9,2.2,6.7,694878.0
279,Jock Landale,14.2,2.6,4.9,0.3,1.2,2.3,3.7,1.1,1.5,1.7,2.3,4.1,1.0,0.2,0.4,0.9,1.8,6.6,1563518.0
280,Romeo Langford,19.6,2.8,6.0,0.4,1.4,2.4,4.6,0.9,1.3,1.3,1.3,2.7,1.2,0.6,0.3,0.7,1.6,6.9,5634257.0
281,Jake LaRavia,11.8,1.1,2.7,0.7,2.0,0.4,0.7,0.2,0.3,0.5,1.3,1.8,0.6,0.3,0.1,0.5,1.4,3.0,3047640.0
282,Zach LaVine,35.9,8.7,18.0,2.6,7.1,6.1,11.0,4.7,5.6,0.5,3.9,4.5,4.2,0.9,0.2,2.5,2.1,24.8,37096500.0
283,A.J. Lawson,7.2,1.5,2.9,0.7,1.7,0.8,1.3,0.1,0.5,0.4,1.0,1.4,0.1,0.1,0.0,0.2,0.7,3.7,371432.0
284,Damion Lee,20.4,2.7,6.1,1.5,3.3,1.2,2.8,1.3,1.4,0.5,2.5,3.0,1.3,0.4,0.1,1.1,1.6,8.2,2133278.0
285,Saben Lee,14.9,2.0,4.8,0.4,1.2,1.5,3.6,1.7,2.3,0.5,1.3,1.8,2.7,0.8,0.0,1.0,1.3,6.0,2266640.0
286,Alex Len,6.2,0.6,1.2,0.0,0.1,0.6,1.1,0.4,0.6,0.9,1.4,2.3,0.5,0.2,0.4,0.6,1.1,1.7,3918600.0
287,Kawhi Leonard,33.6,8.6,16.8,2.0,4.8,6.6,11.9,4.7,5.4,1.1,5.4,6.5,3.9,1.4,0.5,1.7,1.6,23.8,42492492.0
288,Meyers Leonard,12.7,1.6,3.2,0.8,2.0,0.8,1.2,0.9,1.0,1.3,2.4,3.8,0.1,0.2,0.0,0.7,1.8,4.8,713558.0
289,Caris LeVert,30.2,4.3,10.0,1.7,4.4,2.6,5.6,1.8,2.4,0.7,3.1,3.8,3.9,1.0,0.3,1.6,2.3,12.1,18796296.0
290,Kira Lewis Jr.,9.4,1.6,3.5,0.6,1.4,1.0,2.2,0.8,0.9,0.2,1.1,1.3,0.9,0.4,0.1,0.4,1.0,4.6,4004280.0
291,Damian Lillard,36.3,9.6,20.7,4.2,11.3,5.4,9.4,8.8,9.6,0.8,4.0,4.8,7.3,0.9,0.3,3.3,1.9,32.2,42492492.0
292,Nassir Little,18.1,2.5,5.6,1.1,2.9,1.4,2.7,0.6,0.9,0.5,2.1,2.6,0.9,0.4,0.4,0.7,1.2,6.6,4171548.0
293,Isaiah Livers,23.1,2.3,5.5,1.4,3.9,0.9,1.6,0.6,0.8,0.5,2.2,2.8,0.8,0.5,0.5,0.6,2.0,6.7,1563518.0
294,Kenneth Lofton Jr.,7.3,2.0,3.9,0.3,0.7,1.8,3.2,0.7,1.1,0.8,1.3,2.1,0.8,0.2,0.1,0.5,1.2,5.0,1505966.0
295,Kevon Looney,23.9,3.0,4.7,0.0,0.0,3.0,4.7,1.1,1.9,3.3,5.9,9.3,2.5,0.6,0.6,0.5,2.7,7.0,8000000.0
296,Brook Lopez,30.4,6.1,11.5,1.7,4.7,4.4,6.9,1.9,2.4,2.0,4.7,6.7,1.3,0.5,2.5,1.4,2.6,15.9,13906976.0
297,Robin Lopez,8.1,1.3,2.0,0.1,0.1,1.2,1.9,0.4,0.5,0.6,0.8,1.4,0.5,0.1,0.2,0.7,1.2,3.0,2905851.0
298,Kevin Love,20.0,2.7,6.8,1.6,4.8,1.1,2.1,1.3,1.5,1.0,5.5,6.4,1.9,0.3,0.2,1.1,1.6,8.2,30556968.0
299,Kyle Lowry,31.2,3.6,8.8,1.9,5.6,1.6,3.2,2.1,2.5,0.8,3.3,4.1,5.1,1.0,0.4,1.9,2.6,11.2,28333334.0
300,Trey Lyles,16.9,2.5,5.5,1.2,3.2,1.4,2.3,1.4,1.7,0.9,3.1,4.1,0.9,0.4,0.4,0.9,1.3,7.6,2625000.0
301,Théo Maledon,19.4,2.3,5.8,0.6,2.2,1.7,3.6,1.4,1.7,0.3,2.5,2.8,3.5,0.8,0.3,1.3,1.4,6.7,2408891.0
302,Sandro Mamukelashvili,15.3,2.3,5.3,0.7,2.3,1.6,3.0,0.9,1.3,1.6,2.7,4.3,1.4,0.3,0.3,0.8,1.2,6.1,1116112.0
303,Terance Mann,23.1,3.4,6.5,1.0,2.4,2.4,4.0,1.1,1.5,1.0,2.5,3.4,2.3,0.5,0.3,1.0,1.8,8.8,1930681.0
304,Tre Mann,17.7,2.9,7.5,1.2,3.8,1.7,3.6,0.6,0.8,0.4,1.9,2.3,1.8,0.6,0.2,0.9,1.5,7.7,3046200.0
305,Boban Marjanović,5.5,1.3,1.9,0.0,0.0,1.3,1.9,0.6,0.9,0.6,1.3,1.9,0.3,0.2,0.1,0.5,0.3,3.3,4101478.0
306,Lauri Markkanen,34.4,8.7,17.3,3.0,7.7,5.6,9.6,5.3,6.0,2.0,6.7,8.6,1.9,0.6,0.6,1.9,2.1,25.6,16475454.0
307,Naji Marshall,23.3,3.2,7.4,0.9,2.8,2.4,4.6,1.8,2.3,0.6,3.0,3.6,2.5,0.7,0.2,1.3,1.5,9.1,1782621.0
308,Caleb Martin,29.3,3.6,7.7,1.2,3.3,2.4,4.4,1.3,1.6,1.2,3.6,4.8,1.6,1.0,0.4,1.1,2.0,9.6,6479000.0
309,Cody Martin,19.1,2.0,5.1,0.4,2.0,1.6,3.1,0.6,1.0,1.1,2.3,3.4,1.6,0.6,0.1,0.3,1.9,5.0,7000000.0
310,Kenyon Martin Jr.,28.0,5.0,8.8,0.8,2.6,4.2,6.1,1.8,2.7,1.5,4.0,5.5,1.5,0.5,0.4,1.1,1.8,12.7,1782621.0
311,Tyrese Martin,4.1,0.6,1.4,0.1,0.4,0.5,1.0,0.1,0.1,0.3,0.4,0.8,0.1,0.1,0.0,0.1,0.1,1.3,1017781.0
312,Garrison Mathews,12.7,1.4,3.7,1.2,3.3,0.2,0.4,0.9,1.0,0.2,1.1,1.4,0.5,0.4,0.1,0.4,1.1,4.8,2000000.0
313,Bennedict Mathurin,28.5,5.3,12.2,1.3,4.0,4.0,8.2,4.8,5.8,1.1,3.0,4.1,1.5,0.6,0.2,1.9,2.1,16.7,6586800.0
314,Wesley Matthews,15.8,1.1,3.1,0.8,2.4,0.4,0.7,0.5,0.5,0.7,1.5,2.2,0.7,0.4,0.3,0.3,1.4,3.4,2905851.0
315,Tyrese Maxey,33.6,7.3,15.2,2.7,6.2,4.7,9.1,3.0,3.6,0.4,2.6,2.9,3.5,0.8,0.1,1.3,2.2,20.3,2726880.0
316,Skylar Mays,31.5,5.7,11.3,2.0,4.3,3.7,7.0,2.0,2.2,0.3,2.8,3.2,8.3,1.0,0.2,1.7,1.8,15.3,116574.0
317,Miles McBride,11.9,1.2,3.4,0.6,2.1,0.6,1.3,0.4,0.7,0.2,0.6,0.8,1.1,0.6,0.1,0.4,0.9,3.5,1563518.0
318,Mac McClung,20.5,4.5,10.0,2.0,5.5,2.5,4.5,1.5,2.5,1.5,3.5,5.0,4.5,0.0,0.0,1.5,1.5,12.5,160856.0
319,CJ McCollum,35.3,7.8,17.9,2.8,7.2,5.0,10.7,2.4,3.2,0.7,3.6,4.4,5.7,0.9,0.5,2.4,2.0,20.9,33333333.0
320,T.J. McConnell,20.3,3.8,6.9,0.3,0.8,3.4,6.2,0.8,0.9,0.6,2.5,3.1,5.3,1.1,0.1,1.9,1.4,8.7,8100000.0
321,Jaden McDaniels,30.6,4.7,9.1,1.4,3.4,3.3,5.7,1.3,1.8,1.2,2.7,3.9,1.9,0.9,1.0,1.4,3.4,12.1,2161440.0
322,Jalen McDaniels,23.9,3.5,7.7,1.0,2.9,2.6,4.8,1.5,1.7,0.8,3.5,4.3,1.6,1.0,0.4,1.2,2.6,9.4,1930681.0
323,Doug McDermott,20.5,3.7,8.2,1.9,4.7,1.8,3.5,0.8,1.1,0.4,1.8,2.2,1.4,0.2,0.1,0.9,1.8,10.2,13750000.0
324,JaVale McGee,8.5,1.9,3.0,0.0,0.1,1.9,2.9,0.6,1.0,0.7,1.8,2.5,0.3,0.1,0.6,0.9,1.3,4.4,5461219.0
325,Bryce McGowens,17.1,1.7,4.4,0.6,1.7,1.2,2.7,1.3,1.7,0.4,1.6,2.0,1.2,0.3,0.1,0.9,1.0,5.3,1461055.0
326,Rodney McGruder,16.4,1.9,4.8,1.3,3.0,0.7,1.7,0.6,0.7,0.6,1.7,2.3,0.9,0.5,0.0,0.3,1.2,5.7,2298385.0
327,Jordan McLaughlin,15.8,1.4,3.4,0.6,1.8,0.9,1.6,0.3,0.4,0.3,1.1,1.4,3.4,0.7,0.1,0.8,0.7,3.7,2160000.0
328,De'Anthony Melton,27.9,3.6,8.5,2.0,5.2,1.6,3.2,0.9,1.1,0.9,3.2,4.1,2.6,1.6,0.5,1.3,2.5,10.1,8250000.0
329,Sam Merrill,11.8,1.8,4.4,1.0,3.6,0.8,0.8,0.4,0.4,0.0,1.8,1.8,1.0,0.8,0.0,0.0,0.6,5.0,1105522.0
330,Chimezie Metu,10.4,2.0,3.3,0.1,0.6,1.8,2.7,0.8,1.1,0.7,2.3,3.0,0.6,0.3,0.3,0.5,1.2,4.9,1910860.0
331,Khris Middleton,24.3,5.4,12.3,1.5,4.9,3.8,7.4,2.8,3.1,0.8,3.4,4.2,4.9,0.7,0.2,2.2,2.1,15.1,37984276.0
332,Patty Mills,14.2,2.2,5.2,1.2,3.4,0.9,1.9,0.6,0.8,0.2,0.9,1.1,1.4,0.4,0.1,0.8,0.8,6.2,6479000.0
333,Shake Milton,20.6,3.2,6.6,0.7,1.9,2.4,4.7,1.3,1.5,0.5,2.0,2.5,3.2,0.3,0.2,1.2,1.6,8.4,1997718.0
334,Justin Minaya,22.3,1.8,5.8,0.8,3.0,1.0,2.8,0.0,0.3,0.8,3.0,3.8,1.0,0.5,1.3,1.0,2.3,4.3,35096.0
335,Josh Minott,6.4,1.2,2.4,0.1,0.4,1.1,2.0,0.5,0.5,0.3,1.3,1.7,0.3,0.3,0.4,0.2,0.7,3.1,1017781.0
336,Davion Mitchell,18.1,2.3,5.0,0.8,2.5,1.5,2.5,0.3,0.4,0.2,1.1,1.3,2.3,0.6,0.2,0.8,1.4,5.6,4833600.0
337,Donovan Mitchell,35.8,10.0,20.6,3.6,9.3,6.4,11.3,4.7,5.4,0.9,3.3,4.3,4.4,1.5,0.4,2.6,2.5,28.3,30913750.0
338,Evan Mobley,34.4,6.6,12.0,0.3,1.3,6.4,10.7,2.6,3.8,2.4,6.6,9.0,2.8,0.8,1.5,1.8,2.8,16.2,8478720.0
339,Isaiah Mobley,7.0,1.0,2.3,0.3,0.7,0.8,1.7,0.3,0.3,0.3,1.3,1.7,0.3,0.3,0.3,0.1,0.7,2.6,508891.0
340,Chima Moneke,4.0,0.5,1.0,0.0,0.0,0.5,1.0,0.0,1.0,1.0,0.0,1.0,0.5,0.0,0.0,1.0,1.0,1.0,500000.0
341,Malik Monk,22.3,4.6,10.3,1.9,5.2,2.8,5.2,2.4,2.7,0.4,2.2,2.6,3.9,0.6,0.3,1.9,1.6,13.5,9472219.0
342,Moses Moody,13.0,1.7,3.6,0.8,2.1,0.9,1.5,0.6,0.8,0.4,1.2,1.7,0.8,0.3,0.1,0.5,0.9,4.8,3740160.0
343,Xavier Moon,5.0,0.8,2.3,0.3,0.8,0.5,1.5,0.0,0.0,0.0,0.8,0.8,1.3,0.0,0.0,0.3,0.5,1.8,116986.0
344,Wendell Moore Jr.,5.3,0.6,1.5,0.1,0.6,0.6,0.9,0.1,0.2,0.1,0.5,0.6,0.6,0.3,0.2,0.3,0.4,1.4,2306520.0
345,Ja Morant,31.9,9.3,19.9,1.5,4.9,7.8,15.0,6.1,8.1,1.0,4.9,5.9,8.1,1.1,0.3,3.4,1.6,26.2,12119440.0
346,Marcus Morris,28.1,4.2,9.9,1.7,4.7,2.5,5.2,1.0,1.3,0.4,3.5,4.0,1.8,0.6,0.3,0.9,2.1,11.2,16372093.0
347,Markieff Morris,10.1,1.3,3.3,0.8,2.0,0.5,1.3,0.3,0.3,0.4,1.7,2.0,0.9,0.3,0.1,0.5,1.4,3.8,2905851.0
348,Monte Morris,27.3,4.0,8.3,1.3,3.3,2.7,5.0,1.0,1.2,0.4,3.0,3.4,5.3,0.7,0.2,1.0,1.2,10.3,9125000.0
349,Trey Murphy III,31.0,4.9,10.1,2.6,6.3,2.3,3.8,2.2,2.4,0.7,2.8,3.6,1.4,1.1,0.5,0.8,2.0,14.5,3206520.0
350,Dejounte Murray,36.4,8.3,17.8,1.8,5.2,6.5,12.6,2.1,2.6,0.7,4.5,5.3,6.1,1.5,0.3,2.2,1.4,20.5,17071120.0
351,Jamal Murray,32.8,7.3,16.0,2.6,6.6,4.6,9.4,2.8,3.3,0.7,3.2,4.0,6.2,1.0,0.2,2.2,1.6,20.0,31650600.0
352,Keegan Murray,29.8,4.4,9.8,2.6,6.3,1.9,3.5,0.8,1.0,1.1,3.5,4.6,1.2,0.8,0.5,0.8,2.0,12.2,8008440.0
353,Mike Muscala,15.0,2.1,4.6,1.3,3.3,0.8,1.3,0.6,0.8,0.6,2.6,3.2,0.8,0.2,0.4,0.4,1.6,6.1,3500000.0
354,Svi Mykhailiuk,14.6,2.4,5.4,1.3,3.1,1.1,2.3,0.8,1.2,0.5,1.2,1.7,1.7,0.5,0.1,0.8,0.7,6.9,3846895.0
355,Larry Nance Jr.,21.2,2.9,4.7,0.2,0.6,2.6,4.0,0.8,1.2,1.6,3.8,5.4,1.8,0.9,0.6,0.6,2.0,6.8,9672727.0
356,Andrew Nembhard,27.6,3.8,8.6,1.2,3.5,2.6,5.1,0.7,0.8,0.5,2.2,2.7,4.5,0.9,0.2,1.7,2.4,9.5,2244111.0
357,Aaron Nesmith,24.9,3.5,8.1,1.6,4.3,1.9,3.8,1.6,1.9,0.8,2.9,3.8,1.3,0.8,0.5,1.0,3.2,10.1,3804360.0
358,Raul Neto,10.5,1.2,2.3,0.3,0.9,0.9,1.4,0.6,0.7,0.2,0.8,1.0,1.6,0.4,0.1,0.5,1.0,3.3,2463490.0
359,Georges Niang,19.4,2.8,6.4,2.0,4.9,0.9,1.5,0.5,0.6,0.2,2.1,2.4,1.0,0.4,0.2,0.7,1.9,8.2,3465000.0
360,Daishen Nix,16.0,1.4,4.2,0.7,2.5,0.7,1.7,0.4,0.6,0.3,1.4,1.7,2.3,0.5,0.1,1.5,1.0,4.0,1563518.0
361,Zeke Nnaji,13.7,2.1,3.7,0.3,1.2,1.8,2.5,0.8,1.2,1.2,1.4,2.6,0.3,0.3,0.4,0.6,2.0,5.2,2617800.0
362,Nerlens Noel,11.5,0.8,2.1,0.1,0.1,0.7,2.0,0.5,0.7,0.6,2.1,2.7,0.6,0.9,0.6,0.8,1.9,2.1,9391069.0
363,Jaylen Nowell,19.3,4.3,9.6,1.0,3.6,3.3,6.0,1.2,1.5,0.6,2.1,2.6,2.0,0.6,0.1,1.0,1.6,10.8,1930681.0
364,Frank Ntilikina,12.9,1.0,2.8,0.4,1.4,0.7,1.4,0.5,0.7,0.1,1.2,1.3,1.2,0.3,0.1,0.6,1.4,2.9,2036318.0
365,Kendrick Nunn,13.8,2.7,6.4,1.1,3.2,1.6,3.2,0.5,0.6,0.2,1.3,1.6,1.3,0.4,0.1,0.9,0.9,7.1,5250000.0
366,Jusuf Nurkić,26.8,5.0,9.7,0.8,2.3,4.2,7.4,2.4,3.7,2.2,6.9,9.1,2.9,0.8,0.8,2.3,3.6,13.3,15625000.0
367,Jordan Nwora,19.2,3.1,7.2,1.4,3.4,1.7,3.8,1.1,1.4,0.8,2.9,3.7,1.4,0.4,0.2,1.1,1.2,8.7,2800000.0
368,Royce O'Neale,31.7,3.0,7.8,2.1,5.5,0.9,2.3,0.7,0.9,0.7,4.3,5.1,3.7,0.9,0.6,1.5,3.1,8.8,9200000.0
369,Chuma Okeke,19.2,1.6,4.5,1.0,3.2,0.6,1.3,0.6,0.8,1.0,2.6,3.6,1.4,0.7,0.4,0.6,1.5,4.7,3433320.0
370,Josh Okogie,18.8,2.3,5.8,0.9,2.7,1.3,3.0,1.9,2.7,1.5,2.0,3.5,1.5,0.8,0.5,0.9,1.6,7.3,1968175.0
371,Onyeka Okongwu,23.1,4.0,6.2,0.1,0.2,3.9,6.1,1.9,2.5,2.7,4.5,7.2,1.0,0.7,1.3,1.0,3.1,9.9,6395160.0
372,Isaac Okoro,21.7,2.3,4.7,0.8,2.3,1.5,2.4,1.0,1.4,0.7,1.8,2.5,1.1,0.7,0.4,0.6,2.1,6.4,7040880.0
373,KZ Okpala,7.1,0.5,1.1,0.2,0.6,0.3,0.5,0.2,0.2,0.2,0.8,1.0,0.4,0.2,0.2,0.2,1.1,1.3,1902133.0
374,Victor Oladipo,26.3,3.8,9.6,1.7,5.0,2.1,4.5,1.4,1.9,0.4,2.7,3.0,3.5,1.4,0.3,2.1,2.4,10.7,8750000.0
375,Kelly Olynyk,28.6,4.1,8.2,1.4,3.5,2.7,4.7,2.9,3.4,1.2,5.0,6.2,3.7,0.9,0.5,2.5,3.4,12.5,12804878.0
376,Eugene Omoruyi,16.1,2.5,5.7,0.6,2.2,1.9,3.5,1.3,1.9,1.1,1.7,2.8,0.7,0.7,0.1,0.9,2.3,7.0,1013119.0
377,Cedi Osman,20.1,3.1,6.9,1.5,4.1,1.6,2.8,1.0,1.4,0.3,2.0,2.3,1.5,0.5,0.1,0.7,1.6,8.7,7426088.0
378,Kelly Oubre Jr.,32.3,7.4,17.1,2.3,7.1,5.1,10.0,3.3,4.3,1.4,3.8,5.2,1.1,1.4,0.4,1.3,2.9,20.3,12600000.0
379,Chris Paul,32.0,5.0,11.3,1.7,4.4,3.3,6.9,2.3,2.7,0.5,3.8,4.3,8.9,1.5,0.4,1.9,2.1,13.9,28400000.0
380,Cameron Payne,20.2,3.9,9.4,1.4,3.9,2.5,5.6,1.0,1.3,0.3,2.0,2.2,4.5,0.7,0.2,1.7,1.8,10.3,6000000.0
381,Gary Payton II,16.7,1.9,3.1,0.6,1.2,1.3,2.0,0.3,0.3,1.1,2.0,3.1,1.4,1.0,0.2,0.7,2.0,4.6,8300000.0
382,Theo Pinson,8.1,0.8,2.2,0.6,1.6,0.2,0.6,0.3,0.3,0.3,1.3,1.6,1.2,0.2,0.0,0.3,0.9,2.4,1968175.0
383,Scotty Pippen Jr.,5.3,0.7,2.0,0.2,0.5,0.5,1.5,0.8,1.5,0.3,0.3,0.7,0.3,0.3,0.2,0.3,0.5,2.3,508891.0
384,Mason Plumlee,26.0,4.2,6.1,0.0,0.0,4.2,6.1,2.5,4.0,2.9,6.0,8.9,3.1,0.6,0.6,1.5,2.7,10.8,9080417.0
385,Jakob Poeltl,26.5,5.4,8.6,0.0,0.0,5.4,8.6,1.7,2.8,3.3,5.8,9.1,2.7,0.9,1.2,1.7,2.7,12.5,9398148.0
386,Aleksej Pokusevski,20.6,3.2,7.3,1.1,3.1,2.1,4.3,0.6,1.0,1.3,3.4,4.7,1.9,0.6,1.3,1.3,1.7,8.1,3261480.0
387,Jordan Poole,30.0,6.7,15.6,2.6,7.8,4.1,7.8,4.4,5.1,0.4,2.4,2.7,4.5,0.8,0.3,3.1,2.6,20.4,3901399.0
388,Kevin Porter Jr.,34.3,6.6,15.0,2.4,6.5,4.2,8.5,3.5,4.5,1.3,4.0,5.3,5.7,1.4,0.3,3.2,2.6,19.2,3217631.0
389,Michael Porter Jr.,29.0,6.4,13.2,3.0,7.3,3.4,5.9,1.5,1.9,1.0,4.5,5.5,1.0,0.6,0.5,1.1,1.9,17.4,30913750.0
390,Otto Porter Jr.,18.3,1.9,3.8,0.8,2.1,1.1,1.6,1.0,1.0,0.8,1.6,2.4,1.0,1.4,0.0,0.5,0.9,5.5,6000000.0
391,Bobby Portis,26.0,5.7,11.5,1.4,3.7,4.3,7.8,1.4,1.8,2.2,7.4,9.6,1.5,0.4,0.2,1.2,1.6,14.1,10843350.0
392,Kristaps Porziņģis,32.6,7.8,15.7,2.1,5.5,5.7,10.2,5.4,6.4,1.8,6.6,8.4,2.7,0.9,1.5,2.1,3.0,23.2,33833400.0
393,Micah Potter,7.4,1.4,2.1,0.6,1.0,0.9,1.1,0.0,0.0,0.4,1.9,2.3,0.6,0.1,0.0,0.3,0.7,3.4,508891.0
394,Dwight Powell,19.2,2.6,3.5,0.0,0.1,2.6,3.5,1.5,2.2,2.0,2.2,4.1,0.9,0.6,0.3,0.9,2.8,6.7,11080125.0
395,Norman Powell,26.1,5.7,11.8,1.9,4.8,3.8,7.1,3.8,4.6,0.4,2.5,2.9,1.8,0.8,0.3,1.7,2.1,17.0,16758621.0
396,Jason Preston,8.9,1.3,2.9,0.4,1.3,0.9,1.6,0.0,0.1,0.1,1.4,1.6,1.9,0.1,0.0,0.7,0.5,2.9,1563518.0
397,Joshua Primo,23.3,2.3,6.5,0.8,3.0,1.5,3.5,1.8,2.3,0.5,2.8,3.3,4.5,0.3,0.5,2.8,2.0,7.0,12196094.0
398,Taurean Prince,22.1,3.3,7.0,1.4,3.6,1.9,3.4,1.2,1.4,0.3,2.2,2.4,1.6,0.5,0.3,1.3,2.3,9.1,7100000.0
399,Payton Pritchard,13.4,2.1,5.1,1.2,3.2,0.9,1.9,0.3,0.3,0.5,1.3,1.8,1.3,0.3,0.0,0.8,0.8,5.6,2239200.0
400,Trevelin Queen,10.0,1.0,4.1,0.3,2.1,0.7,2.0,0.7,0.7,1.1,1.3,2.4,0.9,0.3,0.7,1.0,0.6,3.0,838891.0
401,Neemias Queta,5.8,1.2,1.8,0.0,0.0,1.2,1.8,0.0,0.4,1.0,1.2,2.2,0.2,0.0,0.4,0.2,1.4,2.4,508891.0
402,Immanuel Quickley,28.9,5.2,11.6,2.1,5.6,3.1,6.0,2.5,3.1,0.7,3.4,4.2,3.4,1.0,0.2,1.2,2.0,14.9,2316240.0
403,Lester Quinones,4.5,0.5,1.3,0.5,1.0,0.0,0.3,1.0,1.5,0.3,0.5,0.8,0.5,0.3,0.0,1.3,0.0,2.5,129405.0
404,Julius Randle,35.5,8.5,18.6,2.8,8.3,5.7,10.3,5.2,6.9,1.8,8.1,10.0,4.1,0.6,0.3,2.8,3.0,25.1,23760000.0
405,Austin Reaves,28.8,4.0,7.7,1.3,3.4,2.7,4.3,3.6,4.1,0.5,2.5,3.0,3.4,0.5,0.3,1.5,1.7,13.0,1563518.0
406,Cam Reddish,24.8,3.5,7.8,1.1,3.6,2.4,4.2,1.6,1.9,0.5,1.8,2.2,1.4,1.0,0.4,1.2,1.8,9.7,5954454.0
407,Davon Reed,8.0,0.7,2.0,0.4,1.1,0.3,0.9,0.4,0.6,0.2,1.1,1.4,0.5,0.3,0.1,0.5,0.9,2.1,1902133.0
408,Paul Reed,10.9,1.8,3.0,0.0,0.1,1.8,2.9,0.6,0.7,1.6,2.2,3.8,0.4,0.7,0.7,0.7,1.8,4.2,1782621.0
409,Naz Reid,18.4,4.6,8.5,1.1,3.2,3.5,5.3,1.3,1.9,1.1,3.8,4.9,1.1,0.6,0.8,1.4,2.6,11.5,1930681.0
410,Jared Rhoden,14.1,1.2,3.1,0.4,1.4,0.9,1.7,0.4,0.4,0.8,1.9,2.6,0.3,0.3,0.1,0.2,1.6,3.2,307089.0
411,Nick Richards,18.7,3.0,4.8,0.0,0.0,3.0,4.8,2.1,2.8,2.3,4.1,6.4,0.6,0.2,1.1,0.9,2.4,8.2,1782621.0
412,Josh Richardson,23.5,3.7,8.5,1.6,4.5,2.0,4.0,1.1,1.2,0.6,2.1,2.7,2.7,1.1,0.3,1.3,1.8,10.1,4144320.0
413,Austin Rivers,19.5,1.8,4.0,0.8,2.4,0.9,1.7,0.6,0.8,0.1,1.5,1.6,1.4,0.5,0.1,0.4,1.5,4.9,2905851.0
414,Duncan Robinson,16.5,2.1,5.6,1.5,4.6,0.6,1.1,0.7,0.8,0.2,1.5,1.6,1.1,0.3,0.0,0.7,1.8,6.4,16902000.0
415,Mitchell Robinson,27.0,3.2,4.7,0.0,0.0,3.2,4.7,1.0,2.1,4.5,4.9,9.4,0.9,0.9,1.8,0.7,2.7,7.4,17045454.0
416,Orlando Robinson,13.7,1.5,2.9,0.0,0.2,1.5,2.7,0.7,1.0,1.5,2.5,4.1,0.8,0.4,0.4,0.5,1.7,3.7,386055.0
417,Jeremiah Robinson-Earl,18.9,2.6,5.8,0.9,2.6,1.7,3.2,0.8,1.0,1.7,2.5,4.2,1.0,0.6,0.3,0.4,1.7,6.8,2000000.0
418,Isaiah Roby,11.3,1.6,3.7,0.4,1.4,1.2,2.3,0.5,1.0,0.5,2.0,2.5,0.9,0.4,0.2,0.7,1.3,4.1,2330681.0
419,David Roddy,18.0,2.6,6.0,0.9,3.0,1.6,3.0,0.6,0.9,0.7,2.0,2.8,0.8,0.4,0.3,0.8,1.5,6.7,2588640.0
420,Ryan Rollins,5.2,0.6,1.7,0.3,0.8,0.3,0.9,0.5,0.5,0.3,0.8,1.0,0.5,0.1,0.1,1.3,0.8,1.9,1017781.0
421,Derrick Rose,12.5,2.3,5.9,0.7,2.3,1.6,3.6,0.4,0.4,0.3,1.2,1.5,1.7,0.3,0.2,0.8,0.7,5.6,14520730.0
422,Terrence Ross,21.1,3.2,7.4,1.5,4.1,1.7,3.3,0.4,0.5,0.3,2.1,2.4,1.5,0.6,0.2,0.7,1.5,8.3,11500000.0
423,Terry Rozier,35.3,7.8,18.9,2.6,8.0,5.2,10.8,2.8,3.5,0.8,3.3,4.1,5.1,1.2,0.3,2.1,1.9,21.1,21486316.0
424,Ricky Rubio,17.2,1.8,5.4,0.6,2.5,1.2,2.9,0.8,1.1,0.3,1.8,2.1,3.5,0.8,0.2,0.9,1.5,5.2,5853659.0
425,D'Angelo Russell,32.5,6.3,13.4,2.7,6.9,3.5,6.5,2.5,3.0,0.5,2.5,3.0,6.2,1.0,0.4,2.6,2.0,17.8,31377750.0
426,Matt Ryan,9.1,1.2,3.2,0.9,2.5,0.2,0.7,0.3,0.4,0.1,0.6,0.8,0.5,0.1,0.0,0.2,0.8,3.6,806097.0
427,Domantas Sabonis,34.6,7.3,11.9,0.4,1.1,6.9,10.8,4.1,5.5,3.2,9.1,12.3,7.3,0.8,0.5,2.9,3.5,19.1,21100000.0
428,Luka Šamanić,23.0,3.7,8.1,1.1,4.4,2.6,3.7,1.3,1.9,0.0,4.3,4.3,2.1,0.9,0.3,1.4,2.4,9.9,538317.0
429,Dario Šarić,14.1,2.2,4.9,0.8,2.0,1.4,2.8,1.1,1.3,0.9,2.7,3.6,1.3,0.4,0.1,1.0,1.7,6.4,9240000.0
430,Olivier Sarr,12.7,1.7,3.3,0.1,0.9,1.6,2.4,0.6,0.8,1.3,2.1,3.4,0.4,0.1,0.6,0.4,1.9,4.0,257371.0
431,Jordan Schakel,3.0,0.5,1.0,0.5,0.5,0.0,0.5,0.0,0.0,0.0,0.0,0.0,0.5,0.5,0.0,0.0,0.5,1.5,96514.0
432,Admiral Schofield,12.2,1.5,3.3,0.6,2.0,0.8,1.3,0.6,0.6,0.6,1.1,1.7,0.8,0.2,0.1,0.4,1.6,4.2,877940.0
433,Dennis Schröder,30.1,4.1,9.8,1.1,3.4,3.0,6.4,3.3,3.8,0.3,2.2,2.5,4.5,0.8,0.2,1.7,2.2,12.6,2641682.0
434,Jay Scrubb,15.0,2.5,3.5,1.0,1.0,1.5,2.5,0.5,1.0,0.0,3.0,3.0,0.5,1.0,0.0,1.5,1.0,6.5,49719.0
435,Dereon Seabron,2.4,0.4,1.0,0.0,0.0,0.4,1.0,0.0,0.0,0.2,0.0,0.2,0.0,0.0,0.0,0.0,0.2,0.8,511816.0
436,Alperen Şengün,28.9,5.9,10.7,0.3,0.8,5.6,9.9,2.7,3.8,3.2,5.8,9.0,3.9,0.9,0.9,2.6,3.4,14.8,3375360.0
437,Collin Sexton,23.9,4.9,9.8,1.0,2.5,3.9,7.2,3.4,4.1,0.8,1.4,2.2,2.9,0.6,0.1,1.8,2.3,14.3,16700000.0
438,Landry Shamet,20.2,2.8,7.5,1.9,5.0,1.0,2.5,1.1,1.3,0.3,1.4,1.7,2.3,0.7,0.1,0.9,1.5,8.7,9500000.0
439,Day'Ron Sharpe,11.5,1.9,3.6,0.1,0.2,1.8,3.3,0.7,1.1,2.1,2.1,4.2,0.8,0.3,0.7,0.9,1.9,4.7,2109480.0
440,Shaedon Sharpe,22.2,3.8,8.1,1.3,3.5,2.6,4.6,0.9,1.3,0.8,2.2,3.0,1.2,0.5,0.3,1.0,1.7,9.9,6012960.0
441,Pascal Siakam,37.4,8.9,18.5,1.3,4.0,7.6,14.5,5.2,6.7,1.8,6.0,7.8,5.8,0.9,0.5,2.4,3.2,24.2,35448672.0
442,Chris Silva,3.0,1.0,1.0,0.0,0.0,1.0,1.0,0.0,0.0,0.0,0.0,0.0,0.0,0.0,0.0,1.0,2.0,2.0,211045.0
443,Ben Simmons,26.3,3.2,5.6,0.0,0.0,3.2,5.5,0.6,1.4,1.0,5.3,6.3,6.1,1.3,0.6,2.3,3.3,6.9,35448672.0
444,Kobi Simmons,5.6,0.2,1.2,0.2,1.0,0.0,0.2,0.4,0.4,0.2,0.6,0.8,1.0,0.0,0.4,0.2,0.0,1.0,32795.0
445,Marko Simonovic,2.9,0.3,1.0,0.1,0.6,0.1,0.4,0.1,0.3,0.1,0.1,0.3,0.0,0.0,0.0,0.0,0.7,0.9,1563518.0
446,Anfernee Simons,35.0,7.5,16.9,3.4,9.1,4.1,7.8,2.6,2.9,0.3,2.3,2.6,4.1,0.7,0.2,2.1,2.3,21.1,22321429.0
447,Jericho Sims,15.6,1.6,2.1,0.0,0.0,1.6,2.0,0.2,0.3,1.9,2.8,4.7,0.5,0.3,0.5,0.5,1.8,3.4,1639842.0
448,Marcus Smart,32.1,4.1,9.9,1.9,5.6,2.2,4.3,1.4,1.9,0.8,2.4,3.1,6.3,1.5,0.4,2.3,2.8,11.5,17207142.0
449,Dennis Smith Jr.,25.7,3.4,8.4,0.4,2.1,3.0,6.3,1.4,2.0,0.5,2.6,3.1,4.8,1.4,0.5,1.5,2.3,8.8,2133278.0
450,Dru Smith,10.5,1.2,3.0,0.3,1.3,0.9,1.7,0.2,0.2,0.1,1.5,1.6,1.5,0.7,0.3,0.2,1.5,2.9,374357.0
451,Ish Smith,9.3,1.2,3.0,0.0,0.3,1.2,2.8,0.0,0.1,0.1,1.1,1.3,2.3,0.2,0.2,1.0,0.8,2.5,4725000.0
452,Jabari Smith Jr.,31.0,4.6,11.3,1.5,4.9,3.1,6.3,2.1,2.6,1.5,5.7,7.2,1.3,0.5,0.9,1.3,2.9,12.8,8882640.0
453,Jalen Smith,18.8,3.6,7.5,0.8,2.8,2.8,4.7,1.5,2.0,1.9,3.9,5.8,1.0,0.3,0.9,1.1,2.3,9.4,4670160.0
454,Xavier Sneed,12.0,1.3,2.5,0.8,1.5,0.5,1.0,1.0,1.0,0.0,1.3,1.3,1.3,0.0,0.3,0.8,1.8,4.3,102910.0
455,Jeremy Sochan,26.0,4.5,9.9,0.6,2.4,3.9,7.5,1.4,2.1,1.7,3.6,5.3,2.5,0.8,0.4,1.7,2.5,11.0,5063520.0
456,Jaden Springer,5.6,1.1,2.2,0.1,0.3,0.9,1.9,0.4,0.5,0.4,0.5,0.9,0.5,0.4,0.2,0.2,0.9,2.6,2125200.0
457,Lamar Stevens,18.1,2.1,4.6,0.5,1.5,1.6,3.1,0.6,0.9,0.8,2.6,3.3,0.5,0.4,0.3,0.4,1.3,5.3,1782621.0
458,Isaiah Stewart,28.3,3.9,8.8,1.3,4.1,2.6,4.7,2.2,3.0,2.3,5.8,8.1,1.4,0.4,0.7,1.4,2.7,11.3,3433320.0
459,Max Strus,28.4,4.1,9.9,2.5,7.0,1.6,2.8,1.0,1.1,0.6,2.6,3.2,2.1,0.5,0.2,0.9,2.1,11.5,1815677.0
460,Jalen Suggs,23.5,3.5,8.4,1.2,3.8,2.3,4.6,1.6,2.2,1.0,2.0,3.0,2.9,1.3,0.5,1.8,2.3,9.9,6922320.0
461,Edmond Sumner,13.9,2.3,5.1,0.6,1.6,1.8,3.4,1.9,2.0,0.2,1.2,1.5,1.3,0.6,0.2,0.9,1.6,7.1,1968175.0
462,Cole Swider,5.9,0.4,1.3,0.4,1.1,0.0,0.1,0.0,0.0,0.1,0.9,1.0,0.6,0.0,0.0,0.0,0.4,1.3,508891.0
463,Jae'Sean Tate,21.8,3.5,7.4,0.4,1.5,3.1,5.9,1.6,2.2,1.3,2.5,3.8,2.7,0.7,0.2,1.5,3.4,9.1,7065217.0
464,Jayson Tatum,36.9,9.8,21.1,3.2,9.3,6.6,11.8,7.2,8.4,1.1,7.7,8.8,4.6,1.1,0.7,2.9,2.2,30.1,30351780.0
465,Terry Taylor,8.5,1.3,2.4,0.2,0.6,1.1,1.8,0.2,0.4,0.9,0.6,1.5,0.3,0.1,0.2,0.3,0.8,2.9,1703902.0
466,Garrett Temple,6.5,0.7,1.8,0.4,1.0,0.3,0.8,0.1,0.2,0.2,0.5,0.7,0.5,0.4,0.1,0.2,0.6,2.0,5155500.0
467,Dalen Terry,5.6,0.8,1.9,0.2,0.7,0.7,1.2,0.4,0.6,0.3,0.7,1.0,0.6,0.3,0.1,0.2,0.6,2.2,3191400.0
468,Daniel Theis,15.6,3.0,6.3,0.3,1.6,2.7,4.7,0.7,1.7,1.0,2.1,3.1,1.3,0.3,0.9,0.4,1.0,7.0,8694369.0
469,Cam Thomas,16.6,3.5,8.0,0.9,2.3,2.6,5.7,2.6,3.1,0.1,1.5,1.7,1.4,0.4,0.1,1.1,1.0,10.6,2138160.0
470,Klay Thompson,33.0,7.9,18.1,4.4,10.6,3.6,7.6,1.7,1.9,0.6,3.6,4.1,2.4,0.7,0.4,1.8,1.9,21.9,40600080.0
471,JT Thor,14.0,1.4,3.4,0.6,1.8,0.8,1.7,0.5,0.7,0.5,1.7,2.2,0.5,0.3,0.3,0.6,1.0,3.8,1563518.0
472,Matisse Thybulle,16.9,1.5,3.6,0.8,2.1,0.8,1.5,0.3,0.4,0.6,1.4,2.0,0.7,1.2,0.5,0.3,1.6,4.1,4379526.0
473,Xavier Tillman Sr.,19.3,3.1,5.0,0.1,0.2,3.0,4.8,0.8,1.5,2.0,3.0,5.0,1.6,1.0,0.5,0.7,1.6,7.0,1782621.0
474,Isaiah Todd,10.2,0.5,3.2,0.2,1.7,0.3,1.5,0.3,0.3,0.3,1.7,2.0,0.7,0.2,0.0,0.3,0.7,1.5,1575000.0
475,Obi Toppin,15.7,2.8,6.3,1.3,3.7,1.5,2.6,0.6,0.7,0.4,2.4,2.8,1.0,0.3,0.2,0.6,1.0,7.4,5348280.0
476,Juan Toscano-Anderson,13.5,1.2,2.8,0.2,0.8,1.1,1.9,0.4,0.5,0.5,1.8,2.4,1.3,0.3,0.2,0.7,1.5,3.0,2133278.0
477,Karl-Anthony Towns,33.0,7.3,14.8,2.1,5.7,5.2,9.1,4.1,4.7,1.7,6.5,8.1,4.8,0.7,0.6,3.0,3.8,20.8,33833400.0
478,Gary Trent Jr.,32.1,6.1,14.2,2.5,6.8,3.6,7.3,2.6,3.1,0.5,2.2,2.6,1.6,1.6,0.2,0.8,1.5,17.4,17280000.0
479,P.J. Tucker,25.6,1.3,3.0,0.7,1.9,0.5,1.1,0.3,0.3,1.3,2.7,3.9,0.8,0.5,0.2,0.6,2.4,3.5,10490000.0
480,Myles Turner,29.4,6.5,11.8,1.5,4.0,5.0,7.8,3.5,4.5,1.4,6.1,7.5,1.4,0.6,2.3,1.7,3.5,18.0,35096500.0
481,Stanley Umude,2.0,0.0,1.0,0.0,1.0,0.0,0.0,2.0,2.0,0.0,0.0,0.0,0.0,1.0,1.0,0.0,0.0,2.0,58493.0
482,Jonas Valančiūnas,24.9,5.6,10.3,0.5,1.4,5.2,8.9,2.3,2.8,2.8,7.3,10.2,1.8,0.3,0.7,2.0,3.1,14.1,14700000.0
483,Jarred Vanderbilt,24.1,3.2,5.8,0.4,1.2,2.8,4.6,1.2,1.8,2.2,5.3,7.5,2.4,1.1,0.3,1.2,2.4,7.9,4374000.0
484,Fred VanVleet,36.7,6.3,16.1,3.0,8.8,3.3,7.3,3.7,4.1,0.4,3.6,4.1,7.2,1.8,0.6,2.0,2.8,19.3,21250000.0
485,Devin Vassell,31.0,6.9,15.7,2.7,7.0,4.2,8.7,2.1,2.6,0.2,3.7,3.9,3.6,1.1,0.4,1.5,1.5,18.5,4437000.0
486,Gabe Vincent,25.9,3.4,8.3,1.7,5.1,1.6,3.2,1.0,1.1,0.4,1.7,2.1,2.5,0.9,0.1,1.4,2.3,9.4,1815677.0
487,Noah Vonleh,7.4,0.5,1.0,0.0,0.2,0.4,0.9,0.1,0.1,0.8,1.3,2.1,0.3,0.1,0.3,0.5,1.5,1.1,1160955.0
488,Nikola Vučević,33.5,7.3,14.0,1.5,4.2,5.8,9.8,1.6,1.9,1.9,9.1,11.0,3.2,0.7,0.7,1.7,2.2,17.6,22000000.0
489,Dean Wade,20.3,1.7,4.0,1.0,2.9,0.6,1.1,0.3,0.5,0.5,3.0,3.4,0.8,0.6,0.5,0.4,2.0,4.7,1930681.0
490,Franz Wagner,32.6,6.8,14.0,1.6,4.5,5.2,9.5,3.4,4.0,0.9,3.2,4.1,3.5,1.0,0.2,2.1,2.3,18.6,5258280.0
491,Moritz Wagner,19.5,3.5,6.9,0.9,2.9,2.6,4.1,2.7,3.2,1.2,3.3,4.5,1.5,0.6,0.2,1.2,2.4,10.5,1878720.0
492,Ish Wainright,15.3,1.4,3.8,1.0,2.9,0.5,0.9,0.4,0.5,0.8,1.6,2.3,0.9,0.6,0.4,0.4,2.0,4.2,980057.0
493,Jabari Walker,11.1,1.5,3.5,0.3,1.0,1.2,2.5,0.6,0.8,0.9,1.5,2.3,0.6,0.2,0.2,0.5,1.2,3.9,1017781.0
494,Kemba Walker,16.0,2.7,6.3,0.8,3.1,1.9,3.2,1.9,2.3,0.3,1.4,1.8,2.1,0.2,0.2,0.4,1.2,8.0,37281261.0
495,Lonnie Walker IV,23.2,4.2,9.4,1.6,4.4,2.6,5.0,1.6,1.9,0.3,1.7,1.9,1.1,0.5,0.3,0.8,1.3,11.7,6479000.0
496,John Wall,22.2,4.1,9.9,1.0,3.2,3.1,6.7,2.3,3.3,0.4,2.3,2.7,5.2,0.8,0.4,2.4,1.7,11.4,47345760.0
497,T.J. Warren,16.4,3.1,6.4,0.5,1.6,2.6,4.8,0.7,0.8,0.6,2.3,2.9,1.0,0.5,0.3,0.5,1.5,7.5,2628597.0
498,Duane Washington Jr.,12.7,3.0,8.3,1.3,3.6,1.7,4.7,0.5,0.8,0.1,1.1,1.2,2.0,0.2,0.1,1.1,0.7,7.9,628802.0
499,P.J. Washington,32.6,5.9,13.4,2.0,5.9,3.9,7.5,1.7,2.4,1.0,3.9,4.9,2.4,0.9,1.1,1.5,2.6,15.7,5808435.0
500,TyTy Washington Jr.,14.0,1.9,5.2,0.6,2.6,1.3,2.6,0.3,0.6,0.1,1.4,1.5,1.5,0.5,0.1,0.5,0.9,4.7,2210040.0
501,Yuta Watanabe,16.0,2.0,4.0,1.0,2.3,0.9,1.7,0.6,0.8,0.5,1.9,2.4,0.8,0.4,0.3,0.4,1.4,5.6,1968175.0
502,Lindy Waters III,13.0,1.7,4.3,1.4,4.0,0.3,0.4,0.4,0.5,0.4,1.4,1.8,0.7,0.3,0.3,0.2,1.0,5.2,2316876.0
503,Trendon Watford,19.1,2.9,5.2,0.4,1.0,2.5,4.2,1.2,1.6,0.7,3.2,3.8,2.1,0.5,0.2,1.1,1.9,7.4,1563518.0
504,Peyton Watson,8.1,1.3,2.6,0.3,0.6,1.0,2.0,0.5,0.9,0.3,1.3,1.6,0.5,0.1,0.5,0.3,0.6,3.3,2193960.0
505,Blake Wesley,18.1,1.9,5.8,0.5,1.4,1.3,4.4,0.7,1.2,0.3,1.9,2.2,2.7,0.7,0.1,1.8,1.8,5.0,2385480.0
506,Russell Westbrook,29.1,5.9,13.6,1.2,3.9,4.7,9.7,2.8,4.3,1.2,4.6,5.8,7.5,1.0,0.5,3.5,2.2,15.9,47080179.0
507,Coby White,23.4,3.6,8.0,1.7,4.6,1.8,3.4,0.8,0.9,0.2,2.6,2.9,2.8,0.7,0.1,1.0,1.6,9.7,7413955.0
508,Derrick White,28.3,4.3,9.2,1.8,4.8,2.5,4.5,2.0,2.3,0.6,2.9,3.6,3.9,0.7,0.9,1.2,2.2,12.4,17142857.0
509,Jack White,3.9,0.5,1.1,0.2,0.5,0.3,0.6,0.1,0.2,0.4,0.6,1.0,0.2,0.2,0.1,0.1,0.5,1.2,508891.0
510,Joe Wieskamp,5.6,0.3,1.6,0.3,1.3,0.0,0.2,0.0,0.0,0.0,0.4,0.4,0.3,0.0,0.0,0.1,0.3,1.0,2909261.0
511,Aaron Wiggins,18.5,2.7,5.2,0.7,1.7,2.0,3.4,0.8,1.0,1.0,2.0,3.0,1.1,0.6,0.2,0.8,1.6,6.8,1563518.0
512,Andrew Wiggins,32.2,6.8,14.3,2.4,6.1,4.4,8.2,1.2,1.9,1.6,3.4,5.0,2.3,1.2,0.8,1.3,2.9,17.1,33616770.0
513,Lindell Wigginton,12.4,2.6,5.3,0.9,2.6,1.7,2.7,1.1,1.3,0.0,1.0,1.0,2.0,0.0,0.3,1.7,1.0,7.1,99438.0
514,Alondes Williams,5.0,0.0,0.0,0.0,0.0,0.0,0.0,0.0,0.0,0.0,1.0,1.0,0.0,0.0,0.0,2.0,1.0,0.0,254446.0
515,Donovan Williams,2.0,1.0,2.5,0.0,1.0,1.0,1.5,0.0,0.0,0.0,1.0,1.0,0.0,0.0,0.0,0.0,0.0,2.0,239822.0
516,Grant Williams,25.9,2.7,6.0,1.5,3.7,1.3,2.3,1.2,1.5,1.1,3.5,4.6,1.7,0.5,0.4,1.0,2.4,8.1,4306281.0
517,Jalen Williams,30.3,5.5,10.6,1.0,2.7,4.5,7.9,2.1,2.5,1.1,3.4,4.5,3.3,1.4,0.5,1.6,2.5,14.1,4341480.0
518,Jaylin Williams,18.7,2.1,4.8,0.9,2.3,1.1,2.5,0.8,1.1,0.9,4.0,4.9,1.6,0.6,0.2,0.8,2.3,5.9,2000000.0
519,Jeenathan Williams,25.4,4.8,7.8,0.6,1.6,4.2,6.2,0.4,0.6,2.0,1.0,3.0,2.0,0.6,0.4,0.8,2.6,10.6,52644.0
520,Kenrich Williams,22.8,3.4,6.5,0.9,2.5,2.4,4.0,0.3,0.7,1.8,3.1,4.9,2.0,0.8,0.3,0.6,2.1,8.0,2000000.0
521,Mark Williams,19.3,3.7,5.8,0.0,0.0,3.7,5.8,1.6,2.3,2.2,4.9,7.1,0.4,0.7,1.0,0.9,2.2,9.0,3722040.0
522,Patrick Williams,28.3,3.8,8.3,1.4,3.4,2.4,4.9,1.1,1.3,1.0,3.0,4.0,1.2,0.9,0.9,1.2,1.8,10.2,7775400.0
523,Robert Williams,23.5,3.6,4.9,0.0,0.0,3.6,4.8,0.7,1.2,3.0,5.4,8.3,1.4,0.6,1.4,1.0,1.9,8.0,10714287.0
524,Vince Williams Jr.,7.0,0.8,2.7,0.3,1.9,0.5,0.8,0.1,0.1,0.3,0.7,1.0,0.3,0.4,0.1,0.3,0.8,2.0,508891.0
525,Ziaire Williams,15.2,2.3,5.3,0.7,2.6,1.6,2.7,0.5,0.6,0.4,1.7,2.1,0.9,0.4,0.2,1.0,1.6,5.7,4591680.0
526,Zion Williamson,33.0,9.8,16.2,0.2,0.7,9.6,15.5,6.1,8.6,2.0,5.0,7.0,4.6,1.1,0.6,3.4,2.2,26.0,13534817.0
527,Dylan Windler,3.3,0.7,1.0,0.3,0.7,0.3,0.3,0.0,0.0,0.0,0.0,0.0,0.3,0.3,0.0,0.3,0.0,1.7,4037277.0
528,Justise Winslow,26.8,2.8,6.8,0.5,1.6,2.3,5.3,0.7,1.0,1.7,3.3,5.0,3.4,1.0,0.4,1.5,3.1,6.8,4097561.0
529,James Wiseman,19.3,4.2,7.5,0.1,0.4,4.1,7.1,1.5,2.2,1.6,4.3,5.9,0.7,0.2,0.6,1.1,2.4,10.0,9603360.0
530,Christian Wood,25.9,5.9,11.5,1.6,4.2,4.3,7.3,3.2,4.2,1.3,6.0,7.3,1.8,0.4,1.1,1.8,2.5,16.6,14317459.0
531,Delon Wright,24.4,2.8,5.8,0.8,2.4,1.9,3.4,1.0,1.2,1.2,2.4,3.6,3.9,1.8,0.3,0.9,1.2,7.4,7804878.0
532,McKinley Wright IV,12.4,1.7,3.6,0.3,1.0,1.4,2.6,0.5,0.7,0.3,1.4,1.7,2.1,0.3,0.2,0.7,0.9,4.2,508891.0
533,Gabe York,18.7,2.7,7.0,2.0,6.0,0.7,1.0,0.7,0.7,0.0,2.0,2.0,1.7,0.7,0.0,0.0,1.7,8.0,32171.0
534,Thaddeus Young,14.7,2.0,3.7,0.1,0.6,1.9,3.0,0.3,0.5,1.3,1.8,3.1,1.4,1.0,0.1,0.8,1.6,4.4,8000000.0
535,Trae Young,34.8,8.2,19.0,2.1,6.3,6.1,12.7,7.8,8.8,0.8,2.2,3.0,10.2,1.1,0.1,4.1,1.4,26.2,37096500.0
536,Omer Yurtseven,9.2,1.8,3.0,0.3,0.8,1.4,2.2,0.6,0.7,0.9,1.7,2.6,0.2,0.2,0.2,0.4,1.8,4.4,1752638.0
537,Cody Zeller,14.5,2.5,3.9,0.0,0.1,2.5,3.8,1.6,2.3,1.7,2.6,4.3,0.7,0.2,0.3,0.9,2.2,6.5,743922.0
538,Ivica Zubac,28.6,4.3,6.8,0.0,0.0,4.3,6.7,2.2,3.1,3.1,6.8,9.9,1.0,0.4,1.3,1.5,2.9,10.8,10123457.0
