,Player,PER,TS%,3PAr,FTr,ORB%,DRB%,TRB%,AST%,STL%,BLK%,TOV%,USG%,OWS,DWS,WS,WS/48,OBPM,DBPM,BPM,VORP,Salary
0,Precious Achiuwa,15.2,0.554,0.267,0.307,9.3,24.4,16.3,6.3,1.3,2.6,11.4,19.4,0.8,1.4,2.2,0.093,-1.4,-0.8,-2.3,-0.1,2840160.0
1,Steven Adams,17.5,0.564,0.004,0.49,20.1,25.3,22.7,11.2,1.5,3.7,19.8,14.6,1.3,2.1,3.4,0.144,-0.3,0.9,0.6,0.7,17926829.0
2,Bam Adebayo,20.1,0.592,0.011,0.361,8.0,23.6,15.5,15.9,1.7,2.4,12.7,25.2,3.6,3.8,7.4,0.137,0.8,0.8,1.5,2.3,30351780.0
3,Ochai Agbaji,9.5,0.561,0.591,0.179,3.9,6.9,5.4,7.5,0.6,1.0,9.0,15.8,0.9,0.4,1.3,0.053,-1.7,-1.4,-3.0,-0.3,3918360.0
4,Santi Aldama,13.9,0.591,0.507,0.274,5.4,18.0,11.7,7.6,1.3,2.6,9.3,16.0,2.1,2.4,4.6,0.13,-0.3,0.8,0.5,1.1,2094120.0
5,Nickeil Alexander-Walker,11.6,0.565,0.539,0.203,1.9,10.5,6.3,16.7,1.7,2.0,14.6,17.9,0.3,0.8,1.1,0.062,-1.4,0.4,-0.9,0.2,5009633.0
6,Grayson Allen,12.3,0.612,0.657,0.226,3.4,9.0,6.3,10.9,1.5,0.6,10.5,14.6,2.8,2.2,5.1,0.123,-0.6,0.7,0.1,1.0,8925000.0
7,Jarrett Allen,19.9,0.67,0.016,0.353,11.7,23.6,17.7,7.5,1.2,3.5,11.4,16.4,5.5,4.0,9.5,0.205,1.3,1.0,2.4,2.4,20000000.0
8,Jose Alvarado,11.8,0.525,0.505,0.164,2.4,9.8,6.1,19.9,2.5,0.7,13.4,19.8,0.1,1.7,1.8,0.066,-2.0,0.7,-1.2,0.3,1563518.0
9,Kyle Anderson,14.8,0.583,0.212,0.275,3.8,16.9,10.5,22.6,1.9,2.8,15.7,14.4,2.5,2.6,5.1,0.125,0.2,2.3,2.5,2.2,8780488.0
10,Giannis Antetokounmpo,29.0,0.605,0.134,0.604,7.3,30.0,19.1,33.2,1.2,2.1,13.2,38.8,4.9,3.7,8.6,0.204,5.8,2.7,8.5,5.4,42492492.0
11,Thanasis Antetokounmpo,6.7,0.458,0.174,0.478,7.9,14.1,11.1,9.3,0.7,1.2,17.7,13.8,-0.1,0.2,0.1,0.022,-6.5,-1.1,-7.6,-0.3,1878720.0
12,Cole Anthony,16.0,0.57,0.338,0.279,3.4,17.6,10.5,22.9,1.2,1.9,11.7,21.5,2.1,1.7,3.7,0.116,0.7,0.5,1.3,1.3,3613680.0
13,OG Anunoby,14.6,0.586,0.415,0.189,4.2,12.1,7.9,8.0,2.7,2.0,12.1,19.5,1.8,2.9,4.7,0.094,-0.3,0.7,0.4,1.5,17357143.0
14,Ryan Arcidiacono,2.7,0.351,0.622,0.0,0.0,10.0,5.0,16.9,1.4,0.0,15.9,11.1,-0.2,0.1,-0.2,-0.043,-7.3,-1.5,-8.8,-0.3,1836090.0
15,Deni Avdija,11.2,0.535,0.401,0.285,4.2,21.9,13.4,13.9,1.6,1.2,15.9,16.7,0.0,2.3,2.3,0.054,-2.8,0.5,-2.3,-0.1,4916160.0
16,Deandre Ayton,19.9,0.617,0.027,0.225,9.2,27.5,18.1,9.2,0.9,2.3,11.0,22.9,3.3,3.0,6.2,0.147,0.9,0.0,0.9,1.5,30913750.0
17,Udoka Azubuike,16.1,0.774,0.0,0.278,9.5,26.1,17.9,4.3,0.8,3.5,18.2,11.5,0.6,0.4,1.0,0.134,-1.2,0.5,-0.6,0.1,2174880.0
18,Marvin Bagley III,17.2,0.587,0.173,0.283,10.2,20.2,15.1,5.9,0.9,2.7,9.7,20.4,1.3,0.7,2.0,0.095,0.3,-1.2,-0.9,0.3,12500000.0
19,Patrick Baldwin Jr.,11.3,0.546,0.771,0.055,0.5,18.6,9.7,6.9,1.3,1.6,9.0,22.8,-0.1,0.3,0.1,0.029,-0.7,-1.4,-2.1,0.0,2226000.0
20,LaMelo Ball,17.9,0.541,0.531,0.169,3.5,16.2,9.7,38.7,1.7,0.8,14.3,30.0,0.6,1.2,1.8,0.068,3.2,-0.8,2.4,1.4,8623920.0
21,Mo Bamba,15.7,0.602,0.515,0.257,8.5,24.2,16.4,8.7,0.8,5.3,10.1,16.6,1.1,1.1,2.2,0.139,-0.2,0.7,0.5,0.5,10300000.0
22,Paolo Banchero,14.9,0.529,0.254,0.476,3.9,19.3,11.6,17.2,1.2,1.5,12.8,27.5,-0.3,2.6,2.4,0.047,-0.7,-0.7,-1.5,0.3,11055120.0
23,Desmond Bane,19.1,0.606,0.433,0.218,2.5,14.3,8.4,20.8,1.4,1.1,10.9,26.1,3.5,2.3,5.8,0.151,3.3,0.1,3.5,2.5,2130240.0
24,Dalano Banton,14.9,0.505,0.392,0.185,4.2,14.9,9.1,19.3,2.3,4.5,11.4,24.2,0.0,0.4,0.4,0.064,-1.1,0.6,-0.5,0.1,1563518.0
25,Dominick Barlow,12.4,0.567,0.047,0.291,11.9,15.6,13.7,7.6,1.2,3.8,13.4,11.3,0.5,0.2,0.7,0.082,-3.7,-0.8,-4.6,-0.3,508891.0
26,Harrison Barnes,14.1,0.632,0.446,0.522,3.8,11.9,7.9,6.3,1.0,0.3,8.1,17.1,5.1,1.4,6.5,0.118,0.5,-1.5,-1.0,0.7,18352273.0
27,Scottie Barnes,15.5,0.524,0.22,0.242,7.1,15.2,10.8,20.0,1.5,2.2,12.0,20.3,2.3,2.7,5.0,0.09,0.5,-0.1,0.4,1.6,7644600.0
28,RJ Barrett,12.9,0.531,0.332,0.333,2.7,13.7,8.2,12.4,0.6,0.6,10.8,26.2,0.5,1.8,2.2,0.043,-1.2,-1.9,-3.1,-0.7,10900634.0
29,Will Barton,10.0,0.493,0.495,0.129,1.7,13.5,7.7,15.4,1.4,1.1,11.1,18.9,-0.4,0.8,0.4,0.021,-2.0,-0.6,-2.6,-0.2,15059712.0
30,Charles Bassey,18.8,0.658,0.059,0.274,15.5,26.4,20.7,12.9,1.5,5.4,21.3,15.6,0.7,0.6,1.3,0.122,-0.7,1.3,0.6,0.3,2674742.0
31,Keita Bates-Diop,14.9,0.609,0.305,0.323,4.7,14.3,9.3,9.8,1.5,1.1,9.5,16.7,2.1,0.6,2.7,0.089,0.3,-0.9,-0.6,0.5,1878720.0
32,Nicolas Batum,11.0,0.594,0.832,0.126,4.1,15.4,9.8,9.4,1.5,2.3,11.1,11.5,1.7,1.9,3.6,0.101,-0.8,1.2,0.5,1.0,19700319.0
33,Darius Bazley,13.1,0.524,0.29,0.383,5.8,18.5,12.1,8.3,1.7,5.1,11.2,16.4,0.1,0.9,1.0,0.078,-2.0,1.0,-1.0,0.2,4264628.0
34,Bradley Beal,19.7,0.593,0.249,0.26,2.8,9.9,6.5,26.6,1.3,1.7,12.9,29.2,2.2,1.2,3.4,0.099,2.9,-1.2,1.8,1.6,43279250.0
35,Malik Beasley,10.9,0.531,0.702,0.069,1.8,12.5,7.3,8.4,1.5,0.4,8.5,21.1,-0.2,1.6,1.4,0.032,-0.9,-1.0,-2.0,0.0,15558035.0
36,MarJon Beauchamp,8.2,0.513,0.584,0.152,5.9,11.0,8.5,6.7,1.4,0.8,14.8,18.3,-0.4,0.8,0.4,0.027,-4.1,-0.6,-4.8,-0.5,2485200.0
37,Dāvis Bertāns,11.9,0.618,0.881,0.094,2.3,10.3,6.3,6.2,1.1,1.5,5.7,16.2,0.6,0.3,0.9,0.09,0.0,-1.3,-1.2,0.1,16000000.0
38,Patrick Beverley,8.9,0.534,0.664,0.181,2.7,12.0,7.5,13.3,1.7,2.0,13.4,10.6,0.8,2.1,3.0,0.079,-2.9,1.7,-1.2,0.3,13801614.0
39,Saddiq Bey,14.6,0.564,0.5,0.285,5.0,14.0,9.4,8.1,1.6,0.5,7.0,20.2,2.6,1.2,3.9,0.087,0.9,-1.2,-0.3,0.9,2959080.0
40,Khem Birch,9.4,0.629,0.063,0.156,5.2,12.8,8.7,5.8,1.5,3.0,19.0,11.1,0.1,0.2,0.2,0.072,-4.6,1.1,-3.5,-0.1,6667500.0
41,Goga Bitadze,17.1,0.582,0.208,0.336,15.0,18.7,16.8,12.1,1.7,5.3,13.3,15.4,0.8,0.6,1.3,0.141,-0.8,1.1,0.3,0.3,5377520.0
42,Bismack Biyombo,14.4,0.555,0.0,0.34,11.0,22.1,16.5,8.7,1.0,9.0,17.7,14.0,0.2,1.6,1.9,0.102,-3.4,2.5,-0.9,0.2,2905851.0
43,Buddy Boeheim,0.5,0.287,0.926,0.074,2.4,5.1,3.7,5.8,1.1,0.0,0.0,13.2,-0.2,0.0,-0.2,-0.091,-7.5,-2.0,-9.5,-0.2,508891.0
44,Bogdan Bogdanović,14.2,0.586,0.589,0.126,1.6,10.4,6.0,13.4,1.4,1.0,9.2,19.8,1.8,1.0,2.8,0.088,1.1,-0.7,0.5,0.9,18000000.0
45,Bojan Bogdanović,17.4,0.627,0.4,0.344,2.0,11.3,6.5,13.6,0.9,0.4,11.7,25.9,3.1,0.4,3.5,0.09,2.6,-1.8,0.8,1.4,19550000.0
46,Bol Bol,14.4,0.603,0.236,0.226,5.2,25.3,15.2,6.9,1.0,5.5,17.6,18.2,0.0,2.2,2.3,0.072,-1.8,0.9,-0.9,0.4,2200000.0
47,Leandro Bolmaro,-5.0,0.15,0.2,0.0,6.5,4.7,5.6,12.3,2.1,1.2,25.9,16.6,-0.4,0.0,-0.3,-0.231,-12.4,-2.3,-14.7,-0.2,1709300.0
48,Devin Booker,22.0,0.601,0.296,0.336,2.7,12.0,7.2,27.3,1.4,0.9,10.6,31.8,4.2,1.9,6.0,0.157,4.5,-0.3,4.2,2.9,33833400.0
50,Chris Boucher,18.0,0.59,0.357,0.318,10.9,21.2,15.7,2.7,1.5,4.1,6.4,18.0,3.0,2.0,5.0,0.156,0.7,-0.8,-0.1,0.7,12690000.0
51,James Bouknight,6.2,0.463,0.565,0.155,1.6,13.5,7.5,11.1,1.3,0.8,13.4,19.5,-0.8,0.4,-0.4,-0.04,-5.4,-1.1,-6.5,-0.6,4362240.0
52,Jamaree Bouyea,6.5,0.504,0.429,0.143,1.6,8.4,4.9,7.8,2.8,2.9,21.2,11.8,-0.1,0.1,0.0,0.013,-5.8,1.6,-4.2,0.0,116986.0
53,Tony Bradley,21.7,0.69,0.417,0.333,3.5,33.8,18.9,4.4,1.5,2.9,6.8,19.8,0.1,0.1,0.2,0.22,4.4,0.5,4.9,0.1,2036318.0
54,Malaki Branham,9.5,0.524,0.417,0.115,1.9,11.2,6.4,11.4,1.0,0.4,10.6,19.1,-0.4,0.2,-0.1,-0.004,-3.0,-2.1,-5.2,-1.3,2925600.0
55,Jarrell Brantley,18.5,0.739,0.643,0.143,2.8,13.7,8.3,11.4,0.0,4.3,11.8,18.1,0.1,0.0,0.1,0.16,3.1,0.4,3.5,0.1,105522.0
56,Christian Braun,10.3,0.568,0.332,0.221,4.8,12.6,8.8,6.4,1.7,1.3,9.9,13.0,0.7,1.2,1.9,0.079,-2.5,0.1,-2.4,-0.1,2808600.0
57,Mikal Bridges,16.8,0.587,0.349,0.279,2.9,10.8,6.8,13.7,1.5,1.8,8.2,22.6,4.4,3.1,7.5,0.121,1.5,0.2,1.7,2.8,20100000.0
58,Oshae Brissett,10.6,0.52,0.486,0.455,6.4,16.0,11.2,5.4,1.4,1.0,8.2,16.1,0.4,0.7,1.1,0.05,-2.0,-1.2,-3.2,-0.3,1846738.0
59,Malcolm Brogdon,18.2,0.615,0.406,0.251,2.7,14.7,8.8,21.5,1.3,0.9,10.8,22.8,3.6,2.2,5.8,0.161,2.3,0.6,2.8,2.1,22600000.0
60,Dillon Brooks,9.4,0.494,0.443,0.155,2.2,9.5,5.8,11.7,1.4,0.7,8.9,21.8,-0.8,2.4,1.6,0.034,-3.4,-0.5,-3.9,-1.1,11400000.0
61,Bruce Brown,13.3,0.571,0.343,0.206,3.3,13.0,8.3,15.7,1.9,2.0,13.2,17.8,1.7,2.6,4.3,0.09,-1.1,0.6,-0.5,0.9,6479000.0
62,Greg Brown III,5.8,0.421,0.25,0.429,2.5,21.2,11.7,4.5,2.1,4.8,15.3,18.4,-0.3,0.1,-0.1,-0.074,-8.5,0.0,-8.5,-0.2,1563518.0
63,Jaylen Brown,19.1,0.581,0.352,0.249,3.6,17.0,10.4,16.5,1.5,0.9,11.4,31.4,1.6,3.4,5.0,0.1,1.5,-0.2,1.3,2.0,29776785.0
64,Kendall Brown,9.1,0.571,0.143,0.286,5.6,11.1,8.3,9.7,4.7,0.0,20.2,10.4,0.0,0.1,0.1,0.071,-7.0,4.0,-2.9,0.0,508891.0
65,Moses Brown,22.2,0.607,0.0,0.75,22.0,30.9,26.5,2.1,0.7,4.2,10.5,21.2,0.7,0.4,1.1,0.179,0.6,-1.2,-0.6,0.1,824041.0
66,Sterling Brown,7.0,0.0,0.5,0.0,13.9,21.6,17.8,9.4,5.9,0.0,0.0,7.0,0.0,0.1,0.0,0.04,-7.7,4.3,-3.3,0.0,3122602.0
67,Troy Brown Jr.,9.6,0.561,0.604,0.084,3.7,13.7,8.9,6.6,1.5,0.7,9.2,12.1,1.0,2.0,2.9,0.075,-1.8,0.8,-1.0,0.5,1968175.0
68,Jalen Brunson,21.2,0.597,0.269,0.328,1.8,9.3,5.6,28.7,1.3,0.6,9.4,27.2,6.9,1.8,8.7,0.175,4.4,-0.5,3.9,3.5,27733332.0
69,Thomas Bryant,19.7,0.682,0.16,0.341,8.9,24.6,17.0,4.3,0.7,2.4,8.2,18.2,2.7,1.4,4.1,0.183,1.1,-0.5,0.6,0.7,1968175.0
70,Reggie Bullock,7.7,0.577,0.845,0.079,1.6,12.5,7.0,6.2,1.1,0.5,6.9,10.0,1.3,1.4,2.8,0.056,-2.3,-0.3,-2.6,-0.4,10012800.0
71,Alec Burks,16.5,0.602,0.521,0.41,1.8,14.2,7.8,15.9,1.6,0.6,9.7,22.8,1.9,0.6,2.5,0.109,1.8,-0.5,1.2,0.9,10012800.0
72,Deonte Burton,-12.6,0.0,0.5,0.0,0.0,0.0,0.0,0.0,0.0,0.0,0.0,14.3,0.0,0.0,0.0,-0.347,-13.9,-10.4,-24.2,0.0,105522.0
73,Jared Butler,13.0,0.578,0.438,0.0,1.4,4.3,2.8,15.0,3.1,0.0,13.5,20.1,0.0,0.1,0.1,0.061,-2.2,-0.4,-2.6,0.0,1674655.0
74,Jimmy Butler,27.6,0.647,0.116,0.625,7.5,13.3,10.3,27.1,2.7,1.0,8.2,25.6,9.4,2.9,12.3,0.277,6.7,2.0,8.7,5.8,37653300.0
75,John Butler,5.7,0.411,0.66,0.075,1.5,7.3,4.4,6.5,1.5,3.6,1.8,11.0,-0.1,0.1,0.0,0.001,-5.4,-0.8,-6.2,-0.2,503041.0
76,Jamal Cain,16.5,0.647,0.303,0.333,7.1,18.7,12.7,7.6,2.3,0.4,7.3,15.1,0.5,0.3,0.8,0.169,-0.5,1.3,0.8,0.2,508891.0
77,Kentavious Caldwell-Pope,11.5,0.598,0.505,0.198,1.7,8.1,5.0,9.8,2.3,1.3,11.1,14.1,2.0,2.5,4.5,0.091,-1.6,0.6,-1.0,0.6,14004703.0
78,Facundo Campazzo,7.8,0.36,0.846,0.154,0.0,4.5,2.2,22.6,5.7,0.0,17.8,14.7,-0.1,0.1,0.0,-0.012,-4.8,3.6,-1.2,0.0,464299.0
79,Vlatko Čančar,11.0,0.606,0.507,0.181,3.2,13.1,8.3,11.5,1.2,1.4,13.1,13.8,0.9,0.8,1.7,0.093,-1.7,-0.1,-1.8,0.0,2234359.0
80,Clint Capela,22.1,0.656,0.002,0.244,16.1,29.4,22.7,4.7,1.2,3.9,8.3,15.7,4.9,2.4,7.2,0.201,2.3,-0.1,2.2,1.8,18206896.0
81,Vernon Carey Jr.,10.8,0.338,0.0,0.25,12.4,30.6,21.8,13.3,3.5,6.0,18.4,16.9,-0.1,0.1,0.0,0.014,-7.1,2.1,-5.0,0.0,1882621.0
82,Jevon Carter,10.9,0.56,0.596,0.067,2.1,9.3,5.8,14.5,1.7,1.3,11.8,15.3,1.2,2.3,3.5,0.092,-1.9,1.2,-0.6,0.6,6025000.0
83,Wendell Carter Jr.,17.3,0.621,0.367,0.318,8.0,25.3,16.6,12.0,0.9,1.9,13.2,20.5,2.6,2.0,4.6,0.13,0.9,0.1,1.0,1.3,14150000.0
84,Michael Carter-Williams,9.0,0.498,0.214,0.5,2.6,10.3,6.4,22.6,1.1,2.2,19.0,20.6,0.0,0.0,0.0,-0.003,-5.1,-1.2,-6.3,0.0,652829.0
85,Alex Caruso,11.5,0.588,0.528,0.255,3.1,10.9,7.1,15.4,3.0,2.8,19.5,11.1,1.0,2.6,3.6,0.109,-2.2,3.3,1.1,1.2,9030000.0
86,Julian Champagnie,13.4,0.6,0.631,0.131,3.3,17.7,10.2,4.5,0.9,1.3,7.4,19.2,0.3,0.1,0.4,0.061,-0.6,-2.7,-3.3,-0.1,508891.0
87,Justin Champagnie,10.3,0.367,0.333,0.0,9.6,17.1,13.1,16.3,1.4,0.0,0.0,19.2,0.0,0.0,0.0,0.009,-5.1,-2.8,-7.9,-0.1,853241.0
88,Kennedy Chandler,10.6,0.44,0.181,0.157,3.4,10.9,7.2,26.4,2.0,1.6,16.9,15.8,-0.1,0.4,0.3,0.044,-3.3,0.6,-2.7,0.0,1200000.0
89,Max Christie,7.4,0.566,0.585,0.151,1.5,13.8,7.8,5.1,0.8,1.2,10.3,10.4,0.1,0.5,0.6,0.058,-3.2,0.0,-3.1,-0.1,1017781.0
90,Josh Christopher,11.5,0.523,0.271,0.182,2.8,7.2,5.0,14.3,2.0,1.9,14.4,21.9,-0.3,0.3,0.0,-0.001,-3.0,-1.4,-4.3,-0.5,2372160.0
91,Brandon Clarke,20.0,0.682,0.017,0.393,9.0,21.2,15.1,9.5,1.5,3.1,11.8,17.7,2.7,1.8,4.5,0.199,0.8,1.8,2.5,1.3,4343919.0
92,Jordan Clarkson,14.7,0.558,0.445,0.238,4.0,9.3,6.7,20.9,0.8,0.6,14.0,27.8,0.9,0.8,1.7,0.042,1.0,-2.4,-1.4,0.3,13340000.0
93,Nic Claxton,20.8,0.691,0.003,0.419,9.3,25.1,17.4,9.3,1.4,7.1,12.1,15.4,5.2,4.0,9.2,0.195,0.9,2.2,3.1,2.9,9350000.0
94,Amir Coffey,7.0,0.498,0.276,0.434,3.1,6.4,4.7,11.2,0.5,0.7,10.8,13.5,0.1,0.3,0.4,0.033,-4.3,-0.7,-5.0,-0.5,3395062.0
95,John Collins,13.6,0.593,0.339,0.252,3.9,20.0,11.9,5.3,0.9,2.9,9.1,17.1,2.1,2.1,4.2,0.095,-1.4,0.2,-1.3,0.4,23500000.0
96,Zach Collins,16.4,0.599,0.268,0.259,8.5,22.5,15.2,18.0,1.2,2.8,17.4,21.2,1.2,1.0,2.2,0.074,-0.5,0.3,-0.2,0.6,7350000.0
98,Mike Conley,14.7,0.583,0.575,0.277,1.8,7.9,4.9,29.4,1.7,0.6,13.1,16.3,4.1,1.4,5.5,0.13,1.0,-0.1,0.9,1.5,22680000.0
99,Pat Connaughton,10.0,0.531,0.765,0.097,3.8,16.2,10.2,6.9,1.2,0.6,7.0,13.8,0.7,1.8,2.5,0.085,-1.3,0.3,-1.0,0.3,5728393.0
100,Xavier Cooks,14.3,0.586,0.036,0.357,14.7,18.7,16.8,6.4,2.3,2.7,19.8,13.9,0.1,0.2,0.2,0.094,-3.2,-0.4,-3.6,-0.1,140384.0
101,Robert Covington,14.2,0.584,0.594,0.175,4.5,19.2,11.9,10.2,2.4,3.7,11.5,15.6,0.7,1.2,1.9,0.117,-0.5,2.1,1.7,0.7,12307692.0
102,Torrey Craig,11.6,0.566,0.506,0.09,8.1,16.3,12.1,7.9,1.3,2.9,12.3,13.0,1.5,2.5,4.0,0.098,-1.3,0.7,-0.6,0.7,5121951.0
103,Jae Crowder,14.6,0.624,0.585,0.128,5.4,15.3,10.6,10.6,1.7,1.4,6.6,13.2,0.7,0.5,1.2,0.165,0.1,1.1,1.2,0.3,10183800.0
104,Jarrett Culver,9.5,0.452,0.279,0.302,7.9,22.6,15.2,5.5,2.1,1.2,12.6,17.1,-0.1,0.2,0.0,0.014,-4.8,0.6,-4.2,-0.1,260295.0
105,Cade Cunningham,14.0,0.492,0.272,0.192,3.2,17.7,10.3,30.7,1.2,1.5,13.8,30.0,-0.4,0.2,-0.1,-0.018,-0.1,-0.6,-0.7,0.1,10552800.0
106,Seth Curry,12.3,0.593,0.517,0.122,1.2,7.9,4.6,11.9,1.5,0.5,9.7,19.2,0.9,0.9,1.8,0.07,-1.2,-0.9,-2.1,0.0,8496653.0
107,Stephen Curry,24.1,0.656,0.564,0.248,2.3,16.8,9.7,30.0,1.3,0.9,12.5,31.0,5.8,2.0,7.8,0.192,7.5,0.1,7.5,4.7,48070014.0
108,Dyson Daniels,8.8,0.503,0.413,0.192,3.9,16.5,10.2,16.4,2.0,1.0,20.2,11.6,-0.1,1.4,1.3,0.061,-3.4,1.6,-1.8,0.0,5508600.0
109,Anthony Davis,27.8,0.627,0.077,0.462,11.3,27.6,19.7,13.0,1.5,5.1,9.5,28.4,5.5,3.4,9.0,0.226,4.6,1.7,6.3,4.0,37980720.0
110,Johnny Davis,7.2,0.446,0.409,0.158,2.7,13.9,8.5,9.2,1.2,1.6,8.5,20.5,-0.6,0.3,-0.3,-0.033,-5.8,-1.7,-7.4,-0.6,4810320.0
111,Terence Davis,12.9,0.563,0.668,0.118,2.7,16.1,9.4,11.1,2.4,1.2,12.2,22.2,0.0,0.9,0.9,0.054,-1.3,-0.3,-1.5,0.1,4000000.0
112,JD Davison,10.1,0.478,0.368,0.105,3.4,11.4,7.4,22.4,1.5,2.6,16.8,15.8,0.0,0.1,0.1,0.059,-4.5,0.4,-4.2,0.0,508891.0
113,Darius Days,18.3,0.582,0.833,0.167,4.3,22.2,13.2,6.2,0.0,3.9,0.0,21.4,0.1,0.0,0.1,0.156,4.7,-1.2,3.5,0.0,508891.0
114,Dewayne Dedmon,15.5,0.577,0.258,0.325,9.1,28.3,18.5,9.5,1.1,4.4,12.7,20.6,0.3,0.7,1.0,0.115,-2.6,1.0,-1.6,0.0,8283688.0
115,Matthew Dellavedova,6.7,0.443,0.54,0.14,0.5,6.4,3.5,23.4,1.6,0.0,15.9,12.7,0.0,0.1,0.1,0.021,-4.4,-0.8,-5.2,-0.2,2628597.0
116,DeMar DeRozan,20.6,0.592,0.109,0.401,1.5,12.8,7.2,22.3,1.5,1.3,9.1,27.8,5.4,3.2,8.5,0.153,1.7,0.3,2.0,2.6,27300000.0
117,Moussa Diabaté,14.2,0.546,0.043,0.34,18.0,10.8,14.4,2.8,1.8,3.6,14.3,14.1,0.2,0.2,0.4,0.105,-1.9,-0.8,-2.8,0.0,508891.0
118,Mamadi Diakite,9.0,0.56,0.42,0.04,5.4,14.7,10.0,6.3,1.1,4.7,19.1,16.0,-0.1,0.3,0.2,0.051,-4.9,1.6,-3.4,-0.1,508891.0
119,Hamidou Diallo,15.7,0.593,0.056,0.395,6.2,15.7,10.8,9.2,2.6,1.4,13.9,21.8,0.4,0.9,1.3,0.063,-1.8,0.4,-1.4,0.1,5200000.0
120,Gorgui Dieng,9.9,0.493,0.641,0.111,7.9,25.4,16.3,19.4,0.5,3.2,20.7,17.9,-0.2,0.2,0.0,0.001,-4.0,0.1,-3.9,-0.2,4105236.0
121,Ousmane Dieng,9.3,0.505,0.541,0.127,3.5,16.5,9.9,10.7,1.2,1.1,12.0,15.9,-0.1,0.6,0.4,0.038,-3.1,-0.5,-3.6,-0.2,4569840.0
122,Spencer Dinwiddie,16.0,0.573,0.467,0.314,1.2,10.2,5.7,28.1,1.2,0.8,10.8,22.1,4.5,1.8,6.3,0.111,1.6,-0.9,0.7,1.8,19500000.0
123,Donte DiVincenzo,12.8,0.593,0.7,0.131,4.7,14.0,9.4,17.3,2.4,0.5,16.4,15.1,1.9,2.3,4.2,0.106,-0.6,1.3,0.7,1.3,4500000.0
124,Luka Dončić,28.7,0.609,0.373,0.479,2.6,25.4,13.8,42.3,1.9,1.2,11.9,37.6,7.3,2.9,10.2,0.204,7.6,1.4,8.9,6.6,37096500.0
125,Tyler Dorsey,45.5,0.9,0.4,0.0,14.4,14.7,14.5,0.0,0.0,0.0,0.0,28.3,0.1,0.0,0.1,0.367,17.0,0.8,17.8,0.0,201802.0
126,Luguentz Dort,11.3,0.513,0.468,0.297,5.9,10.4,8.1,9.2,1.6,0.9,8.5,19.8,0.9,2.1,2.9,0.062,-2.0,-1.0,-3.0,-0.6,15277778.0
127,Ayo Dosunmu,10.2,0.567,0.332,0.144,2.5,9.3,5.9,13.2,1.4,1.2,14.0,14.9,0.7,2.2,2.9,0.067,-3.0,0.6,-2.5,-0.2,1563518.0
128,Devon Dotson,4.8,0.15,0.4,0.0,13.1,8.1,10.5,17.6,4.6,0.0,23.1,10.7,-0.1,0.1,0.0,-0.025,-7.0,1.8,-5.3,0.0,169630.0
129,Jeff Dowtin,9.9,0.5,0.281,0.158,2.4,8.0,5.0,15.5,1.7,1.1,7.6,10.9,0.2,0.2,0.4,0.076,-2.8,0.9,-1.9,0.0,508891.0
130,PJ Dozier,5.2,0.333,0.485,0.0,1.5,18.7,10.1,16.3,3.6,1.1,13.2,20.6,-0.3,0.1,-0.2,-0.097,-8.6,0.7,-7.8,-0.1,784654.0
131,Goran Dragić,10.3,0.514,0.433,0.134,2.1,8.2,5.2,24.3,0.7,0.4,15.1,21.1,-0.3,0.7,0.4,0.025,-2.1,-1.8,-3.9,-0.4,3523762.0
132,Andre Drummond,20.8,0.606,0.011,0.456,18.7,40.2,29.6,5.7,2.6,3.1,18.6,21.0,0.8,2.0,2.8,0.159,-1.2,0.5,-0.8,0.3,3200000.0
133,Chris Duarte,8.6,0.496,0.523,0.216,2.4,11.9,7.1,9.7,1.3,0.9,10.1,19.0,-0.5,0.4,0.0,-0.003,-2.9,-1.6,-4.5,-0.6,3936960.0
134,David Duke Jr.,8.3,0.497,0.154,0.218,5.5,8.7,7.1,13.1,2.1,0.4,17.4,20.1,-0.3,0.2,-0.1,-0.011,-6.3,-1.0,-7.3,-0.3,531283.0
135,Kris Dunn,19.1,0.606,0.167,0.245,1.7,17.1,9.5,32.3,2.1,1.5,12.8,20.2,1.3,0.6,1.9,0.162,0.7,1.7,2.4,0.6,1000001.0
136,Kevin Durant,25.9,0.677,0.267,0.387,1.2,19.5,10.5,24.5,1.0,3.4,13.4,30.7,4.7,2.1,6.8,0.194,6.0,1.2,7.1,3.9,44119845.0
137,Jalen Duren,17.3,0.655,0.005,0.394,14.7,25.1,19.7,6.8,1.3,3.1,16.5,14.3,2.9,1.6,4.5,0.129,-0.4,-0.4,-0.8,0.5,4124280.0
138,Tari Eason,15.2,0.525,0.261,0.22,12.0,18.9,15.4,7.4,2.6,2.6,12.2,19.3,0.9,1.7,2.6,0.07,-1.3,-0.4,-1.7,0.1,3359160.0
139,Anthony Edwards,17.4,0.564,0.375,0.274,1.9,15.9,9.0,19.3,2.1,1.8,13.0,29.9,0.2,3.6,3.8,0.064,1.0,0.0,1.0,2.1,10733400.0
140,Kessler Edwards,8.4,0.502,0.591,0.161,6.9,11.1,9.0,7.5,1.7,1.4,11.5,12.7,0.1,0.3,0.4,0.048,-3.2,-0.7,-3.9,-0.2,1637966.0
141,Keon Ellis,14.0,0.629,0.75,0.438,6.5,6.4,6.4,10.5,3.4,1.2,5.0,12.1,0.2,0.1,0.2,0.162,-0.1,1.4,1.3,0.1,508891.0
142,Joel Embiid,31.4,0.655,0.151,0.581,5.9,28.3,17.3,22.9,1.4,4.6,11.9,37.0,8.4,3.9,12.3,0.259,6.8,2.3,9.2,6.4,33616770.0
143,Drew Eubanks,16.2,0.666,0.054,0.374,9.5,20.9,15.2,9.2,1.2,5.7,14.7,12.5,2.9,1.6,4.4,0.134,-0.9,0.9,0.1,0.8,1968175.0
144,Bruno Fernando,16.6,0.571,0.036,0.446,14.5,22.8,18.6,10.8,0.7,8.1,15.7,16.3,0.5,0.4,0.9,0.109,-2.8,0.7,-2.0,0.0,2717391.0
145,Dorian Finney-Smith,9.2,0.523,0.675,0.118,6.5,11.5,9.0,6.7,1.4,1.6,10.5,13.2,0.6,1.6,2.1,0.051,-1.7,-0.3,-2.0,0.0,12939848.0
146,Malachi Flynn,8.7,0.479,0.55,0.136,2.3,10.8,6.2,13.7,1.5,0.6,8.9,17.4,0.0,0.5,0.5,0.034,-3.3,-0.8,-4.1,-0.4,2145720.0
147,Simone Fontecchio,8.0,0.495,0.612,0.141,4.4,7.7,6.1,7.5,0.9,0.9,10.5,20.2,-0.4,0.3,-0.1,-0.004,-3.0,-2.1,-5.2,-0.6,3205128.0
148,Bryn Forbes,6.2,0.497,0.554,0.181,1.7,4.5,3.1,8.2,1.2,0.7,11.8,16.2,-0.2,0.2,0.0,0.0,-4.8,-1.5,-6.3,-0.3,2298385.0
149,Trent Forrest,6.1,0.424,0.033,0.05,2.0,12.8,7.3,16.5,1.2,0.6,19.7,11.6,-0.2,0.2,-0.1,-0.011,-5.3,0.2,-5.1,-0.2,508891.0
150,Michael Foster Jr.,0.0,0.0,0.0,0.0,0.0,0.0,0.0,0.0,0.0,0.0,0.0,0.0,0.0,0.0,0.0,0.01,-7.2,-1.9,-9.2,0.0,106288.0
151,Evan Fournier,6.9,0.471,0.687,0.127,1.0,10.8,5.9,10.6,1.7,0.6,11.2,18.4,-0.3,0.4,0.1,0.01,-4.0,0.0,-4.0,-0.2,18000000.0
152,De'Aaron Fox,21.8,0.599,0.276,0.331,1.9,12.4,7.2,29.6,1.6,0.8,10.6,30.1,5.5,1.8,7.4,0.146,3.4,-0.9,2.5,2.7,30351780.0
153,Markelle Fultz,16.6,0.564,0.128,0.211,4.4,10.5,7.4,29.8,2.4,1.4,15.8,21.3,1.7,2.0,3.7,0.1,-0.1,0.7,0.5,1.2,16500000.0
154,Wenyen Gabriel,14.4,0.626,0.138,0.323,12.6,17.2,15.0,4.8,1.2,2.9,13.4,14.1,1.5,1.3,2.8,0.132,-2.3,0.1,-2.2,-0.1,1878720.0
155,Daniel Gafford,19.7,0.739,0.0,0.473,11.7,18.0,15.0,7.5,1.0,5.2,15.1,15.2,4.2,1.9,6.1,0.184,0.4,0.6,1.0,1.2,1930681.0
156,Darius Garland,18.8,0.587,0.365,0.284,1.3,7.6,4.5,34.1,1.7,0.3,13.5,26.9,4.5,3.0,7.6,0.148,3.2,-0.7,2.4,2.7,8920794.0
157,Usman Garuba,12.9,0.569,0.333,0.266,13.4,21.4,17.4,8.8,2.2,2.9,19.2,10.5,0.9,0.9,1.8,0.091,-2.0,0.6,-1.4,0.2,2471160.0
158,Luka Garza,23.0,0.652,0.336,0.448,15.5,13.5,14.5,11.8,0.6,0.7,9.2,26.9,0.9,0.2,1.1,0.211,2.2,-2.6,-0.4,0.1,508891.0
159,Rudy Gay,9.0,0.475,0.453,0.171,4.4,17.0,10.8,9.4,1.1,1.9,10.7,17.7,-0.4,0.7,0.3,0.018,-3.6,-0.4,-4.0,-0.4,6184500.0
160,Paul George,19.6,0.588,0.424,0.293,2.6,17.0,9.9,24.2,2.1,0.9,13.4,29.5,2.3,2.3,4.6,0.114,2.4,0.3,2.8,2.3,42492492.0
161,Taj Gibson,11.4,0.585,0.192,0.336,7.7,13.6,10.8,9.6,1.5,2.1,15.3,15.3,0.4,0.5,0.8,0.082,-3.6,0.5,-3.2,-0.1,2905851.0
162,Josh Giddey,17.1,0.533,0.209,0.13,6.6,20.9,13.6,29.9,1.1,1.2,15.1,24.6,1.3,2.7,4.0,0.081,1.5,-0.3,1.2,1.9,6287400.0
163,Shai Gilgeous-Alexander,27.2,0.626,0.122,0.535,2.6,12.2,7.3,25.7,2.2,2.5,10.1,32.8,8.4,3.0,11.4,0.226,5.7,1.5,7.3,5.6,30913750.0
164,Anthony Gill,11.1,0.604,0.22,0.508,6.9,10.6,8.8,7.2,0.5,1.6,8.5,12.3,1.0,0.4,1.3,0.101,-2.4,-0.9,-3.3,-0.2,1836090.0
165,Jacob Gilyard,7.3,0.5,1.0,0.0,0.0,10.3,5.2,19.4,3.5,0.0,40.0,5.1,0.0,0.1,0.1,0.079,-7.8,1.7,-6.1,0.0,5849.0
166,Rudy Gobert,18.9,0.675,0.005,0.623,12.2,29.8,21.2,5.6,1.2,3.9,14.9,16.3,4.3,3.5,7.8,0.174,0.0,0.7,0.7,1.4,38172414.0
167,Jordan Goodwin,14.8,0.531,0.334,0.195,6.0,14.3,10.3,20.8,2.6,2.0,12.9,17.3,0.9,1.3,2.2,0.097,-0.7,1.4,0.7,0.8,1280206.0
168,Aaron Gordon,19.5,0.617,0.227,0.413,9.4,15.4,12.5,14.2,1.3,2.2,9.8,21.1,4.6,2.2,6.8,0.158,2.4,-0.3,2.1,2.1,20690909.0
169,Eric Gordon,11.8,0.587,0.545,0.265,0.9,6.7,3.8,13.4,1.1,1.2,12.5,17.8,1.8,0.5,2.3,0.056,-0.5,-1.4,-1.9,0.1,19568360.0
170,Devonte' Graham,12.5,0.552,0.784,0.304,1.6,8.7,5.1,19.4,1.6,1.1,9.8,17.1,1.5,1.0,2.5,0.091,0.1,-0.2,-0.1,0.6,11550000.0
171,Jerami Grant,16.0,0.606,0.393,0.375,2.7,11.9,7.2,10.3,1.1,2.1,9.8,22.8,3.1,1.0,4.1,0.087,1.2,-1.4,-0.2,1.0,20955000.0
172,RaiQuan Gray,15.5,0.621,0.417,0.167,9.9,18.8,14.4,29.0,0.0,2.4,23.7,21.4,0.0,0.0,0.1,0.106,-0.6,-1.4,-2.0,0.0,5849.0
173,A.J. Green,11.5,0.607,0.84,0.032,1.9,11.3,6.8,8.7,0.8,0.0,6.6,16.6,0.5,0.3,0.8,0.111,-0.3,-0.6,-0.9,0.1,508891.0
174,Danny Green,10.8,0.617,0.755,0.02,2.5,9.1,5.8,6.1,2.2,2.0,16.8,18.9,0.0,0.2,0.2,0.059,-2.1,0.2,-1.9,0.0,11710528.0
175,Draymond Green,12.2,0.592,0.276,0.228,3.2,21.6,12.6,27.8,1.5,2.3,28.1,13.2,1.6,3.1,4.7,0.098,-1.8,2.6,0.8,1.6,25806468.0
176,Jalen Green,14.5,0.538,0.408,0.341,1.8,10.3,6.0,17.3,1.1,0.7,11.3,28.1,1.4,0.5,1.8,0.034,0.5,-2.6,-2.1,0.0,9441840.0
177,JaMychal Green,15.5,0.65,0.44,0.266,10.1,18.0,14.1,8.9,1.5,2.5,15.6,17.5,1.2,1.0,2.2,0.133,-0.7,0.2,-0.5,0.3,8200000.0
178,Javonte Green,14.5,0.646,0.324,0.417,6.5,14.2,10.4,6.4,2.4,4.2,13.5,13.6,0.6,0.8,1.4,0.142,-1.1,2.5,1.4,0.4,1815677.0
179,Jeff Green,11.0,0.576,0.317,0.357,4.1,10.9,7.6,8.3,0.8,1.4,10.8,17.0,0.8,0.8,1.7,0.074,-2.4,-1.0,-3.4,-0.4,4500000.0
180,Josh Green,11.2,0.645,0.442,0.246,4.1,9.7,6.9,9.7,1.4,0.3,14.5,14.6,1.7,0.9,2.6,0.082,-1.9,-0.6,-2.4,-0.2,3098400.0
181,AJ Griffin,12.6,0.577,0.486,0.088,2.9,9.2,6.0,7.0,1.4,0.7,7.1,17.9,1.3,0.9,2.2,0.075,-0.3,-0.5,-0.8,0.4,3536160.0
182,Blake Griffin,13.1,0.59,0.508,0.246,9.2,20.4,14.9,14.2,1.2,1.4,13.2,12.7,1.0,0.8,1.8,0.153,-1.4,1.5,0.1,0.3,2905851.0
183,Quentin Grimes,11.7,0.619,0.676,0.163,2.5,9.4,5.9,9.7,1.1,1.2,9.7,14.4,3.2,1.6,4.8,0.108,-0.3,0.1,-0.1,1.0,2277000.0
184,Rui Hachimura,13.2,0.556,0.274,0.204,4.1,16.5,10.5,5.8,0.6,1.5,7.7,20.2,0.6,1.3,1.8,0.06,-1.3,-1.0,-2.2,-0.1,6263188.0
185,Tyrese Haliburton,23.6,0.624,0.478,0.239,1.9,10.1,6.0,47.6,2.3,1.1,13.2,23.8,6.4,1.2,7.6,0.195,7.0,0.2,7.2,4.4,4215120.0
186,Jordan Hall,5.5,0.438,0.536,0.321,3.8,12.3,7.9,17.0,0.6,0.0,18.0,19.4,-0.1,0.0,-0.1,-0.077,-4.7,-2.9,-7.6,-0.1,193027.0
187,R.J. Hampton,10.8,0.558,0.489,0.321,2.6,10.5,6.5,10.4,1.7,1.1,13.4,17.8,0.1,0.5,0.7,0.042,-2.3,-0.6,-2.9,-0.2,2898243.0
188,Tim Hardaway Jr.,12.1,0.554,0.649,0.195,1.1,12.6,6.8,9.0,1.1,0.5,6.1,20.6,1.0,1.3,2.3,0.051,-0.3,-1.5,-1.8,0.1,19602273.0
189,James Harden,21.6,0.607,0.496,0.429,2.3,17.1,9.8,43.3,1.6,1.4,16.3,25.0,5.8,2.6,8.4,0.188,5.1,0.3,5.4,4.0,33000000.0
190,Jaden Hardy,14.6,0.571,0.468,0.237,1.8,13.0,7.3,14.9,1.2,0.9,11.1,26.4,0.2,0.5,0.7,0.048,-0.4,-1.9,-2.3,0.0,1017781.0
191,Ron Harper Jr.,15.7,0.608,0.563,0.063,6.6,10.2,8.3,11.9,0.0,2.0,0.0,14.6,0.1,0.0,0.2,0.158,2.4,-1.2,1.2,0.0,508891.0
192,Montrezl Harrell,17.6,0.631,0.029,0.483,11.8,15.7,13.8,7.4,1.2,3.4,12.1,18.9,1.3,0.8,2.2,0.153,-0.9,-0.4,-1.3,0.1,2463490.0
193,Gary Harris,10.5,0.62,0.71,0.098,2.0,7.4,4.7,6.9,1.8,1.0,8.0,12.6,1.3,1.1,2.3,0.095,-1.4,0.7,-0.7,0.4,13000000.0
194,Joe Harris,10.6,0.621,0.757,0.064,1.7,10.1,6.0,9.1,1.1,0.7,8.3,14.3,1.5,1.1,2.6,0.083,-0.6,-0.6,-1.1,0.3,18642857.0
195,Kevon Harris,9.2,0.564,0.402,0.383,6.9,10.4,8.7,4.7,1.8,1.1,14.4,13.7,0.2,0.4,0.6,0.065,-3.5,-0.1,-3.6,-0.2,508891.0
196,Tobias Harris,14.8,0.602,0.383,0.153,3.3,17.0,10.3,11.4,1.4,1.5,9.0,18.2,3.1,2.8,5.9,0.116,0.6,0.1,0.7,1.7,37633050.0
197,Shaquille Harrison,17.9,0.516,0.278,0.417,1.0,20.3,10.5,34.9,4.5,1.5,12.3,17.6,0.2,0.2,0.3,0.137,-2.5,2.6,0.1,0.1,134862.0
198,Josh Hart,14.1,0.622,0.315,0.338,6.5,21.0,13.7,16.1,1.8,0.8,16.4,12.6,3.8,2.2,6.0,0.118,-0.2,1.1,0.9,1.8,12960000.0
199,Isaiah Hartenstein,14.2,0.567,0.113,0.217,14.1,22.2,18.1,8.3,1.6,3.7,15.6,11.2,2.2,2.4,4.6,0.136,-1.5,1.2,-0.3,0.7,8854879.0
200,Udonis Haslem,6.2,0.433,0.31,0.172,6.4,12.0,9.1,0.0,0.7,2.9,3.1,20.1,-0.1,0.1,0.0,-0.009,-8.2,-3.9,-12.1,-0.2,2905851.0
201,Sam Hauser,12.7,0.634,0.846,0.043,3.0,14.1,8.6,7.6,1.1,1.4,6.9,14.7,1.8,1.6,3.4,0.128,0.6,0.4,1.0,1.0,1637966.0
202,Jaxson Hayes,13.7,0.605,0.186,0.532,7.3,17.3,12.3,7.7,1.6,3.0,13.9,15.7,0.6,0.9,1.5,0.118,-2.2,1.0,-1.2,0.1,6803012.0
203,Killian Hayes,10.2,0.455,0.351,0.137,1.4,10.2,5.7,32.3,2.3,1.1,16.7,20.5,-1.9,1.4,-0.5,-0.012,-3.3,-0.5,-3.8,-1.0,5837760.0
204,Gordon Hayward,13.5,0.563,0.275,0.274,2.2,12.6,7.3,19.3,1.3,0.7,13.2,20.0,0.8,1.1,2.0,0.059,-1.1,-0.3,-1.4,0.2,30075000.0
205,Juancho Hernangómez,7.6,0.504,0.588,0.14,4.6,19.1,11.3,5.2,1.3,0.9,11.0,9.4,0.1,0.6,0.7,0.053,-3.5,0.2,-3.3,-0.2,2298385.0
206,Willy Hernangómez,20.7,0.61,0.065,0.615,14.4,30.1,22.3,10.7,1.8,2.7,15.4,23.8,0.8,0.8,1.6,0.171,-0.2,0.5,0.3,0.3,2443581.0
207,Tyler Herro,15.3,0.566,0.484,0.164,1.3,17.3,9.0,19.9,1.1,0.7,11.7,25.6,1.1,2.4,3.5,0.072,1.5,-0.8,0.6,1.6,5722116.0
208,Buddy Hield,15.4,0.614,0.652,0.124,3.0,14.9,8.9,13.3,1.8,0.9,11.3,20.8,2.7,1.6,4.4,0.085,2.5,-0.6,1.9,2.4,21177750.0
209,Haywood Highsmith,8.5,0.517,0.505,0.13,6.7,16.4,11.4,6.2,1.9,1.8,16.5,12.5,-0.3,1.3,0.9,0.046,-3.7,0.7,-3.1,-0.3,1752638.0
210,George Hill,10.6,0.61,0.572,0.331,2.0,8.6,5.4,16.7,1.5,0.6,15.2,11.3,1.1,0.8,1.9,0.107,-2.4,0.9,-1.5,0.1,4000000.0
211,Malcolm Hill,15.4,0.625,0.75,0.0,0.0,37.2,18.9,0.0,0.0,0.0,0.0,19.7,0.0,0.0,0.0,0.125,1.6,0.8,2.4,0.0,508891.0
212,Aaron Holiday,9.4,0.528,0.4,0.145,3.2,6.4,4.8,13.0,2.1,1.2,13.3,13.4,0.3,0.6,0.9,0.053,-2.9,0.9,-2.0,0.0,1968175.0
213,Jrue Holiday,19.2,0.586,0.402,0.173,3.9,12.0,8.1,34.4,1.7,0.9,15.2,25.0,3.9,2.8,6.7,0.148,3.0,0.1,3.1,2.8,34319520.0
214,Justin Holiday,6.6,0.494,0.701,0.039,0.8,8.1,4.4,7.5,1.3,2.3,9.6,14.1,-0.4,0.5,0.1,0.008,-3.7,-0.1,-3.9,-0.3,5987975.0
215,Richaun Holmes,12.9,0.668,0.09,0.213,9.6,16.6,13.1,3.5,0.4,2.8,12.6,13.7,0.6,0.3,0.8,0.113,-2.0,-0.9,-2.9,-0.1,11215260.0
216,Al Horford,13.8,0.631,0.678,0.044,4.2,17.7,11.1,13.2,0.8,2.7,7.0,11.9,3.6,2.7,6.3,0.157,1.6,1.7,3.3,2.5,26500000.0
217,Talen Horton-Tucker,13.7,0.508,0.331,0.274,3.4,13.7,8.6,27.4,1.5,1.9,15.5,25.9,-0.3,1.1,0.8,0.029,-1.1,-0.5,-1.6,0.2,10260000.0
218,Danuel House Jr.,9.4,0.6,0.558,0.305,1.3,12.2,6.9,7.5,0.9,1.0,10.4,13.8,0.6,0.7,1.3,0.075,-2.5,-0.5,-3.0,-0.2,4105000.0
219,Caleb Houstan,6.2,0.508,0.747,0.099,4.7,9.1,6.9,4.9,0.7,0.8,8.7,11.0,0.1,0.5,0.7,0.039,-3.1,-0.9,-4.0,-0.4,2000000.0
220,Trevor Hudgins,4.2,0.436,0.889,0.333,0.0,0.0,0.0,13.9,0.0,0.0,8.8,16.8,0.0,0.0,0.0,-0.035,-3.8,-4.7,-8.4,0.0,508891.0
221,Kevin Huerter,15.2,0.617,0.589,0.151,2.2,10.8,6.5,14.1,1.7,1.0,9.5,19.9,3.3,1.7,4.9,0.107,1.4,-0.3,1.0,1.7,14508929.0
222,Jay Huff,22.3,0.796,0.48,0.64,7.3,16.9,12.3,14.7,1.5,3.6,13.5,16.9,0.4,0.1,0.5,0.261,2.8,1.2,4.0,0.1,116986.0
223,De'Andre Hunter,11.5,0.563,0.348,0.252,2.3,12.4,7.3,6.0,0.8,0.7,8.2,19.7,1.4,1.2,2.5,0.057,-1.9,-1.4,-3.3,-0.7,9835881.0
224,Bones Hyland,14.9,0.535,0.552,0.179,2.1,11.8,7.1,23.4,1.8,1.2,11.7,28.0,0.3,1.1,1.4,0.062,0.4,-1.2,-0.8,0.3,2201520.0
225,Serge Ibaka,9.8,0.553,0.333,0.241,8.8,15.7,12.4,2.9,0.5,3.1,15.6,16.1,0.0,0.2,0.2,0.058,-4.6,0.0,-4.5,-0.1,2905851.0
226,Andre Iguodala,7.3,0.521,0.6,0.2,3.0,13.4,8.3,20.3,1.7,2.3,35.5,9.4,0.0,0.1,0.1,0.044,-4.3,1.7,-2.5,0.0,2905851.0
227,Joe Ingles,10.7,0.616,0.819,0.085,1.4,11.1,6.4,18.4,1.5,0.5,17.6,12.6,1.1,1.2,2.3,0.107,-1.6,0.8,-0.7,0.3,6479000.0
228,Brandon Ingram,19.2,0.582,0.196,0.326,1.7,16.4,9.1,28.1,1.0,1.2,13.4,30.8,1.8,1.7,3.5,0.108,2.2,-0.4,1.7,1.4,31650600.0
229,Kyrie Irving,22.4,0.613,0.412,0.227,3.0,12.3,7.7,25.4,1.4,1.7,8.8,28.9,5.4,2.0,7.4,0.159,4.8,-0.7,4.1,3.5,38917057.0
230,Jonathan Isaac,20.3,0.483,0.283,0.17,13.7,26.5,20.1,7.3,5.5,3.1,6.6,21.1,0.0,0.3,0.3,0.13,1.0,3.0,4.0,0.2,17400000.0
231,Jaden Ivey,12.1,0.528,0.356,0.362,3.4,10.7,6.9,26.2,1.3,0.7,17.2,25.4,-0.9,0.8,0.0,-0.001,-1.4,-1.9,-3.3,-0.7,7252200.0
232,Frank Jackson,-6.8,0.0,0.333,0.0,21.9,21.3,21.6,22.7,0.0,0.0,0.0,25.1,0.0,0.0,0.0,-0.378,-12.5,-9.8,-22.2,0.0,113114.0
233,Isaiah Jackson,17.5,0.595,0.044,0.459,12.1,18.0,15.0,7.0,1.4,7.7,11.8,17.4,1.5,1.2,2.7,0.124,-1.7,0.9,-0.8,0.3,2573760.0
234,Jaren Jackson Jr.,21.6,0.613,0.343,0.372,6.4,18.8,12.6,5.0,1.7,9.6,10.1,24.7,2.8,3.8,6.6,0.177,0.7,2.0,2.8,2.2,28946605.0
235,Justin Jackson,6.3,0.359,0.741,0.074,2.1,15.1,8.7,10.5,1.8,3.2,6.7,12.2,-0.1,0.2,0.1,0.025,-4.2,1.6,-2.6,0.0,1836090.0
236,Quenton Jackson,12.2,0.542,0.286,0.524,1.7,4.8,3.3,15.1,1.4,0.6,7.2,17.9,0.1,0.1,0.2,0.078,-3.7,-1.5,-5.1,-0.1,219630.0
237,Reggie Jackson,10.0,0.514,0.45,0.122,1.7,8.0,4.9,20.0,1.4,0.3,14.6,20.8,-0.6,1.2,0.6,0.018,-2.9,-1.1,-3.9,-0.8,11457217.0
238,LeBron James,23.9,0.583,0.309,0.268,3.7,20.8,12.5,33.5,1.2,1.4,11.6,33.3,3.2,2.4,5.6,0.138,5.5,0.6,6.1,4.0,44474988.0
239,Ty Jerome,12.8,0.594,0.372,0.169,1.0,9.4,5.3,22.1,1.3,0.5,10.3,14.9,1.4,0.7,2.1,0.124,-1.1,0.3,-0.8,0.3,4728948.0
240,Isaiah Joe,14.5,0.626,0.776,0.197,2.0,11.6,6.7,8.7,1.6,0.5,6.6,17.7,2.5,1.3,3.8,0.131,1.3,-0.4,0.9,1.0,1836090.0
241,Alize Johnson,4.3,0.509,0.333,0.333,7.0,30.3,18.2,4.2,1.6,0.0,36.8,15.0,-0.1,0.0,-0.1,-0.099,-7.4,-1.7,-9.1,-0.1,192293.0
242,Cameron Johnson,17.1,0.617,0.538,0.253,3.2,14.0,8.6,9.6,2.0,1.0,6.6,20.6,2.1,1.4,3.5,0.142,2.0,0.6,2.6,1.4,5887899.0
243,Jalen Johnson,14.1,0.554,0.323,0.242,5.3,24.6,14.8,10.4,1.7,2.8,10.3,16.0,0.8,1.3,2.1,0.099,-1.2,1.5,0.3,0.6,2792640.0
244,James Johnson,8.4,0.486,0.306,0.163,2.7,17.8,10.3,12.6,2.1,3.2,13.2,15.7,-0.1,0.2,0.1,0.017,-5.7,1.2,-4.4,-0.1,3841067.0
245,Keldon Johnson,15.3,0.551,0.366,0.294,2.9,14.4,8.4,13.7,1.1,0.4,9.6,27.9,0.7,0.5,1.3,0.03,0.7,-2.5,-1.8,0.1,3873024.0
246,Keon Johnson,9.0,0.482,0.455,0.23,3.0,9.2,6.1,20.9,2.2,1.3,18.0,25.0,-0.7,0.2,-0.5,-0.057,-3.8,-1.6,-5.4,-0.4,2681040.0
247,Stanley Johnson,13.5,0.625,0.328,0.32,4.9,17.7,11.1,19.0,1.6,1.1,19.2,15.2,0.5,0.3,0.7,0.076,-0.8,-0.2,-1.0,0.1,4022164.0
248,Nikola Jokić,31.5,0.701,0.146,0.406,8.5,31.3,20.2,46.6,1.8,1.8,17.0,27.2,11.2,3.8,14.9,0.308,8.5,4.5,13.0,8.8,33047803.0
249,Carlik Jones,11.1,0.54,0.4,0.533,2.1,8.0,5.1,13.9,1.7,0.0,9.7,16.2,0.0,0.1,0.1,0.078,-2.8,0.4,-2.5,0.0,612162.0
250,Damian Jones,12.9,0.719,0.198,0.337,9.7,17.7,13.8,4.1,0.8,3.7,18.9,10.7,0.7,0.5,1.2,0.119,-2.0,0.3,-1.7,0.0,2298385.0
251,Derrick Jones Jr.,13.8,0.597,0.348,0.365,7.7,11.6,9.7,5.1,1.6,4.0,8.6,14.5,1.2,1.2,2.4,0.131,-1.2,0.8,-0.4,0.3,3200000.0
252,Herbert Jones,12.1,0.567,0.333,0.321,5.6,10.0,7.8,11.1,2.6,2.1,13.3,14.5,1.5,2.7,4.2,0.104,-1.9,1.7,-0.3,0.8,1785000.0
253,Kai Jones,10.8,0.597,0.158,0.217,7.0,17.0,11.9,3.7,1.5,4.7,19.1,12.4,0.0,0.7,0.7,0.062,-4.8,0.8,-4.0,-0.3,2909040.0
254,Tre Jones,16.0,0.534,0.213,0.231,3.0,10.8,6.7,31.5,2.1,0.4,11.8,19.3,2.6,0.8,3.4,0.082,-0.2,-0.8,-1.0,0.5,1782621.0
255,Tyus Jones,16.0,0.546,0.459,0.141,1.5,9.4,5.5,28.8,2.0,0.3,8.9,17.7,3.4,2.3,5.7,0.141,1.2,0.3,1.6,1.7,15000000.0
256,DeAndre Jordan,14.7,0.731,0.009,0.417,10.5,28.6,19.8,7.7,1.0,3.5,26.1,13.7,0.5,0.9,1.4,0.112,-2.4,0.7,-1.8,0.0,10733758.0
257,Cory Joseph,12.1,0.558,0.513,0.205,1.8,7.9,4.8,25.4,1.3,0.6,12.8,15.2,1.5,0.3,1.8,0.07,-0.7,-0.8,-1.5,0.2,5155500.0
258,Nikola Jović,10.6,0.53,0.507,0.275,5.0,13.1,8.9,7.3,1.7,1.0,11.4,19.0,0.0,0.2,0.2,0.053,-3.4,0.0,-3.4,-0.1,2239920.0
259,Johnny Juzang,6.5,0.411,0.606,0.038,3.8,14.3,9.1,4.7,0.8,1.1,2.8,19.6,-0.3,0.1,-0.2,-0.032,-4.3,-2.2,-6.5,-0.3,508891.0
260,Mfiondu Kabengele,8.1,0.381,0.429,0.286,15.4,14.9,15.2,0.0,2.7,0.0,11.3,10.8,0.0,0.1,0.1,0.067,-6.6,-2.4,-8.9,-0.1,508891.0
261,Frank Kaminsky,15.3,0.635,0.524,0.254,3.2,21.2,12.1,17.8,1.2,1.6,11.4,14.1,0.5,0.2,0.7,0.141,1.2,1.7,2.8,0.3,2463490.0
262,Trevor Keels,3.7,0.375,1.0,0.0,0.0,27.6,13.7,0.0,0.0,0.0,0.0,21.4,0.0,0.0,0.0,-0.062,-7.4,-5.6,-13.0,0.0,520589.0
263,Luke Kennard,13.0,0.684,0.704,0.102,1.2,11.8,6.6,9.4,1.2,0.3,10.3,14.5,2.2,1.2,3.4,0.124,0.6,-0.1,0.5,0.8,13745455.0
264,Walker Kessler,21.5,0.702,0.007,0.384,14.9,24.4,19.7,5.7,0.7,8.6,10.7,13.3,4.6,2.5,7.1,0.2,1.4,1.5,2.9,2.1,2696400.0
265,Braxton Key,18.6,1.064,0.0,2.0,0.0,12.7,6.2,0.0,0.0,0.0,0.0,8.9,0.0,0.0,0.0,0.242,2.1,0.8,2.9,0.0,201802.0
266,Louis King,21.3,0.744,0.615,0.077,8.3,8.0,8.1,12.2,1.7,0.0,13.0,23.8,0.1,0.0,0.1,0.157,3.3,-1.0,2.3,0.0,307089.0
267,Corey Kispert,11.5,0.657,0.656,0.15,1.8,8.9,5.5,5.7,0.7,0.4,8.1,14.1,2.9,0.9,3.8,0.088,-0.1,-1.4,-1.5,0.2,3552840.0
268,Maxi Kleber,8.7,0.592,0.663,0.225,3.7,13.3,8.4,7.5,0.6,2.9,12.7,10.3,0.7,0.6,1.3,0.067,-2.2,0.0,-2.2,0.0,9000000.0
269,Nathan Knight,14.5,0.655,0.272,0.704,8.6,12.8,10.8,6.1,1.6,1.8,16.5,18.7,0.4,0.3,0.7,0.116,-2.4,-0.8,-3.2,-0.1,1836090.0
270,Kevin Knox,11.1,0.579,0.56,0.181,3.9,17.3,10.5,5.2,1.2,1.1,12.2,18.4,0.2,0.5,0.7,0.034,-2.1,-1.4,-3.5,-0.4,3000000.0
271,Christian Koloko,11.4,0.517,0.08,0.393,11.1,13.3,12.1,5.0,1.3,6.9,10.2,10.4,0.7,1.0,1.7,0.104,-4.3,0.8,-3.5,-0.3,1500000.0
272,John Konchar,10.8,0.542,0.553,0.113,4.5,17.4,11.0,8.2,2.4,1.5,9.9,10.4,1.0,2.5,3.5,0.111,-1.9,2.4,0.5,0.9,2300000.0
273,Furkan Korkmaz,9.3,0.552,0.414,0.324,2.0,11.8,7.0,8.8,1.4,0.8,15.9,19.1,-0.2,0.3,0.1,0.019,-3.3,-1.0,-4.4,-0.2,5000000.0
274,Luke Kornet,16.7,0.697,0.076,0.229,11.9,14.8,13.4,9.1,0.7,4.9,11.8,11.5,2.1,1.2,3.3,0.198,-0.4,1.3,1.0,0.6,2133278.0
275,Vit Krejci,7.7,0.475,0.568,0.054,3.9,13.4,8.6,12.4,1.4,0.5,11.7,10.9,0.0,0.1,0.1,0.042,-4.2,0.6,-3.6,-0.1,1563518.0
276,Jonathan Kuminga,13.3,0.597,0.294,0.278,5.6,12.5,9.1,12.7,1.4,2.0,14.6,19.6,1.0,1.4,2.4,0.084,-1.7,-0.1,-1.7,0.1,5739840.0
277,Kyle Kuzma,14.3,0.544,0.421,0.208,2.8,19.5,11.5,16.5,0.8,1.1,13.2,27.9,-1.0,1.9,0.9,0.019,-0.2,-1.5,-1.7,0.2,13000000.0
278,Anthony Lamb,10.9,0.61,0.634,0.191,5.3,14.4,9.9,10.5,1.1,1.5,13.7,13.8,1.2,1.2,2.4,0.096,-1.6,0.4,-1.1,0.3,694878.0
279,Jock Landale,16.4,0.595,0.249,0.312,13.2,18.6,15.8,10.1,0.8,2.7,13.3,19.3,1.5,1.2,2.7,0.132,-0.7,-0.4,-1.1,0.2,1563518.0
280,Romeo Langford,10.4,0.524,0.236,0.216,7.1,7.7,7.4,7.9,1.3,1.3,9.6,15.4,0.3,0.2,0.5,0.029,-2.6,-1.5,-4.2,-0.5,5634257.0
281,Jake LaRavia,6.7,0.531,0.747,0.095,4.9,11.3,8.1,6.2,1.4,0.9,15.4,11.7,0.0,0.5,0.5,0.054,-3.9,0.4,-3.5,-0.2,3047640.0
282,Zach LaVine,19.0,0.607,0.392,0.308,1.7,12.2,7.1,18.7,1.2,0.6,11.0,28.3,4.2,2.9,7.1,0.123,2.7,-0.7,1.9,2.7,37096500.0
283,A.J. Lawson,13.9,0.589,0.568,0.182,6.4,16.3,11.3,3.0,0.9,0.0,5.9,21.1,0.1,0.1,0.1,0.063,-1.5,-2.9,-4.4,-0.1,371432.0
284,Damion Lee,10.7,0.607,0.546,0.23,2.8,14.0,8.3,8.9,1.0,0.4,13.5,16.3,1.1,1.4,2.6,0.081,-1.3,-0.4,-1.7,0.1,2133278.0
285,Saben Lee,13.1,0.517,0.248,0.471,3.8,9.7,6.7,24.3,2.5,0.2,14.1,19.5,0.2,0.4,0.7,0.088,-2.7,0.9,-1.8,0.0,2266640.0
286,Alex Len,12.8,0.58,0.067,0.533,17.2,25.4,21.3,9.3,1.2,6.0,30.2,14.1,0.1,0.2,0.3,0.085,-4.9,0.9,-4.0,-0.1,3918600.0
287,Kawhi Leonard,23.9,0.623,0.287,0.32,3.7,17.8,10.8,19.6,2.0,1.4,8.1,27.0,4.9,2.2,7.1,0.194,5.1,0.9,6.1,3.5,42492492.0
288,Meyers Leonard,12.0,0.652,0.621,0.31,11.4,19.4,15.5,1.2,0.8,0.0,15.4,14.4,0.2,0.1,0.3,0.126,-2.8,-2.2,-5.0,-0.1,713558.0
289,Caris LeVert,12.4,0.546,0.437,0.243,2.8,12.1,7.4,18.0,1.6,1.0,12.4,18.7,1.4,3.1,4.4,0.095,-1.0,0.8,-0.2,1.0,18796296.0
290,Kira Lewis Jr.,14.5,0.584,0.386,0.25,2.4,13.5,8.0,14.0,2.1,0.8,9.3,19.7,0.3,0.3,0.6,0.122,-0.8,0.5,-0.3,0.1,4004280.0
291,Damian Lillard,26.7,0.645,0.547,0.464,2.4,12.8,7.6,35.0,1.2,0.8,11.7,33.8,8.2,0.8,9.0,0.205,8.3,-1.2,7.1,4.9,42492492.0
292,Nassir Little,10.2,0.555,0.521,0.152,3.2,13.5,8.3,7.3,1.0,1.8,10.0,16.0,0.2,0.4,0.7,0.032,-1.6,-1.4,-3.0,-0.3,4171548.0
293,Isaiah Livers,8.4,0.567,0.705,0.135,2.5,11.0,6.6,4.8,1.1,2.1,9.0,11.9,0.5,0.5,1.0,0.041,-2.1,-0.3,-2.4,-0.1,1563518.0
294,Kenneth Lofton Jr.,20.2,0.572,0.183,0.29,11.5,19.2,15.4,18.1,1.3,1.0,10.3,27.6,0.3,0.2,0.5,0.145,0.7,-1.1,-0.4,0.1,1505966.0
295,Kevon Looney,17.8,0.639,0.003,0.404,15.7,26.8,21.4,13.8,1.3,2.2,9.1,10.6,5.9,2.8,8.7,0.212,0.9,1.3,2.1,2.0,8000000.0
296,Brook Lopez,18.4,0.63,0.405,0.211,7.2,15.3,11.4,6.1,0.7,6.7,9.8,19.3,4.1,3.9,8.0,0.161,0.8,1.3,2.1,2.5,13906976.0
297,Robin Lopez,11.6,0.675,0.053,0.24,9.1,11.0,10.0,9.1,0.3,2.5,23.2,16.1,0.2,0.3,0.6,0.094,-3.4,0.3,-3.0,-0.1,2905851.0
298,Kevin Love,13.1,0.548,0.698,0.215,5.5,32.6,18.9,13.2,0.6,0.9,13.1,19.2,0.6,2.0,2.6,0.099,0.2,0.4,0.6,0.8,30556968.0
299,Kyle Lowry,12.6,0.565,0.639,0.278,2.8,12.9,7.7,23.4,1.7,1.2,15.9,16.7,1.5,1.9,3.4,0.096,-0.7,0.8,0.2,0.9,28333334.0
300,Trey Lyles,14.2,0.607,0.588,0.304,6.3,21.1,13.7,7.0,1.0,2.2,12.2,18.1,1.4,1.2,2.6,0.098,0.0,-0.9,-1.0,0.3,2625000.0
301,Théo Maledon,11.6,0.515,0.374,0.291,1.7,13.9,7.7,24.2,2.1,1.2,17.1,17.0,0.0,0.9,0.8,0.047,-3.0,0.5,-2.5,-0.1,2408891.0
302,Sandro Mamukelashvili,13.4,0.516,0.43,0.248,11.2,19.0,15.1,12.8,1.0,1.5,12.1,18.2,0.4,0.5,0.9,0.063,-1.1,-1.3,-2.4,-0.1,1116112.0
303,Terance Mann,13.4,0.619,0.378,0.225,4.7,11.8,8.3,14.0,1.1,1.0,12.2,15.3,2.8,1.5,4.3,0.111,-0.3,0.1,-0.2,0.8,1930681.0
304,Tre Mann,10.0,0.492,0.513,0.11,2.4,11.8,7.0,14.0,1.6,0.9,10.6,20.7,-0.6,1.1,0.5,0.021,-3.0,-1.0,-3.9,-0.6,3046200.0
305,Boban Marjanović,23.4,0.71,0.017,0.45,12.7,26.0,19.3,8.7,1.4,1.1,16.3,20.8,0.4,0.1,0.6,0.158,3.0,-1.5,1.6,0.2,4101478.0
306,Lauri Markkanen,22.1,0.64,0.446,0.348,6.3,20.7,13.6,8.6,0.9,1.4,8.8,26.6,6.3,1.9,8.2,0.173,4.9,-1.0,3.8,3.3,16475454.0
307,Naji Marshall,11.4,0.539,0.382,0.306,3.0,14.6,8.8,14.4,1.5,0.7,13.0,17.8,0.5,2.0,2.5,0.068,-1.9,0.0,-1.9,0.1,1782621.0
308,Caleb Martin,11.4,0.571,0.431,0.206,4.8,15.0,9.7,8.2,1.7,1.5,11.5,14.4,1.2,2.5,3.7,0.086,-1.8,0.5,-1.2,0.4,6479000.0
309,Cody Martin,8.7,0.448,0.389,0.194,6.2,13.0,9.5,11.0,1.4,0.6,4.9,12.9,0.0,0.1,0.1,0.045,-3.8,-0.8,-4.6,-0.1,7000000.0
310,Kenyon Martin Jr.,15.4,0.635,0.3,0.308,6.0,15.8,10.8,8.1,0.9,1.3,10.0,16.4,4.2,0.7,4.9,0.103,0.6,-1.3,-0.7,0.7,1782621.0
311,Tyrese Martin,7.7,0.44,0.304,0.087,8.2,11.7,10.0,3.9,0.7,0.0,7.7,16.5,0.0,0.0,0.0,-0.01,-4.2,-3.1,-7.4,-0.1,1017781.0
312,Garrison Mathews,9.7,0.573,0.896,0.264,1.7,10.0,5.8,5.1,1.7,0.7,7.8,14.7,0.7,0.3,1.0,0.067,-2.0,-0.4,-2.4,-0.1,2000000.0
313,Bennedict Mathurin,13.1,0.566,0.326,0.477,4.4,11.5,7.9,7.6,1.0,0.5,11.7,24.6,1.0,0.8,1.8,0.038,-1.2,-2.5,-3.7,-1.0,6586800.0
314,Wesley Matthews,7.0,0.519,0.775,0.175,4.5,9.7,7.2,5.1,1.2,1.3,9.5,9.8,0.3,0.9,1.2,0.073,-3.4,0.8,-2.7,-0.1,2905851.0
315,Tyrese Maxey,17.0,0.605,0.404,0.233,1.4,8.8,5.2,16.9,1.2,0.4,7.4,24.1,3.7,1.6,5.4,0.128,1.9,-1.2,0.6,1.3,2726880.0
316,Skylar Mays,19.4,0.624,0.382,0.191,1.2,10.4,5.8,40.0,1.5,0.5,11.9,19.3,0.6,0.1,0.7,0.171,2.1,-2.1,0.0,0.1,116574.0
317,Miles McBride,8.4,0.475,0.623,0.195,1.9,5.4,3.6,12.4,2.4,1.0,9.7,14.6,0.0,0.7,0.7,0.047,-3.6,1.4,-2.3,-0.1,1563518.0
318,Mac McClung,19.2,0.563,0.55,0.25,8.8,19.8,14.4,35.3,0.0,0.0,11.9,27.5,0.1,0.0,0.1,0.14,2.2,-1.7,0.5,0.0,160856.0
319,CJ McCollum,15.6,0.541,0.404,0.177,2.4,11.7,7.0,25.1,1.3,1.4,11.2,26.4,1.5,2.8,4.3,0.078,1.5,-0.7,0.8,1.9,33333333.0
320,T.J. McConnell,16.8,0.59,0.113,0.131,3.3,13.7,8.5,37.9,2.5,0.6,20.6,19.1,1.9,1.2,3.1,0.098,0.4,0.1,0.5,1.0,8100000.0
321,Jaden McDaniels,12.0,0.611,0.376,0.201,4.3,9.8,7.1,8.4,1.5,2.7,12.6,15.8,2.0,2.4,4.4,0.087,-1.7,0.5,-1.2,0.5,2161440.0
322,Jalen McDaniels,11.8,0.557,0.376,0.224,3.6,16.3,9.9,9.6,2.1,1.6,12.1,17.2,0.5,2.2,2.7,0.068,-2.7,0.6,-2.1,-0.1,1930681.0
323,Doug McDermott,11.2,0.59,0.57,0.134,1.9,9.9,5.8,9.8,0.5,0.4,9.5,19.2,1.0,0.0,1.0,0.035,-0.7,-2.5,-3.2,-0.4,13750000.0
324,JaVale McGee,17.2,0.65,0.04,0.328,9.7,25.5,17.5,5.2,0.6,6.5,20.1,22.8,0.1,0.5,0.6,0.076,-3.6,-0.1,-3.7,-0.1,5461219.0
325,Bryce McGowens,7.2,0.519,0.396,0.396,2.7,10.1,6.3,9.1,0.9,0.7,15.3,15.0,-0.4,0.4,0.1,0.005,-4.6,-1.4,-6.0,-0.8,1461055.0
326,Rodney McGruder,10.7,0.566,0.638,0.145,4.1,11.8,7.8,7.6,1.5,0.2,6.4,14.0,0.5,0.2,0.7,0.068,-0.8,-0.7,-1.5,0.1,2298385.0
327,Jordan McLaughlin,11.8,0.526,0.538,0.124,2.5,7.6,5.1,27.4,2.2,0.5,17.7,11.7,0.7,0.6,1.3,0.094,-1.3,0.6,-0.7,0.2,2160000.0
328,De'Anthony Melton,12.7,0.566,0.619,0.134,3.9,13.1,8.6,12.9,2.9,1.8,12.9,16.4,1.1,3.1,4.2,0.095,-0.7,1.6,0.9,1.6,8250000.0
329,Sam Merrill,15.5,0.546,0.818,0.091,0.0,18.0,9.0,12.0,3.4,0.0,0.0,17.3,0.1,0.1,0.2,0.16,-1.2,2.5,1.2,0.0,1105522.0
330,Chimezie Metu,17.3,0.639,0.174,0.333,7.8,24.9,16.4,8.1,1.5,2.7,11.3,17.6,1.2,0.8,2.1,0.143,-0.3,0.2,-0.1,0.3,1910860.0
331,Khris Middleton,17.4,0.551,0.399,0.251,3.8,14.0,9.1,30.7,1.4,0.5,13.6,27.4,1.0,1.0,1.9,0.117,1.0,-0.3,0.8,0.6,37984276.0
332,Patty Mills,10.6,0.554,0.641,0.144,1.6,7.0,4.4,13.9,1.3,0.5,11.9,19.7,0.0,0.4,0.4,0.035,-1.4,-1.7,-3.1,-0.2,6479000.0
333,Shake Milton,12.7,0.575,0.294,0.231,3.0,11.3,7.2,22.3,0.8,0.8,14.5,18.5,1.6,1.2,2.9,0.087,-1.0,-0.9,-2.0,0.0,1997718.0
334,Justin Minaya,4.0,0.363,0.522,0.043,3.8,15.6,9.7,5.9,1.1,5.0,14.6,13.4,-0.2,0.1,-0.1,-0.067,-7.2,-1.9,-9.0,-0.2,35096.0
335,Josh Minott,17.9,0.582,0.167,0.222,5.9,22.9,14.6,7.5,2.0,5.4,7.1,18.9,0.1,0.2,0.3,0.146,-1.9,0.4,-1.6,0.0,1017781.0
336,Davion Mitchell,9.4,0.545,0.494,0.078,1.3,7.0,4.1,16.5,1.5,0.9,13.1,14.1,0.7,0.8,1.5,0.05,-2.4,-0.4,-2.8,-0.3,4833600.0
337,Donovan Mitchell,22.9,0.614,0.453,0.262,3.1,10.9,7.0,21.4,2.0,1.0,10.3,32.1,5.4,3.5,8.9,0.176,5.6,0.6,6.3,5.0,30913750.0
338,Evan Mobley,17.9,0.591,0.108,0.321,8.1,22.7,15.4,12.4,1.1,4.0,11.9,20.2,3.7,4.8,8.5,0.151,0.0,1.6,1.7,2.5,8478720.0
339,Isaiah Mobley,14.1,0.521,0.286,0.143,5.6,22.4,14.0,5.0,2.4,3.3,3.3,16.4,0.1,0.2,0.2,0.135,-2.5,1.1,-1.4,0.0,508891.0
340,Chima Moneke,-3.5,0.347,0.0,1.0,28.8,0.0,14.3,16.1,0.0,0.0,41.0,26.2,0.0,0.0,0.0,-0.288,-12.7,-8.0,-20.7,0.0,500000.0
341,Malik Monk,16.6,0.587,0.5,0.26,2.1,11.3,6.7,25.0,1.4,1.0,14.1,25.8,2.1,1.2,3.2,0.091,1.6,-1.4,0.3,1.0,9472219.0
342,Moses Moody,10.3,0.603,0.595,0.233,3.8,10.2,7.1,8.2,1.0,0.8,12.0,14.6,0.7,0.6,1.3,0.076,-1.7,-0.9,-2.6,-0.1,3740160.0
343,Xavier Moon,7.2,0.389,0.333,0.0,0.0,16.6,8.4,35.7,0.0,0.0,10.0,21.8,0.0,0.0,0.0,-0.03,-4.1,-1.0,-5.1,0.0,116986.0
344,Wendell Moore Jr.,9.3,0.465,0.395,0.116,3.0,10.0,6.6,15.3,2.5,2.8,15.0,14.9,-0.1,0.2,0.1,0.028,-3.8,1.3,-2.4,0.0,2306520.0
345,Ja Morant,23.3,0.557,0.247,0.409,3.3,16.1,9.7,41.1,1.6,0.7,12.6,34.9,3.4,2.6,6.0,0.148,5.2,0.5,5.7,3.8,12119440.0
346,Marcus Morris,10.5,0.534,0.479,0.135,1.8,13.9,7.9,8.9,1.1,1.0,7.6,17.6,0.4,1.6,2.0,0.053,-1.8,-0.2,-1.9,0.0,16372093.0
347,Markieff Morris,10.4,0.553,0.617,0.087,4.2,18.2,11.3,12.2,1.2,1.2,13.1,17.2,0.1,0.4,0.4,0.059,-2.3,-0.4,-2.7,-0.1,2905851.0
348,Monte Morris,15.0,0.579,0.396,0.15,1.8,11.6,6.9,26.4,1.2,0.6,9.9,15.6,3.1,1.1,4.2,0.12,0.8,-0.4,0.5,1.1,9125000.0
349,Trey Murphy III,15.2,0.65,0.621,0.238,2.7,10.3,6.5,6.4,1.8,1.7,6.5,16.6,4.8,2.8,7.6,0.15,1.4,0.4,1.8,2.3,3206520.0
350,Dejounte Murray,17.0,0.54,0.293,0.144,2.1,13.8,7.9,24.0,2.0,0.6,10.2,24.4,2.4,2.3,4.7,0.084,1.1,0.0,1.0,2.1,17071120.0
351,Jamal Murray,18.0,0.571,0.415,0.207,2.7,11.0,6.9,27.5,1.5,0.7,11.3,26.1,3.3,1.9,5.1,0.116,2.6,-1.3,1.3,1.8,31650600.0
352,Keegan Murray,12.3,0.597,0.641,0.104,4.3,13.4,8.9,5.5,1.2,1.5,6.8,15.8,2.6,1.7,4.3,0.087,0.4,-1.0,-0.6,0.8,8008440.0
353,Mike Muscala,13.0,0.608,0.709,0.178,4.2,19.1,11.6,7.1,0.8,2.3,6.8,15.1,1.4,1.1,2.5,0.128,-0.3,-0.1,-0.4,0.4,3500000.0
354,Svi Mykhailiuk,14.0,0.584,0.572,0.225,3.4,8.9,6.1,16.5,1.5,0.7,11.2,19.3,0.5,0.3,0.8,0.081,0.5,-0.7,-0.1,0.2,3846895.0
355,Larry Nance Jr.,16.0,0.649,0.138,0.259,8.7,20.3,14.5,11.7,2.0,2.6,11.0,11.9,2.8,2.1,4.9,0.171,0.0,2.0,2.0,1.4,9672727.0
356,Andrew Nembhard,10.0,0.528,0.408,0.096,1.9,8.8,5.3,22.4,1.6,0.5,15.8,16.1,0.4,0.8,1.2,0.029,-2.4,-0.8,-3.2,-0.6,2244111.0
357,Aaron Nesmith,10.5,0.566,0.532,0.241,3.8,13.1,8.5,7.4,1.4,1.6,10.3,16.8,0.9,1.1,2.0,0.052,-2.3,-0.7,-3.0,-0.4,3804360.0
358,Raul Neto,12.6,0.628,0.382,0.309,2.3,8.4,5.4,21.0,1.7,0.7,16.1,13.2,0.8,0.6,1.5,0.142,-1.7,1.5,-0.2,0.2,2463490.0
359,Georges Niang,10.9,0.61,0.765,0.09,1.5,12.8,7.2,7.3,1.0,0.9,9.4,17.0,1.1,1.4,2.5,0.078,-0.4,-1.0,-1.4,0.2,3465000.0
360,Daishen Nix,5.3,0.447,0.591,0.152,2.1,9.7,5.9,19.2,1.6,0.7,25.4,15.4,-1.5,0.3,-1.2,-0.062,-5.0,-1.5,-6.5,-1.0,1563518.0
361,Zeke Nnaji,12.5,0.62,0.332,0.316,10.5,11.2,10.9,3.3,1.1,2.8,12.2,15.2,0.9,0.7,1.6,0.106,-2.7,-0.9,-3.7,-0.3,2617800.0
362,Nerlens Noel,7.9,0.424,0.056,0.333,5.6,21.0,13.1,6.7,4.0,4.5,23.9,12.0,-0.3,0.3,0.0,0.007,-6.5,2.6,-3.8,-0.1,9391069.0
363,Jaylen Nowell,13.7,0.527,0.371,0.158,3.3,11.7,7.6,15.9,1.6,0.3,8.9,25.0,0.0,1.2,1.2,0.046,-1.5,-1.0,-2.5,-0.2,1930681.0
364,Frank Ntilikina,5.2,0.461,0.508,0.25,1.3,10.7,5.9,12.8,1.3,1.0,16.5,13.1,-0.5,0.4,-0.1,-0.01,-6.1,-0.7,-6.7,-0.7,2036318.0
365,Kendrick Nunn,11.1,0.53,0.496,0.091,1.8,10.3,6.2,13.8,1.4,0.6,12.4,23.7,-0.6,0.8,0.2,0.008,-2.0,-1.5,-3.5,-0.4,5250000.0
366,Jusuf Nurkić,17.3,0.589,0.236,0.38,9.3,29.7,19.5,16.4,1.5,2.8,16.8,22.1,1.2,1.5,2.7,0.092,-0.6,0.7,0.1,0.7,15625000.0
367,Jordan Nwora,12.2,0.561,0.474,0.193,4.7,15.8,10.4,10.5,1.0,1.0,12.0,19.4,0.5,1.0,1.5,0.06,-0.8,-1.3,-2.1,0.0,2800000.0
368,Royce O'Neale,9.2,0.538,0.707,0.116,2.6,15.0,9.0,15.3,1.3,1.7,15.5,13.6,0.4,2.5,2.9,0.057,-1.7,0.6,-1.1,0.5,9200000.0
369,Chuma Okeke,9.1,0.488,0.705,0.172,5.7,15.3,10.5,9.4,1.8,2.1,11.5,12.3,0.0,0.6,0.7,0.061,-2.4,0.8,-1.6,0.1,3433320.0
370,Josh Okogie,13.3,0.531,0.476,0.464,8.8,11.9,10.3,10.3,2.0,2.3,11.2,17.7,1.1,1.7,2.8,0.101,-0.8,0.5,-0.2,0.6,1968175.0
371,Onyeka Okongwu,19.4,0.678,0.026,0.394,12.7,21.5,17.0,5.8,1.4,4.9,12.2,15.1,4.7,2.4,7.1,0.185,0.0,0.8,0.8,1.3,6395160.0
372,Isaac Okoro,10.7,0.614,0.483,0.291,3.7,9.6,6.7,7.0,1.7,1.7,9.5,11.9,1.9,2.3,4.2,0.122,-1.9,1.6,-0.3,0.7,7040880.0
373,KZ Okpala,6.2,0.554,0.553,0.211,3.2,12.4,7.8,6.3,1.4,2.5,14.4,8.4,0.1,0.2,0.3,0.057,-4.3,1.1,-3.2,-0.1,1902133.0
374,Victor Oladipo,10.6,0.513,0.526,0.196,1.6,12.3,6.8,19.8,2.6,1.1,16.6,21.1,-0.9,1.5,0.6,0.024,-2.9,0.8,-2.1,0.0,8750000.0
375,Kelly Olynyk,14.4,0.643,0.424,0.417,4.6,18.6,11.7,17.6,1.5,1.6,20.3,17.8,2.4,1.9,4.3,0.106,-0.4,0.9,0.4,1.2,12804878.0
376,Eugene Omoruyi,10.9,0.533,0.39,0.329,7.1,11.8,9.4,6.3,2.1,0.4,11.5,19.3,0.1,0.5,0.6,0.042,-3.5,-0.9,-4.4,-0.4,1013119.0
377,Cedi Osman,12.0,0.579,0.589,0.204,1.9,11.5,6.7,10.6,1.1,0.7,8.3,18.2,1.4,1.9,3.3,0.103,-0.8,0.2,-0.7,0.5,7426088.0
378,Kelly Oubre Jr.,14.8,0.534,0.414,0.254,4.4,12.9,8.6,5.6,2.1,1.0,6.6,26.5,0.1,1.5,1.7,0.051,-0.4,-0.7,-1.1,0.3,12600000.0
379,Chris Paul,17.7,0.555,0.391,0.24,1.6,13.4,7.4,38.7,2.4,1.0,13.4,19.2,3.7,2.5,6.2,0.156,2.0,1.2,3.2,2.5,28400000.0
380,Cameron Payne,13.2,0.512,0.408,0.141,1.3,11.0,6.1,32.6,1.7,0.7,14.4,24.8,0.0,1.0,1.1,0.053,-0.5,-0.7,-1.2,0.2,6000000.0
381,Gary Payton II,13.3,0.701,0.377,0.101,7.4,13.9,10.6,11.0,2.9,1.2,18.2,10.3,0.6,0.4,1.0,0.125,-1.2,1.5,0.3,0.2,8300000.0
382,Theo Pinson,10.1,0.512,0.713,0.149,3.6,19.3,11.4,19.6,0.9,0.3,11.5,14.7,0.2,0.2,0.5,0.071,-2.5,-0.9,-3.4,-0.1,1968175.0
383,Scotty Pippen Jr.,9.6,0.439,0.25,0.75,6.9,6.5,6.7,8.2,3.0,2.6,11.1,23.7,-0.1,0.0,0.0,-0.017,-5.1,-0.8,-5.9,0.0,508891.0
384,Mason Plumlee,19.6,0.689,0.0,0.647,11.8,25.1,18.4,17.3,1.1,2.0,15.8,15.2,5.5,2.4,7.9,0.185,1.2,1.0,2.2,2.2,9080417.0
385,Jakob Poeltl,21.0,0.635,0.002,0.325,13.0,25.5,19.0,15.2,1.7,4.0,15.0,18.2,3.7,2.2,6.0,0.15,1.1,0.8,1.9,1.9,9398148.0
386,Aleksej Pokusevski,13.4,0.522,0.418,0.141,6.8,17.8,12.2,12.4,1.4,5.7,14.0,18.3,0.0,1.0,1.0,0.066,-1.0,1.0,0.0,0.3,3261480.0
387,Jordan Poole,14.6,0.573,0.498,0.325,1.5,8.5,5.0,22.5,1.2,0.8,14.7,29.2,1.4,1.9,3.2,0.063,-0.1,-1.8,-1.9,0.1,3901399.0
388,Kevin Porter Jr.,16.2,0.565,0.436,0.299,4.1,13.1,8.5,25.7,2.0,0.8,15.8,24.3,1.9,1.0,2.9,0.068,1.4,-0.8,0.6,1.3,3217631.0
389,Michael Porter Jr.,16.8,0.621,0.556,0.147,4.2,17.2,10.9,5.3,1.0,1.4,7.3,22.7,2.6,1.8,4.3,0.116,2.0,-1.8,0.2,1.0,30913750.0
390,Otto Porter Jr.,14.0,0.656,0.567,0.267,4.3,10.9,7.4,7.2,3.7,0.0,10.7,11.0,0.2,0.2,0.4,0.142,-1.3,2.0,0.7,0.1,6000000.0
391,Bobby Portis,17.8,0.575,0.32,0.156,9.2,28.6,19.3,8.7,0.8,0.7,8.6,21.7,2.5,2.8,5.3,0.139,1.2,-0.6,0.7,1.2,10843350.0
392,Kristaps Porziņģis,23.1,0.627,0.35,0.409,6.2,21.8,14.3,12.9,1.3,4.0,10.2,27.4,5.0,2.7,7.7,0.174,3.8,0.5,4.3,3.4,33833400.0
393,Micah Potter,18.6,0.8,0.467,0.0,6.3,26.7,16.6,11.2,0.9,0.0,11.8,13.7,0.2,0.0,0.2,0.186,2.4,1.2,3.5,0.1,508891.0
394,Dwight Powell,15.5,0.738,0.019,0.625,11.8,13.3,12.5,6.9,1.6,1.6,15.9,12.6,3.8,1.3,5.1,0.168,-1.2,0.0,-1.2,0.3,11080125.0
395,Norman Powell,17.1,0.612,0.404,0.39,1.7,10.7,6.3,11.0,1.6,1.0,10.8,26.0,2.1,1.4,3.5,0.107,0.9,-0.7,0.3,0.9,16758621.0
396,Jason Preston,10.3,0.489,0.439,0.049,1.8,17.9,9.9,30.9,0.8,0.0,19.3,18.3,0.0,0.1,0.1,0.021,-2.1,-0.5,-2.6,0.0,1563518.0
397,Joshua Primo,6.1,0.467,0.462,0.346,2.3,13.4,7.6,24.4,0.5,1.8,26.9,18.2,-0.2,0.0,-0.1,-0.073,-4.7,-1.6,-6.3,-0.1,12196094.0
398,Taurean Prince,10.0,0.597,0.512,0.203,1.4,10.8,6.2,9.6,1.1,1.1,14.3,17.3,0.3,1.0,1.3,0.052,-2.6,-0.6,-3.3,-0.4,7100000.0
399,Payton Pritchard,10.3,0.536,0.629,0.065,4.3,10.5,7.5,14.0,1.1,0.1,13.7,19.8,-0.1,0.7,0.6,0.045,-2.1,-1.2,-3.4,-0.2,2239200.0
400,Trevelin Queen,6.0,0.337,0.517,0.172,12.7,14.2,13.5,11.1,1.4,6.1,18.3,22.9,-0.3,0.1,-0.2,-0.133,-5.6,-1.5,-7.2,-0.1,838891.0
401,Neemias Queta,17.0,0.607,0.0,0.222,19.8,23.5,21.7,5.0,0.0,6.0,9.2,16.1,0.1,0.0,0.1,0.149,-2.6,-0.8,-3.4,0.0,508891.0
402,Immanuel Quickley,16.3,0.578,0.485,0.265,2.7,13.1,7.9,17.4,1.7,0.6,8.7,20.9,4.4,2.3,6.7,0.137,1.3,0.4,1.7,2.1,2316240.0
403,Lester Quinones,8.6,0.654,0.8,1.2,6.2,12.0,9.2,14.2,2.6,0.0,39.6,29.4,-0.1,0.0,0.0,-0.103,-6.4,-3.7,-10.2,0.0,129405.0
404,Julius Randle,20.3,0.581,0.444,0.371,5.6,25.2,15.4,18.5,0.9,0.7,11.5,29.5,5.0,3.1,8.1,0.142,3.9,-0.2,3.7,3.9,23760000.0
405,Austin Reaves,14.9,0.687,0.441,0.541,2.0,9.0,5.6,15.7,0.8,0.9,14.0,16.2,4.1,1.4,5.4,0.142,0.6,0.1,0.7,1.2,1563518.0
406,Cam Reddish,10.6,0.561,0.462,0.24,2.0,8.1,5.0,8.1,1.9,1.3,12.0,17.1,0.3,0.7,0.9,0.046,-2.6,-0.8,-3.4,-0.4,5954454.0
407,Davon Reed,6.2,0.471,0.548,0.286,3.4,16.0,9.9,8.2,2.1,1.0,17.5,14.5,-0.4,0.4,0.1,0.008,-5.4,0.0,-5.3,-0.3,1902133.0
408,Paul Reed,19.2,0.62,0.029,0.244,17.8,23.1,20.5,5.3,3.0,6.3,16.3,16.4,1.2,1.6,2.8,0.18,-1.6,1.5,-0.1,0.4,1782621.0
409,Naz Reid,18.5,0.617,0.376,0.22,6.6,22.8,14.9,9.6,1.6,3.7,12.7,24.8,1.1,1.9,3.0,0.114,0.3,0.8,1.0,1.0,1930681.0
410,Jared Rhoden,6.5,0.482,0.455,0.136,6.0,15.0,10.4,2.8,1.0,0.4,6.0,10.7,0.0,0.1,0.1,0.027,-5.0,-1.1,-6.1,-0.2,307089.0
411,Nick Richards,18.3,0.676,0.003,0.585,12.6,24.0,18.2,4.5,0.4,5.1,13.0,15.6,2.7,1.5,4.2,0.165,-1.0,-0.2,-1.3,0.2,1782621.0
412,Josh Richardson,12.3,0.555,0.529,0.146,2.9,9.9,6.3,15.8,2.2,1.2,12.7,18.4,0.6,1.1,1.8,0.055,-1.0,-0.1,-1.2,0.3,4144320.0
413,Austin Rivers,7.4,0.564,0.589,0.187,0.6,8.4,4.6,9.3,1.3,0.3,9.2,10.5,0.5,0.8,1.3,0.061,-3.3,0.5,-2.8,-0.2,2905851.0
414,Duncan Robinson,7.8,0.534,0.81,0.135,1.3,10.7,5.9,9.7,1.0,0.0,10.0,17.9,-0.1,0.6,0.5,0.035,-3.5,-1.5,-5.0,-0.5,16902000.0
415,Mitchell Robinson,18.9,0.652,0.0,0.436,18.4,20.0,19.2,4.5,1.7,6.5,10.9,10.1,4.0,2.6,6.5,0.197,1.0,1.4,2.4,1.7,17045454.0
416,Orlando Robinson,13.4,0.565,0.067,0.348,12.8,22.3,17.4,8.4,1.4,2.9,13.5,12.4,0.5,0.6,1.1,0.129,-2.7,0.7,-2.1,0.0,386055.0
417,Jeremiah Robinson-Earl,13.0,0.548,0.448,0.169,9.2,14.7,11.9,7.0,1.4,1.2,6.7,14.6,1.1,0.8,1.9,0.111,-0.8,-0.7,-1.5,0.1,2000000.0
418,Isaiah Roby,9.3,0.497,0.387,0.265,4.7,20.6,12.3,10.7,1.8,1.2,15.2,17.8,-0.4,0.3,-0.1,-0.011,-4.0,-0.6,-4.6,-0.3,2330681.0
419,David Roddy,8.8,0.519,0.505,0.155,4.2,12.0,8.1,6.1,1.1,1.4,11.3,16.7,-0.3,1.4,1.1,0.043,-3.2,-0.7,-3.9,-0.6,2588640.0
420,Ryan Rollins,-1.4,0.508,0.45,0.3,5.4,15.7,10.6,12.4,0.8,1.4,41.4,26.1,-0.3,0.1,-0.3,-0.218,-11.3,-3.7,-15.0,-0.2,1017781.0
421,Derrick Rose,10.1,0.463,0.396,0.075,2.6,10.4,6.5,19.9,1.0,1.4,11.8,23.6,-0.3,0.3,0.0,-0.001,-2.2,-1.5,-3.7,-0.1,14520730.0
422,Terrence Ross,10.2,0.544,0.555,0.073,1.8,11.2,6.5,10.2,1.3,0.7,8.2,16.8,0.5,1.2,1.6,0.059,-1.8,-0.3,-2.1,0.0,11500000.0
423,Terry Rozier,14.7,0.517,0.425,0.185,2.4,10.2,6.2,22.7,1.6,0.6,9.4,26.9,0.1,1.6,1.7,0.037,0.6,-1.1,-0.6,0.8,21486316.0
424,Ricky Rubio,10.4,0.442,0.461,0.197,1.9,12.7,7.3,27.1,2.3,1.0,13.8,17.7,-0.2,0.9,0.7,0.062,-3.8,1.1,-2.8,-0.1,5853659.0
425,D'Angelo Russell,16.3,0.605,0.517,0.228,1.7,8.5,5.2,27.4,1.4,1.1,15.1,22.7,3.1,1.9,5.1,0.106,2.1,-0.7,1.5,2.0,31377750.0
426,Matt Ryan,8.1,0.538,0.778,0.111,1.4,7.6,4.6,6.9,0.8,0.3,5.8,16.5,0.1,0.2,0.3,0.044,-1.9,-1.5,-3.4,-0.1,806097.0
427,Domantas Sabonis,23.5,0.668,0.088,0.467,10.6,30.0,20.3,30.4,1.1,1.2,16.9,21.3,9.6,3.0,12.6,0.221,4.1,1.8,5.8,5.4,21100000.0
428,Luka Šamanić,11.0,0.55,0.544,0.228,0.0,19.9,10.1,13.0,1.8,1.1,13.8,18.9,0.0,0.2,0.2,0.045,-3.2,1.1,-2.1,0.0,538317.0
429,Dario Šarić,13.5,0.583,0.415,0.274,7.1,21.4,14.1,12.7,1.2,0.8,15.1,19.2,0.7,1.0,1.7,0.099,-1.5,0.1,-1.4,0.1,9240000.0
430,Olivier Sarr,11.5,0.544,0.267,0.233,11.1,18.2,14.6,4.6,0.4,4.1,10.8,13.6,0.1,0.1,0.2,0.094,-4.2,-0.7,-4.9,-0.1,257371.0
431,Jordan Schakel,24.3,0.75,0.5,0.0,0.0,0.0,0.0,23.5,8.1,0.0,0.0,14.5,0.0,0.0,0.0,0.314,7.7,9.3,17.0,0.0,96514.0
432,Admiral Schofield,10.1,0.587,0.607,0.189,5.8,9.8,7.8,9.6,0.9,1.1,10.8,14.1,0.5,0.3,0.8,0.089,-2.2,-0.7,-2.9,-0.1,877940.0
433,Dennis Schröder,11.5,0.545,0.346,0.388,1.2,7.5,4.4,20.1,1.2,0.4,12.8,18.6,1.3,1.5,2.8,0.068,-2.4,-0.5,-2.9,-0.4,2641682.0
434,Jay Scrubb,14.2,0.825,0.286,0.286,0.0,22.7,11.3,5.0,3.2,0.0,27.6,15.6,0.0,0.0,0.1,0.083,-2.9,1.0,-1.9,0.0,49719.0
435,Dereon Seabron,4.6,0.4,0.0,0.0,9.5,0.0,4.7,0.0,0.0,0.0,0.0,17.9,0.0,0.0,0.0,-0.034,-6.6,-4.7,-11.3,0.0,511816.0
436,Alperen Şengün,19.7,0.599,0.071,0.36,12.1,22.3,17.1,21.0,1.6,3.2,17.3,21.4,3.4,1.8,5.2,0.115,1.1,0.4,1.4,1.9,3375360.0
437,Collin Sexton,15.9,0.616,0.261,0.425,3.5,6.3,5.0,17.9,1.1,0.4,13.3,23.4,2.0,0.5,2.5,0.105,0.1,-1.5,-1.3,0.2,16700000.0
438,Landry Shamet,10.9,0.537,0.663,0.17,1.5,7.9,4.6,15.7,1.6,0.6,10.0,18.9,0.5,0.7,1.2,0.071,-1.1,-0.3,-1.4,0.1,9500000.0
439,Day'Ron Sharpe,17.8,0.581,0.064,0.322,20.6,20.1,20.4,9.7,1.3,5.0,17.7,19.0,0.8,0.8,1.6,0.139,-1.8,-0.6,-2.3,0.0,2109480.0
440,Shaedon Sharpe,11.5,0.568,0.437,0.162,4.0,11.3,7.6,7.9,1.0,1.2,10.7,19.0,0.6,0.6,1.2,0.032,-1.3,-2.0,-3.3,-0.6,6012960.0
441,Pascal Siakam,20.3,0.565,0.219,0.361,5.2,19.6,11.9,24.9,1.2,1.3,10.0,27.2,5.2,2.6,7.8,0.141,3.3,-0.1,3.1,3.4,35448672.0
442,Chris Silva,-2.2,1.0,0.0,0.0,0.0,0.0,0.0,0.0,0.0,0.0,50.0,30.1,0.0,0.0,0.0,-0.26,-22.5,-0.1,-22.6,0.0,211045.0
443,Ben Simmons,13.4,0.559,0.009,0.243,4.2,22.2,13.4,31.3,2.4,1.9,27.2,14.3,0.5,1.7,2.2,0.097,-2.2,2.6,0.4,0.7,35448672.0
444,Kobi Simmons,9.0,0.363,0.833,0.333,3.7,11.7,7.6,21.8,0.0,6.2,12.7,11.8,0.0,0.0,0.0,0.019,-1.0,0.1,-0.9,0.0,32795.0
445,Marko Simonovic,-0.1,0.381,0.571,0.286,5.8,5.6,5.7,0.0,0.0,0.0,0.0,17.4,0.0,0.0,0.0,-0.052,-10.5,-3.8,-14.4,-0.1,1563518.0
446,Anfernee Simons,14.8,0.581,0.538,0.171,0.9,7.6,4.3,18.6,0.9,0.6,10.2,25.1,2.1,0.3,2.5,0.054,1.3,-2.5,-1.1,0.5,22321429.0
447,Jericho Sims,13.8,0.78,0.009,0.15,13.3,19.4,16.4,4.0,0.9,3.2,19.1,7.4,1.6,0.9,2.6,0.153,-1.0,0.5,-0.5,0.3,1639842.0
448,Marcus Smart,12.1,0.538,0.568,0.196,2.6,8.0,5.3,26.4,2.3,1.0,17.9,17.8,1.0,2.7,3.7,0.092,-1.8,0.8,-1.0,0.5,17207142.0
449,Dennis Smith Jr.,11.6,0.475,0.246,0.235,2.0,11.0,6.4,26.1,2.6,1.6,14.1,17.6,-0.4,1.5,1.1,0.039,-3.5,1.2,-2.2,-0.1,2133278.0
450,Dru Smith,11.4,0.475,0.422,0.067,1.4,15.9,8.7,19.3,3.1,2.5,6.1,13.8,0.1,0.3,0.3,0.099,-3.8,2.9,-0.9,0.0,374357.0
451,Ish Smith,6.5,0.407,0.092,0.031,1.5,13.8,7.8,32.5,1.0,1.6,24.9,19.3,-0.8,0.4,-0.5,-0.056,-5.5,-1.1,-6.6,-0.5,4725000.0
452,Jabari Smith Jr.,11.2,0.514,0.438,0.231,5.4,20.3,12.7,5.9,0.9,3.0,9.6,18.4,0.5,1.4,1.9,0.037,-2.3,-1.3,-3.7,-1.1,8882640.0
453,Jalen Smith,15.9,0.565,0.376,0.27,11.2,22.9,17.1,7.6,0.8,4.0,11.2,21.0,1.1,1.1,2.3,0.085,-0.9,-1.1,-2.1,0.0,4670160.0
454,Xavier Sneed,9.5,0.723,0.6,0.4,0.0,11.3,5.6,13.9,0.0,1.8,20.3,12.9,0.1,0.0,0.1,0.086,-3.1,-0.4,-3.6,0.0,102910.0
455,Jeremy Sochan,11.4,0.509,0.243,0.21,6.9,15.6,11.0,13.6,1.4,1.3,13.9,19.8,-0.5,0.7,0.2,0.005,-2.8,-1.2,-4.0,-0.7,5063520.0
456,Jaden Springer,17.2,0.545,0.143,0.229,8.1,10.4,9.3,13.8,3.9,3.1,7.2,20.8,0.1,0.2,0.3,0.145,-2.6,2.9,0.3,0.1,2125200.0
457,Lamar Stevens,9.5,0.524,0.33,0.198,5.0,16.7,10.9,4.0,1.2,1.6,7.9,13.6,0.3,1.6,1.9,0.08,-3.0,0.2,-2.8,-0.2,1782621.0
458,Isaiah Stewart,13.1,0.56,0.465,0.338,8.7,23.3,15.8,7.3,0.7,2.1,11.8,17.3,1.1,0.9,2.0,0.068,-1.0,-1.1,-2.1,0.0,3433320.0
459,Max Strus,10.8,0.557,0.713,0.113,2.4,11.2,6.7,11.2,0.9,0.5,7.8,17.6,1.5,1.9,3.4,0.071,-0.8,-0.9,-1.7,0.2,1815677.0
460,Jalen Suggs,12.5,0.528,0.455,0.268,5.0,9.6,7.3,18.0,2.6,2.1,15.9,20.3,-0.2,1.5,1.4,0.053,-1.8,0.8,-1.0,0.3,6922320.0
461,Edmond Sumner,14.0,0.597,0.323,0.401,2.0,9.9,6.0,13.3,2.1,1.2,13.6,22.1,0.6,0.7,1.3,0.086,-2.4,-0.2,-2.6,-0.1,1968175.0
462,Cole Swider,7.4,0.5,0.889,0.0,2.7,15.2,9.1,12.0,0.0,0.0,0.0,9.3,0.0,0.0,0.1,0.08,-2.9,-0.5,-3.4,0.0,508891.0
463,Jae'Sean Tate,12.2,0.546,0.201,0.301,6.6,12.6,9.6,18.2,1.5,1.0,15.3,18.8,0.4,0.3,0.7,0.049,-2.8,-0.7,-3.5,-0.3,7065217.0
464,Jayson Tatum,23.7,0.607,0.44,0.399,3.2,22.5,13.0,20.9,1.4,1.6,10.4,32.7,6.2,4.3,10.5,0.185,4.8,0.7,5.5,5.1,30351780.0
465,Terry Taylor,11.0,0.557,0.253,0.147,11.4,8.4,9.9,5.1,0.5,2.0,10.1,14.2,0.2,0.1,0.3,0.054,-2.3,-1.8,-4.1,-0.1,1703902.0
466,Garrett Temple,10.5,0.535,0.578,0.089,3.5,8.4,5.9,10.6,2.7,1.2,7.9,13.4,0.1,0.2,0.3,0.094,-2.5,1.6,-1.0,0.0,5155500.0
467,Dalen Terry,14.1,0.523,0.375,0.292,6.5,13.0,9.8,14.1,2.5,2.3,9.0,18.4,0.1,0.3,0.5,0.105,-1.7,1.7,0.0,0.1,3191400.0
468,Daniel Theis,14.2,0.497,0.25,0.273,7.1,15.2,11.2,12.2,0.9,4.7,5.7,20.1,0.0,0.1,0.1,0.046,-0.9,-0.5,-1.4,0.0,8694369.0
469,Cam Thomas,14.7,0.567,0.292,0.382,1.0,10.1,5.6,12.7,1.0,0.6,10.6,27.8,0.3,0.7,1.0,0.049,-0.7,-2.0,-2.7,-0.2,2138160.0
470,Klay Thompson,14.7,0.576,0.584,0.105,1.9,11.7,6.9,11.0,1.0,1.1,8.6,26.4,1.2,1.9,3.1,0.066,1.5,-1.7,-0.3,1.0,40600080.0
471,JT Thor,7.0,0.506,0.517,0.197,3.9,13.0,8.4,4.9,1.1,2.1,14.5,13.1,-0.6,0.8,0.2,0.009,-4.3,-0.4,-4.7,-0.7,1563518.0
472,Matisse Thybulle,10.5,0.552,0.585,0.111,3.9,9.7,6.8,5.9,3.4,2.4,8.3,10.6,0.6,1.5,2.1,0.086,-2.7,2.2,-0.5,0.4,4379526.0
473,Xavier Tillman Sr.,17.3,0.621,0.049,0.291,10.9,16.7,13.8,10.9,2.3,2.2,11.3,13.7,2.3,1.9,4.2,0.171,0.3,1.7,1.9,1.2,1782621.0
474,Isaiah Todd,-1.0,0.226,0.526,0.105,3.8,17.6,10.9,7.9,0.8,0.0,9.1,15.6,-0.2,0.0,-0.2,-0.147,-10.3,-3.9,-14.2,-0.2,1575000.0
475,Obi Toppin,13.6,0.565,0.589,0.112,3.0,16.6,9.8,9.2,1.1,1.1,8.0,19.5,1.1,1.0,2.1,0.095,0.3,-0.8,-0.5,0.4,5348280.0
476,Juan Toscano-Anderson,7.2,0.505,0.301,0.168,4.4,14.4,9.5,11.8,1.1,1.2,18.1,11.3,-0.1,0.6,0.5,0.038,-4.6,0.8,-3.8,-0.3,2133278.0
477,Karl-Anthony Towns,18.8,0.618,0.383,0.315,5.7,21.6,13.8,22.0,1.0,1.5,15.0,25.6,1.5,1.1,2.7,0.133,2.1,0.9,3.0,1.2,33833400.0
478,Gary Trent Jr.,15.0,0.56,0.481,0.219,1.5,8.2,4.6,7.4,2.4,0.6,5.1,21.7,2.5,2.0,4.5,0.102,0.2,0.0,0.2,1.2,17280000.0
479,P.J. Tucker,5.7,0.566,0.622,0.102,5.9,12.1,9.1,3.9,1.0,0.7,15.8,6.5,0.9,1.7,2.5,0.064,-3.2,0.2,-3.0,-0.5,10490000.0
480,Myles Turner,20.0,0.651,0.34,0.377,5.4,22.9,14.2,7.5,0.9,6.6,10.8,22.0,3.4,2.0,5.4,0.142,1.4,0.7,2.1,1.9,35096500.0
481,Stanley Umude,65.6,0.532,1.0,2.0,0.0,0.0,0.0,0.0,24.2,44.1,0.0,40.0,0.0,0.0,0.0,0.626,15.9,32.7,48.6,0.0,58493.0
482,Jonas Valančiūnas,19.3,0.61,0.134,0.275,13.0,33.3,23.1,11.1,0.5,2.5,14.8,23.4,2.8,3.0,5.8,0.142,0.0,-0.4,-0.4,0.8,14700000.0
483,Jarred Vanderbilt,15.1,0.604,0.2,0.308,10.0,23.2,16.7,13.1,2.1,0.9,15.9,13.6,2.7,2.5,5.2,0.132,-0.6,1.6,1.1,1.5,4374000.0
484,Fred VanVleet,17.0,0.54,0.545,0.254,1.2,12.0,6.3,28.1,2.4,1.5,10.2,23.2,3.7,2.8,6.5,0.123,2.0,0.5,2.5,2.9,21250000.0
485,Devin Vassell,15.5,0.55,0.447,0.168,0.7,13.5,6.9,17.3,1.7,1.2,8.2,24.4,0.7,0.5,1.2,0.051,1.3,-0.9,0.4,0.7,4437000.0
486,Gabe Vincent,9.0,0.533,0.617,0.138,1.7,8.1,4.8,13.9,1.8,0.3,13.3,17.5,-0.3,1.7,1.4,0.038,-3.1,-0.3,-3.4,-0.6,1815677.0
487,Noah Vonleh,5.9,0.502,0.167,0.083,11.7,18.8,15.3,5.1,0.6,4.0,30.7,9.2,0.0,0.3,0.2,0.06,-7.0,0.7,-6.3,-0.2,1160955.0
488,Nikola Vučević,19.1,0.594,0.302,0.138,6.7,30.2,18.6,14.6,1.1,2.0,10.2,21.9,3.9,4.4,8.3,0.145,1.9,0.7,2.7,3.2,22000000.0
489,Dean Wade,8.5,0.55,0.718,0.13,2.6,17.2,9.9,5.4,1.6,2.2,8.3,10.2,0.4,1.4,1.8,0.097,-2.9,2.1,-0.7,0.3,1930681.0
490,Franz Wagner,15.9,0.589,0.322,0.288,3.0,11.2,7.1,17.2,1.4,0.6,11.7,23.5,3.1,2.3,5.4,0.099,0.4,-0.5,-0.1,1.3,5258280.0
491,Moritz Wagner,17.4,0.63,0.412,0.46,7.0,19.4,13.2,11.5,1.6,1.1,12.5,21.1,2.1,1.3,3.4,0.149,0.4,0.2,0.6,0.7,1878720.0
492,Ish Wainright,9.2,0.522,0.762,0.137,5.3,11.6,8.4,7.4,2.0,2.2,8.4,12.2,0.5,1.2,1.7,0.089,-2.7,1.5,-1.2,0.2,980057.0
493,Jabari Walker,9.6,0.496,0.283,0.227,8.8,15.5,12.2,7.8,0.8,1.9,11.8,17.3,-0.1,0.3,0.2,0.015,-3.9,-2.1,-6.1,-0.6,1017781.0
494,Kemba Walker,15.0,0.543,0.491,0.368,2.4,10.6,6.5,20.1,0.7,1.2,5.7,22.1,0.2,0.1,0.3,0.098,0.3,-0.6,-0.3,0.1,37281261.0
495,Lonnie Walker IV,12.2,0.57,0.472,0.201,1.2,7.6,4.5,7.0,1.1,1.1,7.4,20.2,0.8,1.0,1.8,0.066,-0.9,-0.5,-1.4,0.2,6479000.0
496,John Wall,13.6,0.498,0.322,0.334,2.1,11.4,6.8,35.3,1.8,1.4,17.1,27.0,-0.4,0.7,0.3,0.02,-0.8,-0.4,-1.2,0.1,47345760.0
497,T.J. Warren,13.5,0.55,0.248,0.13,4.2,15.4,9.8,8.7,1.6,1.5,6.5,19.5,0.4,0.8,1.2,0.081,-1.7,-0.2,-2.0,0.0,2628597.0
498,Duane Washington Jr.,9.3,0.458,0.434,0.094,0.6,9.8,5.1,25.2,0.7,0.9,11.3,32.5,-0.8,0.3,-0.5,-0.065,-1.8,-2.8,-4.6,-0.3,628802.0
499,P.J. Washington,12.9,0.542,0.438,0.178,3.2,13.0,8.0,11.0,1.3,2.9,9.4,20.6,0.4,2.2,2.6,0.052,-1.0,-0.3,-1.3,0.4,5808435.0
500,TyTy Washington Jr.,7.5,0.432,0.5,0.113,0.5,11.0,5.7,15.3,1.7,0.5,7.7,17.4,-0.3,0.1,-0.1,-0.016,-5.0,-1.3,-6.3,-0.5,2210040.0
501,Yuta Watanabe,12.1,0.637,0.582,0.203,3.7,13.1,8.5,7.0,1.3,1.6,8.0,13.1,1.3,0.9,2.1,0.111,-0.4,-0.2,-0.6,0.3,1968175.0
502,Lindy Waters III,11.8,0.573,0.91,0.112,3.2,12.2,7.6,7.0,1.3,1.9,5.1,15.5,0.6,0.5,1.1,0.101,0.5,-0.4,0.1,0.3,2316876.0
503,Trendon Watford,13.6,0.625,0.198,0.31,4.1,19.2,11.6,16.0,1.3,0.9,16.2,16.1,1.3,0.7,2.1,0.084,-1.4,-0.4,-1.8,0.1,1563518.0
504,Peyton Watson,12.8,0.553,0.237,0.339,5.1,17.4,11.4,7.9,0.5,5.2,10.6,17.7,0.1,0.2,0.3,0.073,-2.7,-0.1,-2.8,0.0,2193960.0
505,Blake Wesley,3.5,0.393,0.242,0.205,1.7,11.9,6.6,18.8,1.8,0.6,21.7,18.5,-1.9,0.3,-1.6,-0.114,-7.9,-1.8,-9.6,-1.3,2385480.0
506,Russell Westbrook,16.1,0.513,0.289,0.317,4.7,16.5,10.8,38.6,1.7,1.3,18.4,27.7,-0.6,2.6,1.9,0.044,0.3,-0.1,0.2,1.2,47080179.0
507,Coby White,12.5,0.572,0.579,0.118,1.1,12.6,6.9,16.3,1.5,0.3,10.6,17.9,1.2,1.9,3.1,0.087,-1.0,0.2,-0.8,0.5,7413955.0
508,Derrick White,15.4,0.604,0.516,0.253,2.5,11.2,6.9,19.4,1.1,2.8,10.1,17.7,4.4,3.1,7.4,0.154,1.1,1.3,2.4,2.6,17142857.0
509,Jack White,12.6,0.517,0.474,0.158,10.7,18.6,14.8,7.7,2.2,2.7,9.0,14.7,0.1,0.1,0.1,0.108,-2.6,0.7,-1.9,0.0,508891.0
510,Joe Wieskamp,-0.4,0.321,0.857,0.0,0.0,9.8,4.5,7.4,0.0,0.0,6.7,12.8,-0.1,0.0,-0.1,-0.076,-7.0,-3.6,-10.6,-0.1,2909261.0
511,Aaron Wiggins,12.2,0.607,0.336,0.196,5.5,12.0,8.7,8.3,1.4,1.1,12.2,14.5,1.4,1.2,2.6,0.097,-1.5,-0.5,-2.1,0.0,1563518.0
512,Andrew Wiggins,14.7,0.564,0.425,0.136,5.7,11.3,8.6,10.5,1.8,2.1,7.9,21.5,1.0,1.3,2.3,0.091,-0.1,-0.4,-0.5,0.5,33616770.0
513,Lindell Wigginton,11.8,0.61,0.486,0.243,0.0,8.1,4.2,23.8,0.0,1.9,22.7,25.6,0.0,0.1,0.1,0.028,-3.1,-3.6,-6.7,-0.1,99438.0
514,Alondes Williams,-20.9,0.0,0.0,0.0,0.0,22.0,11.2,0.0,0.0,0.0,100.0,17.7,-0.1,0.0,-0.1,-0.517,-21.3,-5.2,-26.5,0.0,254446.0
515,Donovan Williams,14.5,0.4,0.4,0.0,0.0,55.4,27.4,0.0,0.0,0.0,0.0,52.5,0.0,0.0,0.0,-0.225,-9.1,-6.1,-15.2,0.0,239822.0
516,Grant Williams,10.3,0.605,0.611,0.256,4.7,14.5,9.7,8.4,1.0,1.3,13.4,13.1,1.9,2.6,4.4,0.104,-1.8,0.7,-1.1,0.5,4306281.0
517,Jalen Williams,15.6,0.601,0.258,0.241,3.9,12.2,7.9,15.4,2.1,1.4,12.3,18.4,3.0,2.6,5.6,0.119,-0.4,0.7,0.3,1.3,4341480.0
518,Jaylin Williams,11.2,0.559,0.483,0.231,5.1,23.6,14.1,10.7,1.5,1.2,12.6,13.5,0.7,1.2,1.9,0.099,-2.3,0.6,-1.7,0.1,2000000.0
519,Jeenathan Williams,15.5,0.657,0.205,0.077,9.0,4.6,6.8,12.1,1.2,1.4,9.0,15.2,0.3,0.0,0.3,0.12,-1.0,-2.1,-3.0,0.0,52644.0
520,Kenrich Williams,14.4,0.585,0.387,0.113,8.5,14.9,11.6,11.7,1.8,1.1,8.1,13.7,2.0,1.3,3.3,0.133,0.1,0.4,0.5,0.8,2000000.0
521,Mark Williams,19.8,0.659,0.0,0.386,11.7,27.7,19.6,3.3,1.6,4.7,12.0,17.0,1.5,1.3,2.8,0.163,-0.5,0.6,0.1,0.4,3722040.0
522,Patrick Williams,11.2,0.576,0.409,0.155,3.9,12.0,8.0,5.8,1.5,2.9,12.3,15.7,0.5,3.0,3.5,0.072,-1.7,0.4,-1.3,0.4,7775400.0
523,Robert Williams,19.8,0.742,0.006,0.241,14.0,24.5,19.3,8.5,1.3,5.0,15.3,11.8,2.3,1.6,3.8,0.224,1.0,2.4,3.3,1.1,10714287.0
524,Vince Williams Jr.,3.9,0.367,0.7,0.05,4.0,11.1,7.6,4.8,2.7,1.7,10.9,18.1,-0.3,0.2,-0.1,-0.049,-8.3,-0.2,-8.5,-0.2,508891.0
525,Ziaire Williams,7.4,0.511,0.495,0.112,3.0,11.9,7.5,8.2,1.2,1.0,15.2,18.0,-0.5,0.6,0.1,0.011,-4.7,-0.8,-5.6,-0.5,4591680.0
526,Zion Williamson,25.2,0.652,0.041,0.529,6.9,17.0,12.0,24.4,1.6,1.6,14.6,30.4,2.3,1.2,3.6,0.18,4.8,1.0,5.8,1.9,13534817.0
527,Dylan Windler,19.0,0.833,0.667,0.0,0.0,0.0,0.0,15.2,5.0,0.0,25.0,17.9,0.0,0.0,0.0,0.149,3.2,3.5,6.7,0.0,4037277.0
528,Justise Winslow,9.3,0.466,0.227,0.141,7.2,14.3,10.7,17.2,1.9,1.3,17.0,14.2,-0.1,0.5,0.4,0.022,-3.4,0.6,-2.8,-0.2,4097561.0
529,James Wiseman,15.6,0.589,0.059,0.286,9.2,25.2,17.0,5.5,0.4,2.7,11.8,21.2,0.7,0.7,1.4,0.077,-2.1,-1.4,-3.5,-0.3,9603360.0
530,Christian Wood,20.6,0.624,0.363,0.365,5.8,27.4,16.4,11.7,0.9,3.7,11.9,26.4,2.7,2.1,4.8,0.132,1.9,-0.3,1.7,1.6,14317459.0
531,Delon Wright,16.3,0.581,0.409,0.206,5.5,10.7,8.2,20.9,3.7,1.2,12.2,12.9,2.1,1.6,3.7,0.146,0.4,3.1,3.4,1.7,7804878.0
532,McKinley Wright IV,12.4,0.536,0.286,0.194,3.1,13.4,8.2,25.2,1.2,1.3,15.2,16.9,0.2,0.2,0.5,0.069,-1.9,-0.8,-2.7,-0.1,508891.0
533,Gabe York,11.8,0.548,0.857,0.095,0.0,11.9,5.9,12.3,1.7,0.0,0.0,16.4,0.1,0.0,0.1,0.091,-1.7,-1.8,-3.5,0.0,32171.0
534,Thaddeus Young,14.1,0.573,0.172,0.131,9.4,14.6,11.8,12.9,3.4,0.6,16.7,13.5,0.7,1.1,1.8,0.109,-1.8,1.9,0.1,0.4,8000000.0
535,Trae Young,22.0,0.573,0.331,0.46,2.4,7.0,4.7,42.5,1.5,0.3,15.2,32.6,5.3,1.4,6.7,0.126,5.3,-2.0,3.3,3.4,37096500.0
536,Omer Yurtseven,16.7,0.675,0.259,0.222,10.9,21.9,16.2,3.9,1.2,2.5,11.9,18.0,0.2,0.1,0.3,0.159,-2.5,-1.5,-3.9,0.0,1752638.0
537,Cody Zeller,16.4,0.659,0.034,0.593,13.0,21.8,17.3,7.2,0.7,1.9,15.8,18.1,0.4,0.3,0.7,0.147,-2.0,-0.7,-2.8,0.0,743922.0
538,Ivica Zubac,16.7,0.661,0.004,0.463,12.3,26.5,19.5,5.1,0.7,4.0,15.9,14.8,3.8,2.9,6.7,0.149,-1.1,0.2,-0.9,0.6,10123457.0
