,Player,position_estimate_PG%,position_estimate_SG%,position_estimate_SF%,position_estimate_PF%,position_estimate_C%,plusminus_per100_OnCourt,plusminus_per100_On-Off,to_BadPass,to_LostBall,foulcomm_Shoot,foulcomm_Off.,fouldraw_Shoot,fouldraw_Off.,PGA,And1,Salary
0,Precious Achiuwa,0.0,0.0,0.0,0.17,0.83,-1.5,-3.8,8.0,21.0,53.0,19.0,59.0,7.0,128.0,15.0,2840160.0
1,Steven Adams,0.0,0.0,0.0,0.0,1.0,9.5,8.3,40.0,10.0,40.0,23.0,51.0,7.0,223.0,15.0,17926829.0
2,Bam Adebayo,0.0,0.0,0.0,0.0,1.0,1.7,5.4,61.0,46.0,86.0,50.0,196.0,10.0,587.0,37.0,30351780.0
3,Ochai Agbaji,0.38,0.4,0.2,0.03,0.0,-0.5,0.9,15.0,8.0,65.0,9.0,32.0,3.0,159.0,4.0,3918360.0
4,Santi Aldama,0.0,0.0,0.02,0.69,0.29,2.2,-2.4,19.0,20.0,93.0,11.0,48.0,11.0,231.0,12.0,2094120.0
5,Nickeil Alexander-Walker,0.02,0.39,0.51,0.08,0.0,-2.5,-2.0,38.0,9.0,59.0,3.0,25.0,23.0,262.0,6.0,5009633.0
6,Grayson Allen,0.05,0.75,0.21,0.0,0.0,5.7,4.1,49.0,11.0,68.0,1.0,44.0,23.0,409.0,7.0,8925000.0
7,Jarrett Allen,0.0,0.0,0.0,0.0,1.0,7.9,4.9,41.0,18.0,91.0,17.0,100.0,13.0,271.0,20.0,20000000.0
8,Jose Alvarado,1.0,0.0,0.0,0.0,0.0,4.7,3.9,46.0,20.0,61.0,6.0,33.0,15.0,430.0,5.0,1563518.0
9,Kyle Anderson,0.0,0.0,0.08,0.9,0.02,1.9,4.0,54.0,21.0,63.0,10.0,67.0,16.0,780.0,16.0,8780488.0
10,Giannis Antetokounmpo,0.0,0.0,0.0,0.59,0.41,7.4,7.8,71.0,62.0,69.0,59.0,385.0,5.0,927.0,98.0,42492492.0
11,Thanasis Antetokounmpo,0.0,0.0,0.16,0.52,0.32,-25.9,-31.1,1.0,2.0,10.0,4.0,9.0,0.0,39.0,0.0,1878720.0
12,Cole Anthony,1.0,0.0,0.0,0.0,0.0,-0.6,3.6,43.0,28.0,83.0,6.0,76.0,8.0,558.0,20.0,3613680.0
13,OG Anunoby,0.02,0.5,0.48,0.01,0.0,2.1,2.4,55.0,29.0,88.0,29.0,79.0,15.0,307.0,19.0,17357143.0
14,Ryan Arcidiacono,0.85,0.15,0.0,0.0,0.0,-10.3,-8.0,4.0,3.0,10.0,0.0,0.0,7.0,53.0,0.0,1836090.0
15,Deni Avdija,0.0,0.08,0.62,0.3,0.0,-0.6,1.3,62.0,30.0,129.0,23.0,78.0,6.0,502.0,21.0,4916160.0
16,Deandre Ayton,0.0,0.0,0.0,0.03,0.97,-1.6,-6.8,23.0,41.0,117.0,35.0,96.0,0.0,279.0,24.0,30913750.0
17,Udoka Azubuike,0.0,0.0,0.0,0.02,0.99,-11.2,-11.1,2.0,5.0,29.0,2.0,9.0,0.0,24.0,2.0,2174880.0
18,Marvin Bagley III,0.0,0.0,0.0,0.18,0.82,-11.0,-3.4,13.0,11.0,54.0,12.0,51.0,7.0,94.0,12.0,12500000.0
19,Patrick Baldwin Jr.,0.0,0.01,0.22,0.69,0.09,-11.4,-14.0,5.0,0.0,9.0,3.0,3.0,1.0,27.0,0.0,2226000.0
20,LaMelo Ball,0.75,0.25,0.0,0.0,0.0,-5.2,0.8,71.0,17.0,51.0,13.0,40.0,11.0,686.0,9.0,8623920.0
21,Mo Bamba,0.0,0.0,0.0,0.0,1.0,0.8,4.1,11.0,9.0,69.0,8.0,27.0,0.0,111.0,7.0,10300000.0
22,Paolo Banchero,0.0,0.0,0.27,0.7,0.03,-4.5,-4.4,79.0,78.0,90.0,22.0,258.0,8.0,634.0,53.0,11055120.0
23,Desmond Bane,0.04,0.86,0.1,0.0,0.0,8.2,8.6,48.0,33.0,78.0,17.0,78.0,8.0,615.0,28.0,2130240.0
24,Dalano Banton,0.46,0.49,0.06,0.0,0.0,-6.6,-8.4,7.0,7.0,20.0,1.0,11.0,0.0,85.0,2.0,1563518.0
25,Dominick Barlow,0.0,0.0,0.13,0.55,0.32,-12.0,-2.1,5.0,4.0,40.0,5.0,12.0,2.0,59.0,5.0,508891.0
26,Harrison Barnes,0.0,0.0,0.16,0.84,0.0,3.9,4.8,38.0,24.0,52.0,11.0,182.0,23.0,317.0,31.0,18352273.0
27,Scottie Barnes,0.01,0.15,0.6,0.24,0.0,3.0,5.5,99.0,25.0,80.0,13.0,119.0,18.0,888.0,30.0,7644600.0
28,RJ Barrett,0.0,0.3,0.69,0.01,0.0,-0.6,-10.0,73.0,45.0,88.0,19.0,205.0,7.0,486.0,44.0,10900634.0
29,Will Barton,0.13,0.67,0.2,0.01,0.0,-8.3,-9.1,27.0,11.0,36.0,1.0,18.0,2.0,263.0,3.0,15059712.0
30,Charles Bassey,0.0,0.0,0.0,0.04,0.96,-3.6,7.5,14.0,7.0,41.0,13.0,17.0,0.0,112.0,5.0,2674742.0
31,Keita Bates-Diop,0.0,0.01,0.37,0.62,0.0,-8.0,3.2,23.0,17.0,41.0,4.0,84.0,2.0,260.0,23.0,1878720.0
32,Nicolas Batum,0.0,0.0,0.0,0.6,0.41,4.8,7.4,30.0,5.0,67.0,8.0,21.0,5.0,302.0,5.0,19700319.0
33,Darius Bazley,0.0,0.0,0.0,0.16,0.84,-2.9,-4.3,12.0,9.0,24.0,1.0,38.0,3.0,96.0,6.0,4264628.0
34,Bradley Beal,0.1,0.82,0.08,0.0,0.0,0.8,3.6,79.0,45.0,57.0,12.0,104.0,7.0,651.0,26.0,43279250.0
35,Malik Beasley,0.29,0.63,0.09,0.0,0.0,-2.8,-3.2,48.0,29.0,56.0,6.0,26.0,6.0,302.0,10.0,15558035.0
36,MarJon Beauchamp,0.01,0.3,0.56,0.13,0.01,-5.6,-11.2,16.0,11.0,37.0,7.0,18.0,3.0,91.0,2.0,2485200.0
37,Dāvis Bertāns,0.0,0.0,0.04,0.73,0.24,-3.4,-4.2,7.0,1.0,26.0,2.0,5.0,3.0,48.0,1.0,16000000.0
38,Patrick Beverley,0.47,0.45,0.09,0.0,0.0,-1.1,-2.9,32.0,7.0,84.0,6.0,21.0,26.0,453.0,5.0,13801614.0
39,Saddiq Bey,0.0,0.1,0.76,0.13,0.01,-3.4,3.1,19.0,14.0,45.0,12.0,122.0,3.0,282.0,27.0,2959080.0
40,Khem Birch,0.0,0.0,0.0,0.0,1.0,3.6,2.5,1.0,1.0,8.0,6.0,2.0,1.0,18.0,1.0,6667500.0
41,Goga Bitadze,0.0,0.0,0.0,0.0,1.0,2.1,5.5,7.0,8.0,31.0,6.0,17.0,1.0,94.0,4.0,5377520.0
42,Bismack Biyombo,0.0,0.0,0.0,0.01,0.99,3.8,2.5,10.0,12.0,68.0,20.0,33.0,4.0,126.0,12.0,2905851.0
43,Buddy Boeheim,0.0,0.03,0.25,0.72,0.0,1.6,10.3,0.0,0.0,2.0,0.0,1.0,0.0,11.0,0.0,508891.0
44,Bogdan Bogdanović,0.0,0.69,0.32,0.0,0.0,1.8,2.1,39.0,17.0,45.0,2.0,32.0,3.0,343.0,2.0,18000000.0
45,Bojan Bogdanović,0.0,0.01,0.44,0.53,0.02,-8.5,0.0,60.0,52.0,49.0,11.0,93.0,6.0,377.0,20.0,19550000.0
46,Bol Bol,0.0,0.0,0.01,0.82,0.18,-4.4,-2.5,36.0,47.0,50.0,8.0,55.0,3.0,164.0,16.0,2200000.0
47,Leandro Bolmaro,0.0,0.0,0.91,0.09,0.0,-0.1,1.0,5.0,1.0,7.0,0.0,0.0,4.0,17.0,0.0,1709300.0
48,Devin Booker,0.02,0.59,0.4,0.0,0.0,5.5,7.0,75.0,40.0,74.0,17.0,156.0,14.0,715.0,50.0,33833400.0
50,Chris Boucher,0.0,0.05,0.47,0.45,0.03,-0.7,-3.0,7.0,17.0,95.0,8.0,75.0,18.0,65.0,19.0,12690000.0
51,James Bouknight,0.09,0.89,0.03,0.0,0.0,-7.9,-2.4,8.0,12.0,26.0,3.0,14.0,4.0,101.0,2.0,4362240.0
52,Jamaree Bouyea,1.0,0.0,0.0,0.0,0.0,-13.6,-13.6,0.0,2.0,2.0,1.0,1.0,0.0,8.0,0.0,116986.0
53,Tony Bradley,0.0,0.0,0.0,0.0,1.0,13.3,11.8,0.0,0.0,1.0,1.0,0.0,0.0,2.0,0.0,2036318.0
54,Malaki Branham,0.55,0.41,0.04,0.0,0.0,-10.6,-0.8,46.0,16.0,76.0,2.0,35.0,6.0,288.0,8.0,2925600.0
55,Jarrell Brantley,0.0,0.13,0.54,0.33,0.0,17.8,19.1,1.0,1.0,2.0,0.0,1.0,0.0,7.0,0.0,105522.0
56,Christian Braun,0.14,0.58,0.27,0.01,0.0,-3.2,-9.2,9.0,8.0,51.0,5.0,31.0,4.0,145.0,10.0,2808600.0
57,Mikal Bridges,0.01,0.38,0.51,0.1,0.0,0.8,-1.5,73.0,37.0,92.0,6.0,159.0,28.0,662.0,43.0,20100000.0
58,Oshae Brissett,0.0,0.01,0.05,0.92,0.03,0.1,4.8,13.0,8.0,41.0,7.0,65.0,6.0,109.0,7.0,1846738.0
59,Malcolm Brogdon,0.52,0.47,0.01,0.0,0.0,5.1,-2.7,42.0,34.0,52.0,7.0,82.0,18.0,616.0,17.0,22600000.0
60,Dillon Brooks,0.0,0.2,0.75,0.05,0.0,4.4,1.7,43.0,27.0,104.0,15.0,70.0,23.0,451.0,18.0,11400000.0
61,Bruce Brown,0.0,0.32,0.64,0.03,0.0,0.9,-5.6,56.0,38.0,108.0,12.0,79.0,11.0,631.0,25.0,6479000.0
62,Greg Brown III,0.0,0.0,0.25,0.67,0.08,-2.5,1.2,2.0,1.0,6.0,0.0,6.0,0.0,7.0,2.0,1563518.0
63,Jaylen Brown,0.0,0.39,0.58,0.03,0.0,5.1,-3.8,61.0,68.0,71.0,30.0,176.0,9.0,599.0,48.0,29776785.0
64,Kendall Brown,0.0,0.54,0.46,0.0,0.0,6.4,9.9,0.0,0.0,3.0,0.0,1.0,0.0,8.0,0.0,508891.0
65,Moses Brown,0.0,0.0,0.0,0.0,1.0,3.8,3.5,2.0,3.0,21.0,5.0,29.0,1.0,9.0,8.0,824041.0
66,Sterling Brown,0.0,0.0,0.65,0.35,0.0,-3.0,-3.6,0.0,0.0,3.0,0.0,0.0,0.0,4.0,0.0,3122602.0
67,Troy Brown Jr.,0.0,0.02,0.7,0.28,0.0,-0.9,-2.7,27.0,10.0,65.0,5.0,18.0,12.0,226.0,5.0,1968175.0
68,Jalen Brunson,1.0,0.0,0.0,0.0,0.0,2.4,-1.9,75.0,39.0,70.0,18.0,169.0,77.0,1036.0,50.0,27733332.0
69,Thomas Bryant,0.0,0.0,0.0,0.03,0.97,-4.2,-6.1,13.0,7.0,68.0,11.0,65.0,3.0,77.0,18.0,1968175.0
70,Reggie Bullock,0.0,0.02,0.45,0.51,0.02,-1.7,-4.7,22.0,1.0,86.0,8.0,3.0,7.0,272.0,1.0,10012800.0
71,Alec Burks,0.02,0.84,0.13,0.01,0.0,-1.0,10.6,24.0,16.0,55.0,7.0,73.0,18.0,270.0,16.0,10012800.0
72,Deonte Burton,0.0,0.0,0.12,0.88,0.0,35.7,33.5,0.0,0.0,0.0,0.0,0.0,1.0,0.0,0.0,105522.0
73,Jared Butler,0.01,0.99,0.0,0.0,0.0,-1.3,-2.5,4.0,1.0,4.0,0.0,0.0,1.0,20.0,0.0,1674655.0
74,Jimmy Butler,0.0,0.0,0.15,0.83,0.03,1.4,3.5,55.0,25.0,32.0,10.0,248.0,12.0,835.0,61.0,37653300.0
75,John Butler,0.0,0.0,0.0,0.0,1.0,-15.7,-12.7,1.0,0.0,18.0,0.0,3.0,0.0,25.0,2.0,503041.0
76,Jamal Cain,0.0,0.14,0.48,0.38,0.0,7.3,8.0,2.0,2.0,8.0,2.0,13.0,1.0,32.0,4.0,508891.0
77,Kentavious Caldwell-Pope,0.24,0.74,0.02,0.0,0.0,9.6,16.3,54.0,20.0,72.0,5.0,49.0,45.0,433.0,11.0,14004703.0
78,Facundo Campazzo,1.0,0.0,0.0,0.0,0.0,10.7,10.6,2.0,0.0,1.0,0.0,0.0,1.0,23.0,0.0,464299.0
79,Vlatko Čančar,0.0,0.0,0.01,0.9,0.09,-3.9,-9.3,16.0,12.0,47.0,6.0,22.0,7.0,193.0,7.0,2234359.0
80,Clint Capela,0.0,0.0,0.0,0.0,1.0,-0.5,-1.7,17.0,10.0,71.0,15.0,69.0,18.0,137.0,17.0,18206896.0
81,Vernon Carey Jr.,0.0,0.0,0.0,0.0,1.0,-19.0,-17.8,1.0,0.0,5.0,0.0,1.0,0.0,7.0,0.0,1882621.0
82,Jevon Carter,0.99,0.01,0.0,0.0,0.0,3.4,-0.3,44.0,18.0,75.0,1.0,10.0,6.0,492.0,2.0,6025000.0
83,Wendell Carter Jr.,0.0,0.0,0.0,0.06,0.94,-1.5,2.3,35.0,28.0,82.0,30.0,78.0,4.0,301.0,17.0,14150000.0
84,Michael Carter-Williams,0.95,0.05,0.0,0.0,0.0,-31.4,-28.9,3.0,0.0,4.0,1.0,4.0,0.0,16.0,1.0,652829.0
85,Alex Caruso,0.61,0.39,0.0,0.0,0.0,6.0,7.2,51.0,18.0,82.0,3.0,34.0,47.0,449.0,7.0,9030000.0
86,Julian Champagnie,0.01,0.16,0.6,0.24,0.0,-10.1,-0.3,4.0,5.0,19.0,1.0,9.0,1.0,24.0,5.0,508891.0
87,Justin Champagnie,0.0,0.29,0.57,0.13,0.0,-8.2,-13.1,0.0,0.0,1.0,0.0,0.0,1.0,9.0,0.0,853241.0
88,Kennedy Chandler,1.0,0.0,0.0,0.0,0.0,-7.8,-12.3,7.0,8.0,6.0,0.0,6.0,2.0,128.0,2.0,1200000.0
89,Max Christie,0.0,0.26,0.68,0.06,0.0,-8.5,-10.4,8.0,1.0,26.0,1.0,7.0,1.0,50.0,0.0,1017781.0
90,Josh Christopher,0.05,0.81,0.14,0.0,0.0,-15.0,-8.3,28.0,22.0,35.0,6.0,28.0,2.0,173.0,7.0,2372160.0
91,Brandon Clarke,0.0,0.0,0.09,0.82,0.09,0.3,-4.6,12.0,10.0,72.0,22.0,71.0,3.0,171.0,25.0,4343919.0
92,Jordan Clarkson,0.13,0.56,0.3,0.02,0.0,0.2,2.6,97.0,49.0,52.0,11.0,99.0,6.0,662.0,25.0,13340000.0
93,Nic Claxton,0.0,0.0,0.0,0.0,1.0,5.2,9.1,21.0,21.0,105.0,31.0,119.0,14.0,350.0,35.0,9350000.0
94,Amir Coffey,0.01,0.07,0.74,0.18,0.01,-8.8,-11.3,11.0,7.0,32.0,2.0,29.0,7.0,127.0,5.0,3395062.0
95,John Collins,0.0,0.0,0.0,0.92,0.08,-0.3,-1.6,24.0,28.0,150.0,18.0,91.0,20.0,214.0,21.0,23500000.0
96,Zach Collins,0.0,0.0,0.0,0.02,0.99,-8.1,3.1,54.0,23.0,118.0,40.0,59.0,13.0,411.0,16.0,7350000.0
98,Mike Conley,0.99,0.01,0.0,0.0,0.0,0.8,2.1,76.0,19.0,75.0,3.0,61.0,43.0,1090.0,15.0,22680000.0
99,Pat Connaughton,0.01,0.26,0.67,0.06,0.0,4.9,2.0,20.0,6.0,51.0,6.0,18.0,9.0,184.0,5.0,5728393.0
100,Xavier Cooks,0.0,0.0,0.09,0.91,0.0,4.7,6.1,1.0,5.0,7.0,1.0,3.0,1.0,15.0,0.0,140384.0
101,Robert Covington,0.0,0.0,0.21,0.73,0.06,-0.2,-1.1,23.0,3.0,56.0,1.0,18.0,5.0,137.0,2.0,12307692.0
102,Torrey Craig,0.0,0.0,0.2,0.79,0.01,-3.2,-9.9,37.0,17.0,102.0,12.0,21.0,14.0,287.0,5.0,5121951.0
103,Jae Crowder,0.0,0.01,0.35,0.59,0.05,0.5,-3.4,1.0,2.0,16.0,4.0,5.0,2.0,64.0,1.0,10183800.0
104,Jarrett Culver,0.0,0.17,0.37,0.47,0.0,-6.3,-7.0,2.0,2.0,9.0,1.0,7.0,3.0,15.0,1.0,260295.0
105,Cade Cunningham,0.73,0.26,0.01,0.0,0.0,-7.5,1.1,21.0,11.0,16.0,5.0,18.0,2.0,176.0,3.0,10552800.0
106,Seth Curry,0.35,0.49,0.17,0.0,0.0,-3.9,-7.4,24.0,9.0,33.0,7.0,17.0,12.0,244.0,8.0,8496653.0
107,Stephen Curry,1.0,0.0,0.0,0.0,0.0,5.8,8.0,111.0,26.0,49.0,12.0,114.0,20.0,838.0,37.0,48070014.0
108,Dyson Daniels,0.5,0.4,0.11,0.0,0.0,0.5,-2.3,38.0,10.0,59.0,6.0,13.0,6.0,314.0,6.0,5508600.0
109,Anthony Davis,0.0,0.0,0.0,0.0,1.0,4.7,7.8,39.0,42.0,85.0,25.0,198.0,5.0,357.0,49.0,37980720.0
110,Johnny Davis,0.01,0.55,0.43,0.01,0.0,-6.9,-6.2,5.0,8.0,24.0,2.0,14.0,2.0,67.0,4.0,4810320.0
111,Terence Davis,0.03,0.47,0.48,0.01,0.0,3.4,1.4,29.0,11.0,50.0,7.0,21.0,4.0,153.0,4.0,4000000.0
112,JD Davison,0.26,0.74,0.0,0.0,0.0,-4.6,-11.4,3.0,1.0,2.0,0.0,1.0,1.0,25.0,0.0,508891.0
113,Darius Days,0.0,0.07,0.93,0.0,0.0,4.1,12.5,0.0,0.0,2.0,0.0,1.0,0.0,3.0,0.0,508891.0
114,Dewayne Dedmon,0.0,0.0,0.0,0.0,1.0,-10.3,-11.8,4.0,4.0,41.0,11.0,23.0,3.0,62.0,7.0,8283688.0
115,Matthew Dellavedova,0.94,0.06,0.0,0.0,0.0,-8.2,-11.1,7.0,1.0,7.0,2.0,2.0,7.0,98.0,1.0,2628597.0
116,DeMar DeRozan,0.0,0.0,0.68,0.32,0.0,1.5,-0.5,74.0,45.0,104.0,14.0,270.0,32.0,923.0,78.0,27300000.0
117,Moussa Diabaté,0.0,0.0,0.03,0.21,0.76,-9.6,-10.8,2.0,2.0,4.0,3.0,9.0,1.0,8.0,4.0,508891.0
118,Mamadi Diakite,0.0,0.0,0.0,0.17,0.83,0.6,-5.3,3.0,2.0,16.0,3.0,1.0,1.0,19.0,0.0,508891.0
119,Hamidou Diallo,0.0,0.26,0.63,0.11,0.0,-0.4,10.9,26.0,13.0,41.0,17.0,76.0,15.0,133.0,19.0,5200000.0
120,Gorgui Dieng,0.0,0.0,0.0,0.29,0.71,-21.3,-12.4,17.0,4.0,37.0,3.0,5.0,6.0,126.0,1.0,4105236.0
121,Ousmane Dieng,0.0,0.0,0.08,0.71,0.2,3.9,3.2,10.0,8.0,26.0,2.0,12.0,0.0,107.0,3.0,4569840.0
122,Spencer Dinwiddie,0.36,0.54,0.09,0.01,0.0,0.4,-0.9,85.0,26.0,84.0,19.0,161.0,21.0,1287.0,38.0,19500000.0
123,Donte DiVincenzo,0.1,0.79,0.1,0.0,0.0,3.2,2.6,71.0,17.0,52.0,11.0,27.0,34.0,612.0,7.0,4500000.0
124,Luka Dončić,0.96,0.04,0.0,0.0,0.0,2.2,4.9,141.0,64.0,73.0,12.0,308.0,10.0,1316.0,74.0,37096500.0
125,Tyler Dorsey,0.0,0.0,0.0,1.0,0.0,7.1,6.9,0.0,0.0,0.0,0.0,0.0,0.0,0.0,0.0,201802.0
126,Luguentz Dort,0.0,0.17,0.61,0.21,0.01,1.0,-0.4,31.0,30.0,111.0,14.0,120.0,93.0,365.0,23.0,15277778.0
127,Ayo Dosunmu,0.02,0.6,0.36,0.02,0.0,-1.2,-6.0,43.0,28.0,85.0,8.0,43.0,9.0,481.0,10.0,1563518.0
128,Devon Dotson,0.95,0.05,0.0,0.0,0.0,-1.8,-0.6,3.0,0.0,3.0,0.0,0.0,0.0,20.0,0.0,169630.0
129,Jeff Dowtin,0.56,0.44,0.0,0.0,0.0,2.0,0.9,3.0,0.0,9.0,0.0,4.0,3.0,70.0,2.0,508891.0
130,PJ Dozier,0.07,0.34,0.54,0.06,0.0,-14.0,-16.6,5.0,0.0,4.0,0.0,0.0,4.0,23.0,0.0,784654.0
131,Goran Dragić,0.94,0.05,0.01,0.0,0.0,0.0,-1.8,37.0,10.0,25.0,3.0,23.0,7.0,344.0,5.0,3523762.0
132,Andre Drummond,0.0,0.0,0.0,0.0,1.0,3.2,2.1,21.0,17.0,58.0,23.0,65.0,4.0,75.0,14.0,3200000.0
133,Chris Duarte,0.01,0.05,0.72,0.23,0.0,-5.6,-2.8,19.0,10.0,39.0,5.0,32.0,8.0,151.0,7.0,3936960.0
134,David Duke Jr.,0.0,0.25,0.62,0.13,0.0,-7.0,-8.8,10.0,2.0,11.0,4.0,10.0,3.0,55.0,3.0,531283.0
135,Kris Dunn,0.97,0.03,0.0,0.0,0.0,-5.1,-4.7,21.0,7.0,33.0,3.0,30.0,1.0,300.0,9.0,1000001.0
136,Kevin Durant,0.0,0.0,0.0,0.7,0.3,7.8,9.1,91.0,43.0,51.0,13.0,139.0,7.0,554.0,48.0,44119845.0
137,Jalen Duren,0.0,0.0,0.0,0.09,0.91,-8.4,0.1,33.0,16.0,97.0,31.0,77.0,2.0,174.0,17.0,4124280.0
138,Tari Eason,0.0,0.0,0.22,0.77,0.01,-4.0,7.9,39.0,28.0,99.0,15.0,81.0,3.0,213.0,21.0,3359160.0
139,Anthony Edwards,0.02,0.68,0.28,0.02,0.0,1.0,4.0,127.0,88.0,72.0,22.0,206.0,5.0,861.0,64.0,10733400.0
140,Kessler Edwards,0.0,0.18,0.66,0.15,0.0,1.7,-0.4,6.0,4.0,23.0,2.0,3.0,4.0,60.0,0.0,1637966.0
141,Keon Ellis,0.03,0.65,0.32,0.0,0.0,-16.8,-19.5,1.0,0.0,8.0,0.0,2.0,0.0,14.0,0.0,508891.0
142,Joel Embiid,0.0,0.0,0.0,0.0,1.0,9.1,10.2,75.0,91.0,111.0,33.0,362.0,3.0,702.0,77.0,33616770.0
143,Drew Eubanks,0.0,0.0,0.0,0.03,0.97,-3.0,1.1,26.0,13.0,111.0,20.0,51.0,12.0,262.0,12.0,1968175.0
144,Bruno Fernando,0.0,0.0,0.0,0.0,1.0,-8.3,-1.0,7.0,5.0,36.0,10.0,23.0,1.0,77.0,4.0,2717391.0
145,Dorian Finney-Smith,0.0,0.0,0.27,0.63,0.1,0.4,-0.2,33.0,10.0,81.0,9.0,27.0,4.0,250.0,9.0,12939848.0
146,Malachi Flynn,1.0,0.0,0.0,0.0,0.0,-2.7,-4.7,13.0,8.0,34.0,3.0,13.0,5.0,161.0,4.0,2145720.0
147,Simone Fontecchio,0.0,0.13,0.58,0.29,0.0,-13.2,-15.1,17.0,10.0,29.0,4.0,19.0,2.0,103.0,3.0,3205128.0
148,Bryn Forbes,0.56,0.44,0.0,0.0,0.0,-7.7,-8.1,4.0,3.0,11.0,0.0,8.0,1.0,42.0,2.0,2298385.0
149,Trent Forrest,0.29,0.66,0.06,0.0,0.0,-8.4,-9.5,12.0,2.0,12.0,0.0,2.0,1.0,92.0,1.0,508891.0
150,Michael Foster Jr.,0.0,0.0,0.0,0.0,1.0,-200.0,-204.8,0.0,0.0,0.0,0.0,0.0,0.0,0.0,0.0,106288.0
151,Evan Fournier,0.0,0.05,0.95,0.0,0.0,-4.7,-8.9,11.0,7.0,19.0,3.0,5.0,3.0,88.0,0.0,18000000.0
152,De'Aaron Fox,1.0,0.0,0.0,0.0,0.0,2.6,0.9,90.0,71.0,80.0,7.0,210.0,34.0,1103.0,52.0,30351780.0
153,Markelle Fultz,0.75,0.25,0.0,0.0,0.0,-4.2,-2.5,73.0,33.0,60.0,19.0,56.0,7.0,835.0,19.0,16500000.0
154,Wenyen Gabriel,0.0,0.0,0.0,0.22,0.78,0.5,-0.1,11.0,8.0,86.0,21.0,41.0,4.0,91.0,16.0,1878720.0
155,Daniel Gafford,0.0,0.0,0.0,0.32,0.68,-2.1,-1.4,21.0,24.0,120.0,32.0,97.0,7.0,201.0,36.0,1930681.0
156,Darius Garland,0.97,0.03,0.0,0.0,0.0,7.9,5.9,96.0,56.0,59.0,11.0,124.0,43.0,1214.0,25.0,8920794.0
157,Usman Garuba,0.0,0.0,0.0,0.07,0.93,-11.1,-3.8,15.0,6.0,71.0,15.0,17.0,5.0,152.0,5.0,2471160.0
158,Luka Garza,0.0,0.0,0.0,0.0,1.0,1.3,1.6,1.0,4.0,21.0,7.0,22.0,3.0,43.0,5.0,508891.0
159,Rudy Gay,0.0,0.0,0.23,0.57,0.2,3.1,5.3,17.0,9.0,38.0,3.0,22.0,2.0,140.0,3.0,6184500.0
160,Paul George,0.0,0.05,0.69,0.26,0.01,3.6,5.9,98.0,47.0,80.0,18.0,115.0,16.0,714.0,23.0,42492492.0
161,Taj Gibson,0.0,0.0,0.0,0.18,0.82,-1.6,-0.4,7.0,5.0,39.0,8.0,17.0,5.0,82.0,4.0,2905851.0
162,Josh Giddey,0.0,0.01,0.17,0.67,0.15,-2.7,-9.5,127.0,57.0,85.0,12.0,81.0,1.0,1119.0,31.0,6287400.0
163,Shai Gilgeous-Alexander,0.84,0.17,0.0,0.0,0.0,3.1,4.9,84.0,64.0,78.0,30.0,322.0,15.0,942.0,57.0,30913750.0
164,Anthony Gill,0.0,0.0,0.3,0.66,0.05,0.2,1.8,8.0,3.0,44.0,2.0,30.0,8.0,81.0,8.0,1836090.0
165,Jacob Gilyard,1.0,0.0,0.0,0.0,0.0,-12.6,-16.3,2.0,0.0,2.0,0.0,0.0,0.0,17.0,0.0,5849.0
166,Rudy Gobert,0.0,0.0,0.0,0.0,1.0,-0.3,-0.3,27.0,40.0,108.0,35.0,165.0,4.0,213.0,45.0,38172414.0
167,Jordan Goodwin,0.87,0.13,0.0,0.0,0.0,-4.7,-4.8,34.0,12.0,48.0,2.0,34.0,12.0,399.0,9.0,1280206.0
168,Aaron Gordon,0.0,0.0,0.04,0.88,0.08,12.1,18.4,39.0,29.0,83.0,16.0,149.0,10.0,474.0,31.0,20690909.0
169,Eric Gordon,0.18,0.49,0.33,0.0,0.0,-5.3,0.9,56.0,24.0,47.0,8.0,72.0,8.0,429.0,20.0,19568360.0
170,Devonte' Graham,0.62,0.38,0.0,0.0,0.0,-6.3,-4.2,32.0,13.0,43.0,5.0,50.0,13.0,446.0,8.0,11550000.0
171,Jerami Grant,0.0,0.0,0.04,0.94,0.02,-0.9,6.4,37.0,40.0,78.0,25.0,163.0,25.0,371.0,39.0,20955000.0
172,RaiQuan Gray,0.0,0.0,0.0,0.35,0.65,-19.4,-20.9,2.0,1.0,3.0,0.0,1.0,0.0,16.0,0.0,5849.0
173,A.J. Green,0.17,0.55,0.28,0.01,0.0,-4.4,-8.8,2.0,5.0,21.0,0.0,1.0,2.0,57.0,0.0,508891.0
174,Danny Green,0.0,0.56,0.39,0.05,0.0,-6.4,-11.7,6.0,1.0,10.0,2.0,1.0,1.0,16.0,1.0,11710528.0
175,Draymond Green,0.0,0.0,0.01,0.74,0.25,7.3,13.1,144.0,19.0,113.0,29.0,47.0,30.0,1218.0,13.0,25806468.0
176,Jalen Green,0.21,0.79,0.0,0.0,0.0,-8.9,-1.8,94.0,73.0,73.0,13.0,203.0,14.0,644.0,43.0,9441840.0
177,JaMychal Green,0.0,0.0,0.0,0.3,0.71,-8.2,-12.6,16.0,12.0,55.0,17.0,36.0,5.0,130.0,9.0,8200000.0
178,Javonte Green,0.0,0.1,0.61,0.29,0.0,6.8,5.9,7.0,6.0,27.0,4.0,24.0,6.0,53.0,5.0,1815677.0
179,Jeff Green,0.0,0.0,0.08,0.89,0.03,-8.1,-15.8,18.0,4.0,54.0,15.0,60.0,12.0,161.0,13.0,4500000.0
180,Josh Green,0.23,0.49,0.26,0.02,0.0,2.5,3.7,33.0,23.0,66.0,10.0,50.0,36.0,262.0,14.0,3098400.0
181,AJ Griffin,0.0,0.15,0.74,0.11,0.0,2.9,3.8,17.0,15.0,47.0,1.0,23.0,5.0,174.0,4.0,3536160.0
182,Blake Griffin,0.0,0.0,0.02,0.23,0.76,8.3,2.0,5.0,2.0,37.0,10.0,13.0,18.0,157.0,4.0,2905851.0
183,Quentin Grimes,0.0,0.65,0.35,0.0,0.0,4.7,3.3,30.0,14.0,93.0,7.0,44.0,15.0,351.0,13.0,2277000.0
184,Rui Hachimura,0.0,0.0,0.44,0.55,0.02,-1.2,-1.1,15.0,20.0,34.0,13.0,57.0,2.0,139.0,14.0,6263188.0
185,Tyrese Haliburton,0.87,0.13,0.0,0.0,0.0,-1.3,4.1,85.0,33.0,37.0,6.0,90.0,7.0,1419.0,35.0,4215120.0
186,Jordan Hall,0.13,0.75,0.13,0.0,0.0,-14.0,-4.0,2.0,0.0,3.0,2.0,4.0,0.0,28.0,1.0,193027.0
187,R.J. Hampton,0.43,0.43,0.14,0.0,0.0,-9.1,-3.7,21.0,6.0,29.0,7.0,37.0,1.0,135.0,8.0,2898243.0
188,Tim Hardaway Jr.,0.0,0.13,0.72,0.14,0.0,4.2,8.5,31.0,14.0,65.0,11.0,66.0,40.0,330.0,16.0,19602273.0
189,James Harden,1.0,0.0,0.0,0.0,0.0,6.5,3.7,118.0,40.0,46.0,20.0,151.0,11.0,1429.0,36.0,33000000.0
190,Jaden Hardy,0.41,0.54,0.04,0.0,0.0,-3.3,-4.3,20.0,14.0,29.0,6.0,30.0,6.0,163.0,7.0,1017781.0
191,Ron Harper Jr.,0.0,0.0,0.56,0.44,0.0,16.8,15.9,0.0,0.0,3.0,0.0,1.0,0.0,9.0,1.0,508891.0
192,Montrezl Harrell,0.0,0.0,0.0,0.07,0.93,2.8,-2.4,13.0,11.0,50.0,9.0,53.0,14.0,80.0,17.0,2463490.0
193,Gary Harris,0.07,0.73,0.2,0.0,0.0,-3.5,-1.0,11.0,4.0,43.0,3.0,12.0,6.0,145.0,3.0,13000000.0
194,Joe Harris,0.0,0.04,0.48,0.42,0.06,-1.9,-5.1,26.0,3.0,76.0,7.0,11.0,4.0,242.0,3.0,18642857.0
195,Kevon Harris,0.16,0.55,0.28,0.01,0.0,0.2,3.4,10.0,6.0,32.0,3.0,19.0,2.0,37.0,8.0,508891.0
196,Tobias Harris,0.0,0.01,0.74,0.25,0.0,5.7,2.4,30.0,26.0,78.0,19.0,58.0,1.0,466.0,16.0,37633050.0
197,Shaquille Harrison,0.71,0.29,0.0,0.0,0.0,5.0,8.9,5.0,0.0,6.0,0.0,8.0,2.0,76.0,2.0,134862.0
198,Josh Hart,0.01,0.14,0.79,0.06,0.0,6.0,12.0,74.0,20.0,94.0,9.0,85.0,20.0,717.0,26.0,12960000.0
199,Isaiah Hartenstein,0.0,0.0,0.0,0.0,1.0,4.5,2.3,33.0,7.0,113.0,17.0,33.0,6.0,242.0,13.0,8854879.0
200,Udonis Haslem,0.0,0.0,0.0,0.29,0.71,-11.0,-11.1,0.0,1.0,7.0,0.0,2.0,5.0,0.0,1.0,2905851.0
201,Sam Hauser,0.0,0.11,0.57,0.31,0.0,7.7,1.6,13.0,12.0,59.0,3.0,6.0,4.0,175.0,1.0,1637966.0
202,Jaxson Hayes,0.0,0.0,0.0,0.46,0.54,-5.2,-8.7,17.0,2.0,37.0,10.0,41.0,4.0,92.0,9.0,6803012.0
203,Killian Hayes,0.83,0.17,0.0,0.0,0.0,-11.6,-6.8,111.0,38.0,111.0,5.0,36.0,28.0,1147.0,5.0,5837760.0
204,Gordon Hayward,0.0,0.1,0.81,0.09,0.0,-3.2,4.4,45.0,24.0,36.0,11.0,82.0,4.0,495.0,25.0,30075000.0
205,Juancho Hernangómez,0.0,0.0,0.22,0.54,0.24,0.4,-0.9,3.0,5.0,25.0,4.0,8.0,5.0,66.0,2.0,2298385.0
206,Willy Hernangómez,0.0,0.0,0.0,0.0,1.0,2.2,0.1,7.0,9.0,38.0,14.0,46.0,3.0,83.0,7.0,2443581.0
207,Tyler Herro,0.2,0.77,0.03,0.0,0.0,2.6,6.8,90.0,32.0,59.0,13.0,77.0,2.0,680.0,16.0,5722116.0
208,Buddy Hield,0.0,0.21,0.68,0.12,0.0,-2.6,2.3,75.0,39.0,77.0,4.0,34.0,2.0,545.0,7.0,21177750.0
209,Haywood Highsmith,0.0,0.0,0.26,0.72,0.02,-3.5,-4.4,24.0,6.0,47.0,2.0,11.0,6.0,111.0,1.0,1752638.0
210,George Hill,0.72,0.29,0.0,0.0,0.0,2.2,-0.4,20.0,9.0,32.0,4.0,12.0,14.0,262.0,1.0,4000000.0
211,Malcolm Hill,0.0,0.0,0.35,0.65,0.0,68.1,66.7,0.0,0.0,1.0,0.0,0.0,0.0,0.0,0.0,508891.0
212,Aaron Holiday,0.61,0.39,0.0,0.0,0.0,1.9,1.8,20.0,6.0,40.0,3.0,13.0,15.0,214.0,5.0,1968175.0
213,Jrue Holiday,0.62,0.37,0.01,0.0,0.0,9.3,12.8,124.0,48.0,55.0,14.0,69.0,21.0,1209.0,17.0,34319520.0
214,Justin Holiday,0.0,0.23,0.65,0.1,0.03,-7.5,-8.6,15.0,3.0,40.0,1.0,4.0,6.0,99.0,1.0,5987975.0
215,Richaun Holmes,0.0,0.0,0.0,0.05,0.95,-11.4,-15.0,2.0,2.0,30.0,7.0,9.0,0.0,23.0,3.0,11215260.0
216,Al Horford,0.0,0.0,0.0,0.08,0.92,7.9,2.5,17.0,5.0,80.0,14.0,10.0,2.0,466.0,5.0,26500000.0
217,Talen Horton-Tucker,0.08,0.51,0.37,0.04,0.0,-0.4,1.0,60.0,24.0,50.0,19.0,78.0,10.0,584.0,21.0,10260000.0
218,Danuel House Jr.,0.0,0.11,0.81,0.08,0.0,0.9,-4.9,11.0,4.0,41.0,5.0,30.0,11.0,104.0,6.0,4105000.0
219,Caleb Houstan,0.02,0.34,0.53,0.11,0.01,-5.5,-3.4,8.0,3.0,35.0,1.0,6.0,0.0,78.0,1.0,2000000.0
220,Trevor Hudgins,1.0,0.0,0.0,0.0,0.0,9.3,17.7,1.0,0.0,0.0,0.0,1.0,0.0,7.0,0.0,508891.0
221,Kevin Huerter,0.01,0.72,0.26,0.02,0.0,3.0,1.6,53.0,14.0,86.0,6.0,50.0,8.0,516.0,12.0,14508929.0
222,Jay Huff,0.0,0.0,0.0,0.0,1.0,-4.5,-3.3,1.0,2.0,11.0,2.0,5.0,0.0,26.0,1.0,116986.0
223,De'Andre Hunter,0.0,0.0,0.74,0.26,0.0,-0.2,-1.5,21.0,34.0,97.0,14.0,100.0,33.0,225.0,20.0,9835881.0
224,Bones Hyland,0.97,0.03,0.0,0.0,0.0,-4.7,-9.7,49.0,16.0,42.0,5.0,34.0,8.0,400.0,8.0,2201520.0
225,Serge Ibaka,0.0,0.0,0.0,0.2,0.8,-9.5,-13.7,1.0,4.0,10.0,5.0,5.0,0.0,10.0,1.0,2905851.0
226,Andre Iguodala,0.0,0.0,0.0,0.95,0.05,15.2,13.8,7.0,1.0,8.0,1.0,1.0,2.0,47.0,1.0,2905851.0
227,Joe Ingles,0.0,0.07,0.56,0.36,0.02,2.8,-1.1,39.0,7.0,35.0,2.0,5.0,10.0,348.0,1.0,6479000.0
228,Brandon Ingram,0.0,0.72,0.28,0.01,0.0,3.1,1.6,67.0,42.0,63.0,22.0,119.0,11.0,654.0,29.0,31650600.0
229,Kyrie Irving,0.72,0.28,0.0,0.0,0.0,4.6,5.3,69.0,36.0,85.0,9.0,114.0,16.0,808.0,34.0,38917057.0
230,Jonathan Isaac,0.0,0.0,0.19,0.81,0.0,-6.4,-3.7,0.0,2.0,2.0,0.0,5.0,0.0,15.0,1.0,17400000.0
231,Jaden Ivey,0.27,0.64,0.08,0.01,0.0,-13.4,-11.8,137.0,59.0,120.0,14.0,170.0,20.0,920.0,33.0,7252200.0
232,Frank Jackson,1.0,0.0,0.0,0.0,0.0,-37.5,-36.4,0.0,0.0,0.0,0.0,0.0,0.0,2.0,0.0,113114.0
233,Isaiah Jackson,0.0,0.0,0.0,0.22,0.78,-5.3,-2.5,13.0,8.0,73.0,24.0,70.0,4.0,121.0,17.0,2573760.0
234,Jaren Jackson Jr.,0.0,0.0,0.0,0.23,0.77,10.0,11.7,28.0,28.0,109.0,38.0,154.0,5.0,138.0,31.0,28946605.0
235,Justin Jackson,0.0,0.0,0.77,0.23,0.0,-29.3,-36.9,2.0,0.0,5.0,0.0,1.0,0.0,21.0,0.0,1836090.0
236,Quenton Jackson,0.57,0.43,0.0,0.0,0.0,-8.4,-7.4,1.0,1.0,5.0,0.0,8.0,6.0,37.0,2.0,219630.0
237,Reggie Jackson,0.98,0.02,0.0,0.0,0.0,-2.8,-5.1,67.0,17.0,53.0,17.0,34.0,9.0,566.0,12.0,11457217.0
238,LeBron James,0.0,0.0,0.01,0.93,0.07,5.1,8.8,107.0,36.0,37.0,27.0,170.0,9.0,870.0,60.0,44474988.0
239,Ty Jerome,0.21,0.61,0.18,0.0,0.0,-6.0,-9.8,16.0,7.0,30.0,2.0,23.0,5.0,338.0,8.0,4728948.0
240,Isaiah Joe,0.36,0.54,0.11,0.0,0.0,4.8,5.6,23.0,13.0,55.0,1.0,36.0,34.0,216.0,8.0,1836090.0
241,Alize Johnson,0.0,0.21,0.36,0.31,0.12,23.1,33.5,0.0,2.0,1.0,1.0,1.0,1.0,3.0,0.0,192293.0
242,Cameron Johnson,0.0,0.0,0.01,0.88,0.12,6.7,6.1,17.0,13.0,42.0,3.0,49.0,11.0,187.0,16.0,5887899.0
243,Jalen Johnson,0.0,0.0,0.0,0.99,0.01,0.2,-0.3,17.0,11.0,68.0,7.0,43.0,4.0,192.0,12.0,2792640.0
244,James Johnson,0.0,0.0,0.07,0.64,0.29,-0.2,3.4,3.0,1.0,21.0,4.0,3.0,1.0,39.0,0.0,3841067.0
245,Keldon Johnson,0.02,0.23,0.64,0.11,0.0,-11.7,-3.4,58.0,47.0,55.0,14.0,175.0,4.0,442.0,59.0,3873024.0
246,Keon Johnson,0.66,0.33,0.01,0.0,0.0,-18.0,-16.1,23.0,8.0,20.0,2.0,18.0,4.0,144.0,3.0,2681040.0
247,Stanley Johnson,0.0,0.22,0.64,0.13,0.01,-7.4,3.0,23.0,5.0,26.0,3.0,19.0,1.0,158.0,7.0,4022164.0
248,Nikola Jokić,0.0,0.0,0.0,0.0,1.0,12.0,22.0,142.0,68.0,91.0,26.0,185.0,12.0,1564.0,64.0,33047803.0
249,Carlik Jones,1.0,0.0,0.0,0.0,0.0,23.4,22.2,1.0,1.0,0.0,0.0,3.0,0.0,13.0,0.0,612162.0
250,Damian Jones,0.0,0.0,0.0,0.07,0.93,-9.4,-9.5,8.0,2.0,32.0,10.0,13.0,2.0,39.0,1.0,2298385.0
251,Derrick Jones Jr.,0.0,0.0,0.04,0.86,0.1,7.4,7.5,6.0,8.0,38.0,9.0,41.0,5.0,85.0,11.0,3200000.0
252,Herbert Jones,0.0,0.0,0.22,0.76,0.02,3.8,3.2,40.0,13.0,108.0,14.0,76.0,35.0,386.0,18.0,1785000.0
253,Kai Jones,0.0,0.0,0.0,0.58,0.42,-2.7,3.5,5.0,5.0,38.0,11.0,16.0,1.0,38.0,8.0,2909040.0
254,Tre Jones,1.0,0.0,0.0,0.0,0.0,-8.3,3.6,70.0,24.0,53.0,5.0,71.0,50.0,1076.0,20.0,1782621.0
255,Tyus Jones,0.98,0.02,0.0,0.0,0.0,1.4,-4.3,57.0,10.0,14.0,4.0,29.0,11.0,1009.0,7.0,15000000.0
256,DeAndre Jordan,0.0,0.0,0.0,0.0,1.0,-8.8,-14.1,20.0,7.0,38.0,16.0,24.0,0.0,81.0,6.0,10733758.0
257,Cory Joseph,1.0,0.0,0.0,0.0,0.0,-5.2,4.6,34.0,12.0,44.0,6.0,26.0,13.0,535.0,5.0,5155500.0
258,Nikola Jović,0.0,0.0,0.0,0.54,0.46,-3.4,-3.3,7.0,0.0,13.0,0.0,8.0,3.0,25.0,3.0,2239920.0
259,Johnny Juzang,0.01,0.76,0.23,0.01,0.0,-17.4,-17.4,0.0,2.0,7.0,1.0,2.0,1.0,18.0,0.0,508891.0
260,Mfiondu Kabengele,0.0,0.0,0.0,0.83,0.17,-10.6,-17.4,0.0,0.0,0.0,1.0,0.0,0.0,0.0,0.0,508891.0
261,Frank Kaminsky,0.0,0.0,0.0,0.1,0.91,-2.1,-0.3,4.0,1.0,18.0,3.0,6.0,0.0,75.0,0.0,2463490.0
262,Trevor Keels,0.0,0.0,1.0,0.0,0.0,-92.1,-95.5,0.0,0.0,0.0,0.0,0.0,0.0,0.0,0.0,520589.0
263,Luke Kennard,0.18,0.66,0.16,0.0,0.0,6.6,5.5,23.0,14.0,44.0,6.0,13.0,6.0,227.0,4.0,13745455.0
264,Walker Kessler,0.0,0.0,0.0,0.0,1.0,2.8,6.8,13.0,12.0,119.0,24.0,70.0,1.0,180.0,23.0,2696400.0
265,Braxton Key,0.0,0.0,0.0,0.64,0.36,-15.0,-6.5,0.0,0.0,0.0,0.0,0.0,0.0,0.0,0.0,201802.0
266,Louis King,0.0,0.0,0.4,0.6,0.0,5.4,0.7,0.0,1.0,2.0,1.0,1.0,0.0,5.0,1.0,307089.0
267,Corey Kispert,0.0,0.38,0.58,0.03,0.0,-3.4,-4.5,23.0,9.0,54.0,10.0,39.0,6.0,201.0,8.0,3552840.0
268,Maxi Kleber,0.0,0.0,0.0,0.64,0.36,-2.8,-3.9,10.0,7.0,62.0,5.0,13.0,7.0,138.0,2.0,9000000.0
269,Nathan Knight,0.0,0.0,0.0,0.33,0.67,-2.8,-2.8,4.0,9.0,24.0,5.0,30.0,0.0,34.0,5.0,1836090.0
270,Kevin Knox,0.0,0.01,0.2,0.68,0.11,-12.0,-5.8,11.0,20.0,55.0,6.0,25.0,1.0,78.0,5.0,3000000.0
271,Christian Koloko,0.0,0.0,0.0,0.0,1.0,8.5,9.2,5.0,4.0,83.0,10.0,25.0,2.0,72.0,3.0,1500000.0
272,John Konchar,0.0,0.55,0.44,0.0,0.0,7.0,5.5,24.0,8.0,68.0,2.0,21.0,18.0,247.0,9.0,2300000.0
273,Furkan Korkmaz,0.0,0.74,0.24,0.01,0.0,1.0,-4.1,11.0,4.0,9.0,3.0,17.0,1.0,53.0,4.0,5000000.0
274,Luke Kornet,0.0,0.0,0.0,0.0,1.0,4.5,-2.6,7.0,6.0,64.0,6.0,18.0,1.0,136.0,5.0,2133278.0
275,Vit Krejci,0.3,0.68,0.02,0.0,0.0,-0.6,-1.0,2.0,1.0,12.0,1.0,1.0,0.0,42.0,0.0,1563518.0
276,Jonathan Kuminga,0.0,0.0,0.02,0.57,0.42,-1.4,-5.0,37.0,25.0,65.0,14.0,66.0,10.0,328.0,13.0,5739840.0
277,Kyle Kuzma,0.0,0.0,0.14,0.81,0.05,0.2,3.4,65.0,52.0,76.0,35.0,120.0,8.0,574.0,29.0,13000000.0
278,Anthony Lamb,0.0,0.01,0.5,0.49,0.0,1.0,-1.2,33.0,11.0,69.0,6.0,23.0,16.0,249.0,8.0,694878.0
279,Jock Landale,0.0,0.0,0.0,0.0,1.0,6.1,5.7,11.0,16.0,73.0,21.0,48.0,6.0,171.0,14.0,1563518.0
280,Romeo Langford,0.04,0.57,0.38,0.01,0.0,-8.9,1.6,14.0,9.0,33.0,2.0,28.0,20.0,118.0,6.0,5634257.0
281,Jake LaRavia,0.0,0.0,0.19,0.61,0.2,-6.9,-11.7,7.0,4.0,24.0,1.0,5.0,3.0,51.0,1.0,3047640.0
282,Zach LaVine,0.25,0.43,0.32,0.01,0.0,0.4,-4.0,86.0,63.0,94.0,16.0,211.0,4.0,769.0,51.0,37096500.0
283,A.J. Lawson,0.02,0.36,0.48,0.15,0.0,-18.2,-18.9,2.0,0.0,7.0,0.0,5.0,1.0,5.0,2.0,371432.0
284,Damion Lee,0.03,0.43,0.49,0.06,0.0,1.3,-0.8,24.0,23.0,55.0,11.0,29.0,20.0,239.0,5.0,2133278.0
285,Saben Lee,0.99,0.01,0.0,0.0,0.0,-2.8,-5.2,17.0,4.0,14.0,2.0,25.0,8.0,155.0,3.0,2266640.0
286,Alex Len,0.0,0.0,0.0,0.0,1.0,5.9,3.8,6.0,4.0,13.0,5.0,6.0,0.0,31.0,0.0,3918600.0
287,Kawhi Leonard,0.01,0.45,0.46,0.09,0.0,5.9,9.3,34.0,29.0,44.0,7.0,123.0,4.0,515.0,33.0,42492492.0
288,Meyers Leonard,0.0,0.0,0.0,0.0,1.0,-11.5,-15.6,2.0,0.0,9.0,4.0,4.0,0.0,2.0,1.0,713558.0
289,Caris LeVert,0.02,0.6,0.38,0.01,0.0,4.7,-2.2,73.0,24.0,89.0,7.0,80.0,30.0,667.0,16.0,18796296.0
290,Kira Lewis Jr.,0.88,0.12,0.0,0.0,0.0,11.0,9.4,6.0,3.0,11.0,1.0,10.0,0.0,54.0,2.0,4004280.0
291,Damian Lillard,1.0,0.0,0.0,0.0,0.0,2.2,12.8,141.0,31.0,54.0,8.0,202.0,24.0,1009.0,43.0,42492492.0
292,Nassir Little,0.01,0.21,0.56,0.22,0.0,-8.6,-6.6,15.0,11.0,37.0,7.0,22.0,4.0,122.0,6.0,4171548.0
293,Isaiah Livers,0.0,0.0,0.17,0.78,0.05,-8.3,0.3,14.0,5.0,62.0,3.0,15.0,7.0,99.0,2.0,1563518.0
294,Kenneth Lofton Jr.,0.0,0.0,0.0,0.45,0.55,-14.0,-18.4,3.0,3.0,12.0,5.0,15.0,0.0,51.0,5.0,1505966.0
295,Kevon Looney,0.0,0.0,0.0,0.0,1.0,5.1,6.4,15.0,7.0,125.0,19.0,77.0,2.0,526.0,19.0,8000000.0
296,Brook Lopez,0.0,0.0,0.0,0.0,1.0,8.0,11.0,28.0,14.0,134.0,36.0,104.0,2.0,243.0,42.0,13906976.0
297,Robin Lopez,0.0,0.0,0.0,0.0,1.0,-9.3,-16.2,7.0,4.0,25.0,7.0,8.0,4.0,50.0,4.0,2905851.0
298,Kevin Love,0.0,0.0,0.0,0.89,0.11,3.4,-0.5,44.0,8.0,61.0,11.0,29.0,35.0,258.0,6.0,30556968.0
299,Kyle Lowry,1.0,0.0,0.0,0.0,0.0,1.3,2.7,70.0,16.0,69.0,4.0,56.0,29.0,656.0,18.0,28333334.0
300,Trey Lyles,0.0,0.0,0.0,0.6,0.4,3.5,1.8,34.0,7.0,57.0,11.0,57.0,11.0,160.0,16.0,2625000.0
301,Théo Maledon,1.0,0.0,0.0,0.0,0.0,-8.1,-2.9,37.0,11.0,34.0,2.0,30.0,5.0,359.0,9.0,2408891.0
302,Sandro Mamukelashvili,0.0,0.0,0.0,0.23,0.77,-9.8,-4.6,16.0,9.0,31.0,5.0,27.0,6.0,150.0,5.0,1116112.0
303,Terance Mann,0.18,0.46,0.33,0.04,0.0,1.3,1.3,38.0,21.0,56.0,14.0,61.0,18.0,447.0,16.0,1930681.0
304,Tre Mann,1.0,0.0,0.0,0.0,0.0,0.7,-0.7,26.0,19.0,55.0,5.0,28.0,8.0,297.0,9.0,3046200.0
305,Boban Marjanović,0.0,0.0,0.0,0.0,1.0,16.7,26.1,3.0,7.0,6.0,1.0,14.0,0.0,20.0,7.0,4101478.0
306,Lauri Markkanen,0.0,0.0,0.2,0.62,0.18,3.2,10.0,31.0,53.0,64.0,35.0,169.0,9.0,319.0,45.0,16475454.0
307,Naji Marshall,0.0,0.22,0.65,0.13,0.0,1.1,-1.9,56.0,15.0,63.0,10.0,83.0,5.0,445.0,25.0,1782621.0
308,Caleb Martin,0.02,0.34,0.62,0.03,0.0,0.9,2.4,30.0,19.0,72.0,13.0,50.0,31.0,295.0,10.0,6479000.0
309,Cody Martin,0.0,0.41,0.59,0.0,0.0,-7.6,-1.9,2.0,0.0,10.0,0.0,5.0,1.0,28.0,3.0,7000000.0
310,Kenyon Martin Jr.,0.0,0.01,0.87,0.13,0.0,-8.4,-0.2,33.0,23.0,75.0,18.0,119.0,6.0,306.0,30.0,1782621.0
311,Tyrese Martin,0.0,0.06,0.72,0.22,0.0,0.8,0.4,0.0,2.0,1.0,0.0,1.0,0.0,5.0,0.0,1017781.0
312,Garrison Mathews,0.0,0.33,0.66,0.01,0.0,-5.6,1.9,8.0,2.0,27.0,3.0,18.0,26.0,63.0,2.0,2000000.0
313,Bennedict Mathurin,0.01,0.65,0.34,0.0,0.0,-4.5,-2.5,56.0,49.0,67.0,30.0,222.0,10.0,288.0,54.0,6586800.0
314,Wesley Matthews,0.01,0.54,0.41,0.03,0.0,4.8,1.5,7.0,4.0,36.0,5.0,10.0,9.0,86.0,0.0,2905851.0
315,Tyrese Maxey,0.47,0.53,0.0,0.0,0.0,5.8,2.1,36.0,13.0,56.0,15.0,109.0,10.0,506.0,33.0,2726880.0
316,Skylar Mays,1.0,0.0,0.0,0.0,0.0,-16.2,-13.1,5.0,3.0,8.0,1.0,6.0,1.0,116.0,2.0,116574.0
317,Miles McBride,0.91,0.09,0.0,0.0,0.0,5.5,2.9,13.0,5.0,33.0,2.0,14.0,12.0,178.0,2.0,1563518.0
318,Mac McClung,1.0,0.0,0.0,0.0,0.0,20.0,15.4,1.0,2.0,1.0,0.0,3.0,1.0,22.0,1.0,160856.0
319,CJ McCollum,0.56,0.38,0.06,0.0,0.0,0.9,-3.5,106.0,38.0,82.0,17.0,108.0,9.0,1002.0,27.0,33333333.0
320,T.J. McConnell,1.0,0.0,0.0,0.0,0.0,-2.4,1.6,90.0,33.0,47.0,2.0,32.0,30.0,960.0,16.0,8100000.0
321,Jaden McDaniels,0.0,0.07,0.73,0.2,0.0,1.6,4.4,47.0,26.0,131.0,16.0,75.0,15.0,351.0,23.0,2161440.0
322,Jalen McDaniels,0.0,0.0,0.76,0.24,0.0,-2.8,1.1,36.0,30.0,101.0,15.0,74.0,15.0,312.0,24.0,1930681.0
323,Doug McDermott,0.0,0.08,0.52,0.4,0.01,-10.6,-0.8,29.0,10.0,71.0,9.0,28.0,4.0,215.0,7.0,13750000.0
324,JaVale McGee,0.0,0.0,0.0,0.0,1.0,-7.4,-8.5,10.0,6.0,30.0,14.0,20.0,2.0,25.0,5.0,5461219.0
325,Bryce McGowens,0.03,0.63,0.35,0.0,0.0,-8.4,-3.3,19.0,12.0,23.0,7.0,40.0,11.0,122.0,10.0,1461055.0
326,Rodney McGruder,0.0,0.56,0.4,0.04,0.0,-5.0,4.1,8.0,2.0,23.0,1.0,9.0,10.0,65.0,1.0,2298385.0
327,Jordan McLaughlin,1.0,0.0,0.0,0.0,0.0,6.9,8.6,28.0,3.0,22.0,0.0,7.0,6.0,342.0,1.0,2160000.0
328,De'Anthony Melton,0.22,0.6,0.18,0.0,0.0,2.9,-4.0,58.0,26.0,95.0,9.0,30.0,8.0,492.0,5.0,8250000.0
329,Sam Merrill,0.05,0.95,0.0,0.0,0.0,-3.4,-9.2,0.0,0.0,1.0,0.0,0.0,0.0,13.0,0.0,1105522.0
330,Chimezie Metu,0.0,0.0,0.01,0.68,0.31,7.1,5.9,11.0,13.0,49.0,4.0,35.0,2.0,101.0,8.0,1910860.0
331,Khris Middleton,0.0,0.2,0.63,0.16,0.0,6.5,3.7,39.0,19.0,34.0,4.0,39.0,6.0,385.0,11.0,37984276.0
332,Patty Mills,1.0,0.0,0.0,0.0,0.0,-7.2,-9.9,17.0,8.0,14.0,2.0,9.0,8.0,130.0,1.0,6479000.0
333,Shake Milton,0.18,0.68,0.14,0.01,0.0,4.2,-0.9,48.0,20.0,67.0,11.0,57.0,4.0,569.0,13.0,1997718.0
334,Justin Minaya,0.05,0.23,0.72,0.0,0.0,-11.8,-8.3,3.0,0.0,7.0,0.0,1.0,0.0,10.0,1.0,35096.0
335,Josh Minott,0.0,0.05,0.75,0.21,0.0,10.3,10.8,2.0,1.0,8.0,0.0,4.0,0.0,11.0,0.0,1017781.0
336,Davion Mitchell,0.86,0.14,0.0,0.0,0.0,2.4,0.2,41.0,8.0,53.0,4.0,16.0,53.0,463.0,9.0,4833600.0
337,Donovan Mitchell,0.3,0.69,0.01,0.0,0.0,6.0,0.9,94.0,58.0,74.0,16.0,141.0,14.0,701.0,43.0,30913750.0
338,Evan Mobley,0.0,0.0,0.0,0.56,0.44,6.5,2.4,41.0,51.0,141.0,24.0,155.0,10.0,530.0,35.0,8478720.0
339,Isaiah Mobley,0.0,0.0,0.15,0.64,0.21,18.3,12.9,0.0,0.0,5.0,1.0,2.0,1.0,8.0,0.0,508891.0
340,Chima Moneke,0.0,0.0,1.0,0.0,0.0,-48.2,-50.6,1.0,1.0,2.0,0.0,1.0,0.0,2.0,0.0,500000.0
341,Malik Monk,0.02,0.92,0.06,0.0,0.0,1.1,-2.1,87.0,32.0,70.0,13.0,82.0,7.0,694.0,19.0,9472219.0
342,Moses Moody,0.0,0.47,0.51,0.02,0.0,-0.7,-3.2,20.0,6.0,30.0,1.0,30.0,9.0,127.0,12.0,3740160.0
343,Xavier Moon,0.17,0.83,0.0,0.0,0.0,-25.0,-25.7,1.0,0.0,2.0,0.0,0.0,0.0,12.0,0.0,116986.0
344,Wendell Moore Jr.,0.18,0.28,0.44,0.1,0.0,-12.7,-13.1,5.0,1.0,7.0,0.0,2.0,3.0,45.0,0.0,2306520.0
345,Ja Morant,0.79,0.21,0.0,0.0,0.0,6.9,6.5,111.0,46.0,46.0,10.0,234.0,25.0,1170.0,62.0,12119440.0
346,Marcus Morris,0.0,0.0,0.11,0.81,0.08,-0.8,-2.7,18.0,16.0,68.0,10.0,32.0,7.0,283.0,9.0,16372093.0
347,Markieff Morris,0.0,0.0,0.07,0.57,0.36,2.5,1.8,10.0,1.0,23.0,5.0,3.0,1.0,68.0,0.0,2905851.0
348,Monte Morris,1.0,0.0,0.0,0.0,0.0,0.1,2.4,42.0,12.0,34.0,2.0,30.0,15.0,769.0,11.0,9125000.0
349,Trey Murphy III,0.0,0.07,0.62,0.32,0.0,0.6,-4.0,28.0,15.0,96.0,11.0,73.0,16.0,261.0,22.0,3206520.0
350,Dejounte Murray,0.29,0.7,0.01,0.0,0.0,-1.2,-5.0,85.0,56.0,54.0,6.0,93.0,6.0,1042.0,26.0,17071120.0
351,Jamal Murray,0.81,0.19,0.0,0.0,0.0,6.2,6.2,94.0,29.0,60.0,8.0,65.0,17.0,923.0,9.0,31650600.0
352,Keegan Murray,0.0,0.02,0.84,0.14,0.0,1.3,-2.6,32.0,11.0,112.0,4.0,42.0,19.0,238.0,15.0,8008440.0
353,Mike Muscala,0.0,0.0,0.0,0.09,0.91,9.0,7.1,7.0,3.0,52.0,12.0,18.0,3.0,121.0,1.0,3500000.0
354,Svi Mykhailiuk,0.01,0.23,0.69,0.07,0.01,1.6,7.2,11.0,10.0,13.0,3.0,15.0,3.0,127.0,4.0,3846895.0
355,Larry Nance Jr.,0.0,0.0,0.0,0.19,0.81,7.8,8.8,17.0,7.0,57.0,15.0,35.0,15.0,281.0,9.0,9672727.0
356,Andrew Nembhard,0.29,0.7,0.01,0.0,0.0,-6.2,-5.8,84.0,20.0,75.0,7.0,26.0,30.0,807.0,12.0,2244111.0
357,Aaron Nesmith,0.0,0.02,0.35,0.63,0.0,-5.4,-3.6,34.0,13.0,134.0,11.0,60.0,34.0,238.0,12.0,3804360.0
358,Raul Neto,1.0,0.0,0.0,0.0,0.0,2.7,-3.4,17.0,5.0,24.0,1.0,11.0,14.0,192.0,2.0,2463490.0
359,Georges Niang,0.0,0.0,0.01,0.94,0.05,1.7,-5.0,27.0,7.0,79.0,10.0,20.0,9.0,186.0,8.0,3465000.0
360,Daishen Nix,0.83,0.17,0.0,0.0,0.0,-7.8,0.7,59.0,17.0,32.0,5.0,15.0,4.0,304.0,2.0,1563518.0
361,Zeke Nnaji,0.0,0.0,0.0,0.23,0.77,-5.8,-11.1,6.0,3.0,64.0,17.0,25.0,1.0,45.0,5.0,2617800.0
362,Nerlens Noel,0.0,0.0,0.0,0.02,0.98,-15.6,-9.6,4.0,5.0,21.0,3.0,4.0,6.0,23.0,0.0,9391069.0
363,Jaylen Nowell,0.15,0.61,0.22,0.01,0.0,-0.7,-0.8,38.0,14.0,54.0,5.0,51.0,14.0,311.0,18.0,1930681.0
364,Frank Ntilikina,0.17,0.59,0.24,0.01,0.0,5.9,6.7,12.0,7.0,38.0,2.0,16.0,6.0,150.0,3.0,2036318.0
365,Kendrick Nunn,0.13,0.72,0.14,0.01,0.0,-2.8,-3.0,38.0,18.0,40.0,2.0,17.0,8.0,208.0,3.0,5250000.0
366,Jusuf Nurkić,0.0,0.0,0.0,0.0,1.0,-0.3,5.2,44.0,32.0,99.0,34.0,95.0,8.0,364.0,32.0,15625000.0
367,Jordan Nwora,0.0,0.04,0.4,0.56,0.01,-8.5,-10.1,25.0,22.0,49.0,7.0,49.0,4.0,207.0,17.0,2800000.0
368,Royce O'Neale,0.0,0.24,0.61,0.15,0.0,2.6,3.5,71.0,19.0,139.0,13.0,30.0,25.0,690.0,5.0,9200000.0
369,Chuma Okeke,0.05,0.52,0.4,0.03,0.0,-10.4,-8.7,7.0,3.0,24.0,1.0,9.0,1.0,92.0,1.0,3433320.0
370,Josh Okogie,0.06,0.86,0.08,0.0,0.0,5.1,5.0,30.0,15.0,59.0,5.0,84.0,38.0,253.0,7.0,1968175.0
371,Onyeka Okongwu,0.0,0.0,0.0,0.01,1.0,2.3,3.4,22.0,17.0,163.0,31.0,92.0,3.0,204.0,22.0,6395160.0
372,Isaac Okoro,0.0,0.21,0.73,0.06,0.0,6.1,0.7,14.0,11.0,68.0,4.0,57.0,10.0,199.0,15.0,7040880.0
373,KZ Okpala,0.0,0.01,0.65,0.35,0.0,3.7,1.5,4.0,1.0,17.0,1.0,4.0,7.0,31.0,0.0,1902133.0
374,Victor Oladipo,0.14,0.61,0.24,0.0,0.0,-1.5,-1.8,51.0,20.0,60.0,2.0,31.0,13.0,345.0,5.0,8750000.0
375,Kelly Olynyk,0.0,0.0,0.0,0.48,0.52,0.0,2.1,75.0,40.0,121.0,32.0,89.0,25.0,606.0,28.0,12804878.0
376,Eugene Omoruyi,0.0,0.02,0.37,0.57,0.05,-3.5,1.0,14.0,7.0,44.0,7.0,32.0,18.0,63.0,8.0,1013119.0
377,Cedi Osman,0.0,0.05,0.56,0.39,0.0,7.1,2.3,21.0,16.0,56.0,6.0,44.0,26.0,276.0,12.0,7426088.0
378,Kelly Oubre Jr.,0.0,0.58,0.42,0.0,0.0,-7.7,-3.2,22.0,28.0,61.0,7.0,107.0,25.0,124.0,37.0,12600000.0
379,Chris Paul,1.0,0.0,0.0,0.0,0.0,1.8,0.0,81.0,20.0,59.0,7.0,26.0,8.0,1233.0,4.0,28400000.0
380,Cameron Payne,0.98,0.02,0.0,0.0,0.0,2.7,1.3,49.0,9.0,31.0,9.0,31.0,23.0,494.0,5.0,6000000.0
381,Gary Payton II,0.02,0.76,0.22,0.0,0.0,5.1,7.5,5.0,4.0,19.0,5.0,2.0,1.0,77.0,1.0,8300000.0
382,Theo Pinson,0.02,0.16,0.41,0.36,0.05,-5.1,-5.9,7.0,2.0,17.0,1.0,3.0,3.0,115.0,1.0,1968175.0
383,Scotty Pippen Jr.,1.0,0.0,0.0,0.0,0.0,-6.2,-6.8,2.0,0.0,1.0,0.0,4.0,0.0,5.0,1.0,508891.0
384,Mason Plumlee,0.0,0.0,0.0,0.0,1.0,-6.0,-2.8,49.0,25.0,117.0,30.0,150.0,9.0,574.0,38.0,9080417.0
385,Jakob Poeltl,0.0,0.0,0.0,0.0,1.0,-3.5,2.8,60.0,32.0,126.0,26.0,93.0,4.0,446.0,25.0,9398148.0
386,Aleksej Pokusevski,0.0,0.0,0.01,0.21,0.79,-13.0,-17.3,22.0,10.0,38.0,2.0,15.0,1.0,151.0,1.0,3261480.0
387,Jordan Poole,0.64,0.36,0.0,0.0,0.0,-0.8,-7.1,107.0,77.0,79.0,29.0,176.0,16.0,906.0,41.0,3901399.0
388,Kevin Porter Jr.,0.99,0.01,0.0,0.0,0.0,-8.8,-1.1,113.0,51.0,58.0,12.0,117.0,12.0,809.0,31.0,3217631.0
389,Michael Porter Jr.,0.0,0.0,0.96,0.04,0.0,10.1,12.7,26.0,20.0,78.0,8.0,58.0,0.0,156.0,15.0,30913750.0
390,Otto Porter Jr.,0.1,0.75,0.14,0.0,0.0,-9.8,-11.4,2.0,1.0,3.0,0.0,4.0,3.0,18.0,2.0,6000000.0
391,Bobby Portis,0.0,0.0,0.06,0.81,0.12,0.4,-5.9,22.0,24.0,55.0,15.0,51.0,1.0,275.0,11.0,10843350.0
392,Kristaps Porziņģis,0.0,0.0,0.0,0.0,1.0,1.6,6.2,52.0,40.0,112.0,31.0,175.0,8.0,419.0,51.0,33833400.0
393,Micah Potter,0.0,0.0,0.0,0.97,0.03,-1.7,-0.7,1.0,1.0,4.0,0.0,0.0,1.0,9.0,0.0,508891.0
394,Dwight Powell,0.0,0.0,0.0,0.0,1.0,6.2,9.3,15.0,14.0,138.0,28.0,69.0,16.0,169.0,16.0,11080125.0
395,Norman Powell,0.25,0.67,0.07,0.0,0.0,-3.3,-6.5,35.0,40.0,54.0,15.0,120.0,10.0,271.0,19.0,16758621.0
396,Jason Preston,1.0,0.0,0.0,0.0,0.0,-5.6,-6.5,5.0,4.0,6.0,0.0,0.0,1.0,61.0,0.0,1563518.0
397,Joshua Primo,0.02,0.6,0.39,0.0,0.0,-0.4,9.9,6.0,3.0,6.0,0.0,5.0,5.0,45.0,1.0,12196094.0
398,Taurean Prince,0.0,0.02,0.45,0.52,0.0,1.3,2.2,33.0,15.0,69.0,8.0,38.0,23.0,196.0,13.0,7100000.0
399,Payton Pritchard,1.0,0.0,0.0,0.0,0.0,1.0,-6.6,21.0,9.0,16.0,0.0,7.0,2.0,162.0,1.0,2239200.0
400,Trevelin Queen,0.4,0.6,0.0,0.0,0.0,7.4,11.0,2.0,4.0,3.0,0.0,1.0,2.0,14.0,0.0,838891.0
401,Neemias Queta,0.0,0.0,0.0,0.0,1.0,-36.0,-38.6,0.0,1.0,5.0,0.0,1.0,1.0,2.0,0.0,508891.0
402,Immanuel Quickley,0.26,0.73,0.01,0.0,0.0,6.7,8.6,49.0,18.0,77.0,7.0,118.0,10.0,688.0,34.0,2316240.0
403,Lester Quinones,0.5,0.5,0.0,0.0,0.0,17.9,16.2,2.0,1.0,0.0,0.0,3.0,0.0,4.0,0.0,129405.0
404,Julius Randle,0.0,0.0,0.0,0.96,0.04,3.0,-0.5,72.0,75.0,87.0,43.0,246.0,9.0,812.0,81.0,23760000.0
405,Austin Reaves,0.0,0.44,0.48,0.08,0.0,5.2,8.7,49.0,27.0,70.0,8.0,117.0,44.0,520.0,38.0,1563518.0
406,Cam Reddish,0.0,0.01,0.84,0.16,0.0,-9.0,-9.7,17.0,25.0,46.0,1.0,41.0,5.0,136.0,11.0,5954454.0
407,Davon Reed,0.09,0.65,0.24,0.02,0.0,-12.6,-17.0,9.0,3.0,24.0,2.0,9.0,1.0,56.0,0.0,1902133.0
408,Paul Reed,0.0,0.0,0.0,0.01,0.99,0.8,-4.9,10.0,14.0,81.0,10.0,27.0,3.0,65.0,7.0,1782621.0
409,Naz Reid,0.0,0.0,0.0,0.21,0.79,-4.6,-6.6,34.0,21.0,120.0,17.0,61.0,9.0,186.0,19.0,1930681.0
410,Jared Rhoden,0.0,0.06,0.62,0.32,0.0,1.3,10.2,1.0,0.0,11.0,2.0,2.0,0.0,9.0,0.0,307089.0
411,Nick Richards,0.0,0.0,0.0,0.0,1.0,-3.8,2.9,10.0,12.0,73.0,33.0,99.0,5.0,89.0,34.0,1782621.0
412,Josh Richardson,0.23,0.7,0.06,0.01,0.0,-5.1,1.2,48.0,14.0,62.0,9.0,27.0,12.0,411.0,9.0,4144320.0
413,Austin Rivers,0.35,0.63,0.02,0.0,0.0,-5.8,-7.6,10.0,6.0,49.0,1.0,20.0,16.0,184.0,5.0,2905851.0
414,Duncan Robinson,0.01,0.06,0.55,0.38,0.0,-4.5,-5.2,20.0,1.0,49.0,4.0,11.0,7.0,106.0,4.0,16902000.0
415,Mitchell Robinson,0.0,0.0,0.0,0.0,1.0,6.5,5.4,11.0,12.0,115.0,9.0,58.0,3.0,133.0,8.0,17045454.0
416,Orlando Robinson,0.0,0.0,0.0,0.04,0.96,4.0,4.7,4.0,5.0,24.0,6.0,14.0,3.0,63.0,3.0,386055.0
417,Jeremiah Robinson-Earl,0.0,0.0,0.1,0.42,0.47,0.1,-1.4,6.0,5.0,46.0,2.0,22.0,2.0,104.0,2.0,2000000.0
418,Isaiah Roby,0.0,0.0,0.19,0.67,0.14,-11.7,-1.9,13.0,10.0,33.0,3.0,21.0,3.0,87.0,6.0,2330681.0
419,David Roddy,0.0,0.03,0.6,0.36,0.01,-2.0,-8.2,21.0,15.0,65.0,9.0,32.0,8.0,140.0,7.0,2588640.0
420,Ryan Rollins,1.0,0.0,0.0,0.0,0.0,-37.3,-39.8,7.0,5.0,3.0,1.0,0.0,0.0,14.0,0.0,1017781.0
421,Derrick Rose,0.91,0.09,0.0,0.0,0.0,-2.9,-6.6,12.0,5.0,10.0,2.0,6.0,2.0,106.0,1.0,14520730.0
422,Terrence Ross,0.1,0.52,0.33,0.05,0.0,-3.4,-2.2,23.0,8.0,58.0,3.0,16.0,8.0,228.0,5.0,11500000.0
423,Terry Rozier,0.32,0.65,0.03,0.0,0.0,-6.3,-1.1,56.0,40.0,52.0,15.0,93.0,38.0,756.0,23.0,21486316.0
424,Ricky Rubio,0.6,0.4,0.0,0.0,0.0,3.3,-2.7,25.0,3.0,22.0,0.0,14.0,15.0,281.0,2.0,5853659.0
425,D'Angelo Russell,0.91,0.09,0.0,0.0,0.0,1.4,0.5,131.0,34.0,56.0,8.0,79.0,18.0,1012.0,16.0,31377750.0
426,Matt Ryan,0.0,0.11,0.59,0.3,0.01,2.4,2.4,2.0,1.0,13.0,1.0,4.0,1.0,35.0,0.0,806097.0
427,Domantas Sabonis,0.0,0.0,0.0,0.0,1.0,2.9,1.9,85.0,67.0,140.0,55.0,198.0,12.0,1451.0,47.0,21100000.0
428,Luka Šamanić,0.0,0.0,0.6,0.4,0.0,-0.8,0.4,6.0,1.0,9.0,2.0,7.0,0.0,33.0,1.0,538317.0
429,Dario Šarić,0.0,0.0,0.0,0.61,0.39,0.9,-1.0,22.0,13.0,66.0,10.0,42.0,3.0,174.0,18.0,9240000.0
430,Olivier Sarr,0.0,0.0,0.0,0.0,1.0,6.1,5.0,0.0,2.0,10.0,2.0,4.0,1.0,9.0,1.0,257371.0
431,Jordan Schakel,0.0,0.16,0.84,0.0,0.0,33.3,34.7,0.0,0.0,0.0,0.0,0.0,0.0,3.0,0.0,96514.0
432,Admiral Schofield,0.0,0.01,0.22,0.65,0.13,-9.1,-7.0,11.0,2.0,38.0,2.0,8.0,8.0,79.0,3.0,877940.0
433,Dennis Schröder,1.0,0.0,0.0,0.0,0.0,2.9,4.7,77.0,24.0,61.0,8.0,86.0,30.0,717.0,20.0,2641682.0
434,Jay Scrubb,0.41,0.59,0.0,0.0,0.0,-29.6,-27.0,2.0,0.0,0.0,1.0,1.0,0.0,2.0,0.0,49719.0
435,Dereon Seabron,0.0,0.0,0.55,0.45,0.0,45.5,43.5,0.0,0.0,1.0,0.0,0.0,0.0,0.0,0.0,511816.0
436,Alperen Şengün,0.0,0.0,0.0,0.0,1.0,-7.9,0.8,85.0,44.0,152.0,34.0,123.0,31.0,672.0,42.0,3375360.0
437,Collin Sexton,0.74,0.26,0.0,0.0,0.0,-0.9,0.3,40.0,26.0,51.0,8.0,92.0,28.0,334.0,24.0,16700000.0
438,Landry Shamet,0.41,0.59,0.0,0.0,0.0,1.7,-0.1,18.0,13.0,33.0,2.0,16.0,13.0,211.0,3.0,9500000.0
439,Day'Ron Sharpe,0.0,0.0,0.0,0.0,1.0,-10.3,-13.5,13.0,11.0,47.0,16.0,25.0,0.0,85.0,6.0,2109480.0
440,Shaedon Sharpe,0.09,0.61,0.3,0.0,0.0,-7.7,-7.3,32.0,30.0,64.0,8.0,48.0,8.0,229.0,11.0,6012960.0
441,Pascal Siakam,0.0,0.0,0.04,0.61,0.35,2.2,3.1,73.0,45.0,103.0,31.0,229.0,8.0,1026.0,52.0,35448672.0
442,Chris Silva,0.0,0.0,0.0,1.0,0.0,12.5,12.3,0.0,0.0,1.0,1.0,0.0,0.0,0.0,0.0,211045.0
443,Ben Simmons,0.25,0.71,0.04,0.0,0.0,2.6,1.8,48.0,16.0,55.0,24.0,22.0,8.0,630.0,8.0,35448672.0
444,Kobi Simmons,0.59,0.41,0.0,0.0,0.0,-36.9,-31.4,0.0,0.0,0.0,0.0,1.0,1.0,11.0,0.0,32795.0
445,Marko Simonovic,0.0,0.0,0.0,0.24,0.76,36.0,34.6,0.0,0.0,3.0,0.0,0.0,0.0,0.0,0.0,1563518.0
446,Anfernee Simons,0.42,0.58,0.0,0.0,0.0,-1.2,5.4,65.0,34.0,73.0,15.0,69.0,11.0,595.0,18.0,22321429.0
447,Jericho Sims,0.0,0.0,0.0,0.17,0.83,-6.3,-11.8,6.0,5.0,63.0,11.0,8.0,1.0,60.0,4.0,1639842.0
448,Marcus Smart,0.98,0.02,0.0,0.0,0.0,5.9,-1.4,87.0,22.0,79.0,19.0,48.0,52.0,914.0,11.0,17207142.0
449,Dennis Smith Jr.,0.98,0.02,0.0,0.0,0.0,-1.6,6.4,52.0,16.0,63.0,5.0,46.0,6.0,614.0,5.0,2133278.0
450,Dru Smith,0.58,0.41,0.01,0.0,0.0,-8.4,-9.2,1.0,1.0,14.0,0.0,2.0,1.0,51.0,1.0,374357.0
451,Ish Smith,1.0,0.0,0.0,0.0,0.0,-4.1,-8.3,30.0,11.0,19.0,1.0,2.0,4.0,241.0,0.0,4725000.0
452,Jabari Smith Jr.,0.0,0.0,0.0,0.88,0.12,-11.5,-8.5,41.0,36.0,137.0,13.0,85.0,12.0,225.0,15.0,8882640.0
453,Jalen Smith,0.0,0.0,0.0,0.29,0.71,-4.5,-1.5,19.0,22.0,97.0,19.0,68.0,12.0,159.0,19.0,4670160.0
454,Xavier Sneed,0.0,0.19,0.58,0.24,0.0,-23.9,-18.3,0.0,2.0,4.0,1.0,1.0,1.0,11.0,0.0,102910.0
455,Jeremy Sochan,0.0,0.0,0.02,0.95,0.03,-7.6,3.8,47.0,27.0,58.0,10.0,62.0,7.0,340.0,18.0,5063520.0
456,Jaden Springer,0.95,0.05,0.0,0.0,0.0,-0.4,-5.3,2.0,1.0,11.0,0.0,3.0,0.0,19.0,0.0,2125200.0
457,Lamar Stevens,0.0,0.11,0.58,0.32,0.0,1.8,-5.4,7.0,12.0,46.0,2.0,27.0,6.0,82.0,5.0,1782621.0
458,Isaiah Stewart,0.0,0.0,0.0,0.46,0.55,-8.4,0.2,17.0,16.0,70.0,18.0,64.0,5.0,170.0,11.0,3433320.0
459,Max Strus,0.0,0.16,0.57,0.27,0.0,-4.1,-9.1,40.0,13.0,104.0,9.0,34.0,18.0,397.0,8.0,1815677.0
460,Jalen Suggs,0.32,0.59,0.09,0.0,0.0,-2.4,0.6,55.0,21.0,54.0,11.0,49.0,27.0,366.0,15.0,6922320.0
461,Edmond Sumner,0.42,0.48,0.1,0.01,0.0,2.9,2.0,25.0,13.0,38.0,3.0,56.0,10.0,155.0,14.0,1968175.0
462,Cole Swider,0.0,0.0,0.1,0.8,0.1,-1.6,-2.2,0.0,0.0,2.0,0.0,0.0,0.0,10.0,0.0,508891.0
463,Jae'Sean Tate,0.0,0.38,0.55,0.07,0.0,-7.1,1.5,16.0,8.0,49.0,12.0,30.0,13.0,214.0,9.0,7065217.0
464,Jayson Tatum,0.0,0.13,0.53,0.34,0.0,8.3,5.5,79.0,78.0,46.0,32.0,255.0,3.0,874.0,50.0,30351780.0
465,Terry Taylor,0.0,0.08,0.1,0.73,0.09,4.4,7.2,1.0,2.0,7.0,3.0,6.0,1.0,28.0,1.0,1703902.0
466,Garrett Temple,0.0,0.22,0.78,0.01,0.0,-3.0,-5.4,3.0,0.0,9.0,0.0,2.0,0.0,29.0,0.0,5155500.0
467,Dalen Terry,0.0,0.22,0.61,0.18,0.0,2.8,1.2,2.0,2.0,15.0,1.0,10.0,4.0,58.0,1.0,3191400.0
468,Daniel Theis,0.0,0.0,0.0,0.0,1.0,-8.9,-5.6,0.0,0.0,4.0,1.0,7.0,0.0,23.0,2.0,8694369.0
469,Cam Thomas,0.09,0.56,0.32,0.03,0.0,-1.3,-3.3,22.0,18.0,32.0,4.0,76.0,10.0,187.0,18.0,2138160.0
470,Klay Thompson,0.0,0.26,0.71,0.03,0.0,3.1,3.1,57.0,24.0,73.0,12.0,53.0,3.0,381.0,11.0,40600080.0
471,JT Thor,0.0,0.0,0.03,0.94,0.03,-6.6,-1.0,20.0,12.0,46.0,4.0,19.0,1.0,85.0,2.0,1563518.0
472,Matisse Thybulle,0.04,0.51,0.43,0.02,0.0,1.8,1.6,17.0,3.0,52.0,3.0,16.0,11.0,133.0,4.0,4379526.0
473,Xavier Tillman Sr.,0.0,0.0,0.0,0.44,0.56,-1.3,-7.0,15.0,14.0,55.0,11.0,45.0,3.0,227.0,12.0,1782621.0
474,Isaiah Todd,0.0,0.0,0.05,0.16,0.8,-6.9,-5.7,0.0,1.0,2.0,1.0,0.0,0.0,11.0,0.0,1575000.0
475,Obi Toppin,0.0,0.0,0.0,1.0,0.0,2.9,-0.3,14.0,8.0,42.0,9.0,22.0,0.0,160.0,2.0,5348280.0
476,Juan Toscano-Anderson,0.0,0.15,0.59,0.26,0.0,-9.2,-9.8,15.0,8.0,40.0,8.0,9.0,9.0,159.0,2.0,2133278.0
477,Karl-Anthony Towns,0.0,0.0,0.0,0.65,0.35,0.9,1.4,40.0,12.0,57.0,28.0,59.0,6.0,318.0,15.0,33833400.0
478,Gary Trent Jr.,0.22,0.76,0.03,0.0,0.0,-1.6,-6.2,17.0,16.0,43.0,12.0,85.0,10.0,254.0,21.0,17280000.0
479,P.J. Tucker,0.0,0.0,0.08,0.83,0.08,4.2,-1.1,13.0,3.0,97.0,21.0,6.0,12.0,153.0,2.0,10490000.0
480,Myles Turner,0.0,0.0,0.0,0.0,1.0,-1.6,3.4,27.0,21.0,134.0,32.0,130.0,5.0,214.0,32.0,35096500.0
481,Stanley Umude,0.0,0.0,1.0,0.0,0.0,75.0,83.5,0.0,0.0,0.0,0.0,1.0,0.0,0.0,0.0,58493.0
482,Jonas Valančiūnas,0.0,0.0,0.0,0.0,1.0,-0.5,-5.1,34.0,46.0,126.0,53.0,108.0,1.0,321.0,24.0,14700000.0
483,Jarred Vanderbilt,0.0,0.0,0.42,0.54,0.05,-1.7,-1.6,29.0,36.0,92.0,16.0,61.0,22.0,462.0,11.0,4374000.0
484,Fred VanVleet,0.92,0.08,0.0,0.0,0.0,2.6,3.9,77.0,36.0,82.0,15.0,106.0,26.0,1137.0,23.0,21250000.0
485,Devin Vassell,0.06,0.73,0.2,0.0,0.0,-12.9,-4.0,36.0,11.0,38.0,5.0,47.0,4.0,335.0,12.0,4437000.0
486,Gabe Vincent,0.82,0.19,0.0,0.0,0.0,-0.1,0.1,49.0,19.0,77.0,13.0,32.0,24.0,403.0,11.0,1815677.0
487,Noah Vonleh,0.0,0.0,0.0,0.2,0.8,-2.2,-9.2,2.0,2.0,15.0,7.0,1.0,0.0,20.0,0.0,1160955.0
488,Nikola Vučević,0.0,0.0,0.0,0.01,1.0,-1.0,-8.1,56.0,36.0,107.0,27.0,71.0,4.0,653.0,22.0,22000000.0
489,Dean Wade,0.0,0.0,0.35,0.61,0.04,7.1,1.8,10.0,4.0,44.0,0.0,13.0,8.0,96.0,4.0,1930681.0
490,Franz Wagner,0.0,0.16,0.72,0.12,0.0,0.6,10.2,72.0,53.0,78.0,23.0,138.0,44.0,680.0,31.0,5258280.0
491,Moritz Wagner,0.0,0.0,0.0,0.06,0.94,-1.5,1.8,20.0,13.0,67.0,19.0,90.0,24.0,197.0,21.0,1878720.0
492,Ish Wainright,0.0,0.0,0.36,0.64,0.0,5.4,4.8,13.0,0.0,62.0,5.0,11.0,8.0,133.0,2.0,980057.0
493,Jabari Walker,0.0,0.06,0.37,0.55,0.02,-8.7,-6.0,10.0,8.0,29.0,8.0,21.0,4.0,84.0,5.0,1017781.0
494,Kemba Walker,1.0,0.0,0.0,0.0,0.0,-3.5,-3.9,4.0,0.0,11.0,0.0,9.0,3.0,48.0,2.0,37281261.0
495,Lonnie Walker IV,0.09,0.52,0.37,0.02,0.0,-6.6,-10.7,18.0,10.0,45.0,4.0,51.0,5.0,150.0,10.0,6479000.0
496,John Wall,0.79,0.21,0.0,0.0,0.0,-5.2,-7.2,49.0,21.0,39.0,5.0,59.0,1.0,435.0,13.0,47345760.0
497,T.J. Warren,0.0,0.0,0.19,0.68,0.14,3.7,2.3,4.0,5.0,33.0,4.0,17.0,2.0,95.0,6.0,2628597.0
498,Duane Washington Jr.,0.72,0.26,0.02,0.0,0.0,-3.7,-6.2,22.0,11.0,13.0,0.0,10.0,3.0,147.0,3.0,628802.0
499,P.J. Washington,0.0,0.0,0.03,0.95,0.03,-7.3,-3.9,55.0,31.0,121.0,11.0,86.0,8.0,407.0,23.0,5808435.0
500,TyTy Washington Jr.,1.0,0.0,0.0,0.0,0.0,-5.3,3.3,8.0,4.0,20.0,1.0,8.0,4.0,106.0,2.0,2210040.0
501,Yuta Watanabe,0.0,0.04,0.31,0.58,0.08,-1.2,-3.2,10.0,5.0,57.0,3.0,24.0,8.0,117.0,3.0,1968175.0
502,Lindy Waters III,0.01,0.2,0.54,0.24,0.0,10.0,10.1,3.0,4.0,31.0,0.0,7.0,1.0,72.0,0.0,2316876.0
503,Trendon Watford,0.0,0.0,0.01,0.44,0.55,-6.4,-4.0,27.0,15.0,62.0,18.0,51.0,14.0,311.0,12.0,1563518.0
504,Peyton Watson,0.0,0.29,0.66,0.05,0.0,-14.5,-18.6,4.0,3.0,8.0,0.0,10.0,2.0,23.0,2.0,2193960.0
505,Blake Wesley,0.36,0.57,0.07,0.0,0.0,-14.5,-5.3,37.0,17.0,46.0,3.0,20.0,2.0,244.0,3.0,2385480.0
506,Russell Westbrook,0.74,0.26,0.0,0.0,0.0,-0.1,-1.4,169.0,51.0,71.0,16.0,144.0,8.0,1252.0,34.0,47080179.0
507,Coby White,0.49,0.47,0.04,0.0,0.0,4.0,4.3,38.0,18.0,69.0,3.0,33.0,24.0,479.0,12.0,7413955.0
508,Derrick White,0.21,0.71,0.08,0.0,0.0,10.7,9.8,54.0,25.0,117.0,4.0,96.0,51.0,793.0,27.0,17142857.0
509,Jack White,0.0,0.0,0.5,0.5,0.0,-6.1,-9.6,0.0,0.0,8.0,0.0,2.0,0.0,9.0,1.0,508891.0
510,Joe Wieskamp,0.23,0.31,0.46,0.0,0.0,5.6,4.5,0.0,1.0,1.0,0.0,0.0,0.0,7.0,0.0,2909261.0
511,Aaron Wiggins,0.04,0.39,0.47,0.09,0.0,2.4,1.8,23.0,20.0,65.0,5.0,40.0,6.0,199.0,11.0,1563518.0
512,Andrew Wiggins,0.0,0.01,0.73,0.26,0.0,5.3,5.0,23.0,12.0,59.0,10.0,38.0,10.0,219.0,12.0,33616770.0
513,Lindell Wigginton,1.0,0.0,0.0,0.0,0.0,-20.3,-24.4,9.0,2.0,6.0,1.0,5.0,4.0,33.0,1.0,99438.0
514,Alondes Williams,0.0,0.0,1.0,0.0,0.0,-45.5,-46.8,1.0,0.0,0.0,0.0,0.0,0.0,0.0,0.0,254446.0
515,Donovan Williams,0.0,0.0,1.0,0.0,0.0,83.3,83.0,0.0,0.0,0.0,0.0,0.0,0.0,0.0,0.0,239822.0
516,Grant Williams,0.0,0.0,0.05,0.86,0.08,5.3,-2.7,27.0,20.0,102.0,17.0,48.0,20.0,333.0,12.0,4306281.0
517,Jalen Williams,0.09,0.71,0.2,0.01,0.0,-0.3,-3.3,42.0,41.0,99.0,16.0,99.0,20.0,604.0,25.0,4341480.0
518,Jaylin Williams,0.0,0.0,0.0,0.0,1.0,-3.8,-6.5,17.0,4.0,64.0,13.0,26.0,48.0,185.0,4.0,2000000.0
519,Jeenathan Williams,0.03,0.88,0.09,0.0,0.0,-10.8,-7.4,2.0,0.0,9.0,1.0,2.0,0.0,23.0,1.0,52644.0
520,Kenrich Williams,0.0,0.08,0.39,0.43,0.1,4.7,5.1,11.0,10.0,60.0,7.0,21.0,35.0,255.0,5.0,2000000.0
521,Mark Williams,0.0,0.0,0.0,0.0,1.0,-4.3,1.9,10.0,12.0,53.0,16.0,47.0,1.0,43.0,10.0,3722040.0
522,Patrick Williams,0.0,0.0,0.0,0.89,0.11,-1.8,-8.3,24.0,29.0,77.0,20.0,50.0,11.0,248.0,10.0,7775400.0
523,Robert Williams,0.0,0.0,0.01,0.46,0.53,10.2,4.5,16.0,6.0,44.0,8.0,22.0,0.0,128.0,9.0,10714287.0
524,Vince Williams Jr.,0.07,0.91,0.02,0.0,0.0,-16.3,-20.5,2.0,1.0,7.0,1.0,1.0,1.0,10.0,0.0,508891.0
525,Ziaire Williams,0.01,0.13,0.77,0.09,0.0,-5.3,-10.5,16.0,9.0,35.0,2.0,12.0,17.0,80.0,4.0,4591680.0
526,Zion Williamson,0.0,0.0,0.0,0.95,0.05,7.3,6.9,34.0,41.0,31.0,14.0,127.0,2.0,344.0,35.0,13534817.0
527,Dylan Windler,0.0,0.0,0.6,0.4,0.0,-11.4,-17.2,1.0,0.0,0.0,0.0,0.0,0.0,2.0,0.0,4037277.0
528,Justise Winslow,0.0,0.1,0.62,0.28,0.01,-1.6,2.5,21.0,12.0,44.0,7.0,12.0,7.0,225.0,0.0,4097561.0
529,James Wiseman,0.0,0.0,0.0,0.0,1.0,-17.6,-13.7,14.0,10.0,73.0,17.0,44.0,2.0,72.0,7.0,9603360.0
530,Christian Wood,0.0,0.0,0.0,0.13,0.87,-1.3,-2.6,33.0,29.0,94.0,37.0,131.0,8.0,290.0,38.0,14317459.0
531,Delon Wright,0.78,0.22,0.0,0.0,0.0,2.4,5.3,18.0,16.0,32.0,3.0,29.0,15.0,467.0,11.0,7804878.0
532,McKinley Wright IV,0.99,0.01,0.0,0.0,0.0,-13.5,-15.0,8.0,9.0,17.0,0.0,7.0,4.0,151.0,5.0,508891.0
533,Gabe York,0.75,0.25,0.0,0.0,0.0,16.6,20.4,0.0,0.0,2.0,0.0,1.0,3.0,13.0,0.0,32171.0
534,Thaddeus Young,0.0,0.01,0.15,0.55,0.29,-5.4,-8.2,31.0,7.0,49.0,2.0,14.0,10.0,168.0,4.0,8000000.0
535,Trae Young,1.0,0.0,0.0,0.0,0.0,0.8,1.0,235.0,44.0,48.0,13.0,223.0,42.0,1685.0,44.0,37096500.0
536,Omer Yurtseven,0.0,0.0,0.0,0.0,1.0,6.5,6.9,1.0,2.0,11.0,1.0,3.0,0.0,4.0,2.0,1752638.0
537,Cody Zeller,0.0,0.0,0.0,0.0,1.0,-11.9,-12.4,6.0,0.0,19.0,6.0,14.0,0.0,26.0,3.0,743922.0
538,Ivica Zubac,0.0,0.0,0.0,0.0,1.0,-0.6,-2.8,36.0,31.0,148.0,28.0,110.0,2.0,184.0,18.0,10123457.0
