,Player,Avg_Dist_of_FGA,%_of_FGA_by_dist_2P,%_of_FGA_by_dist_0-3,%_of_FGA_by_dist_3-10,%_of_FGA_by_dist_10-16,%_of_FGA_by_dist_16-3P,%_of_FGA_by_dist_3P,FG%_by_dist_2P,FG%_by_dist_0-3,FG%_by_dist_3-10,FG%_by_dist_10-16,FG%_by_dist_16-3P,FG%_by_dist_3P,%_of_FG_astd_2P,%_of_FG_astd_3P,%_of_FGA_isdunk,Made_dunks,%_of_FGA_iscorner3,corner_3P%,Heaves_att,Salary
0,Precious Achiuwa,9.8,0.733,0.381,0.267,0.072,0.012,0.267,0.564,0.734,0.417,0.276,0.2,0.269,0.629,1.0,0.141,49.0,0.444,0.25,1.0,2840160.0
1,Steven Adams,2.6,0.996,0.696,0.281,0.019,0.0,0.004,0.599,0.645,0.5,0.4,0.0,0.0,0.503,0.0,0.163,41.0,1.0,0.0,0.0,17926829.0
2,Bam Adebayo,7.4,0.989,0.298,0.38,0.265,0.047,0.011,0.545,0.714,0.478,0.498,0.288,0.083,0.601,1.0,0.136,140.0,0.0,0.0,1.0,30351780.0
3,Ochai Agbaji,16.9,0.409,0.15,0.21,0.026,0.023,0.591,0.532,0.621,0.494,0.4,0.444,0.355,0.762,0.988,0.054,17.0,0.412,0.457,0.0,3918360.0
4,Santi Aldama,14.6,0.493,0.28,0.166,0.03,0.017,0.507,0.591,0.707,0.471,0.25,0.444,0.353,0.68,0.968,0.118,54.0,0.391,0.365,1.0,2094120.0
5,Nickeil Alexander-Walker,16.9,0.461,0.139,0.207,0.044,0.071,0.539,0.515,0.634,0.443,0.385,0.571,0.384,0.329,0.803,0.01,2.0,0.277,0.386,2.0,5009633.0
6,Grayson Allen,18.7,0.343,0.18,0.104,0.054,0.005,0.657,0.518,0.67,0.345,0.4,0.0,0.399,0.606,0.884,0.027,12.0,0.213,0.474,0.0,8925000.0
7,Jarrett Allen,4.4,0.984,0.575,0.307,0.075,0.027,0.016,0.653,0.764,0.51,0.511,0.294,0.1,0.774,1.0,0.319,179.0,0.6,0.0,0.0,20000000.0
8,Jose Alvarado,15.6,0.495,0.186,0.243,0.051,0.014,0.505,0.488,0.67,0.395,0.36,0.143,0.336,0.381,0.94,0.0,0.0,0.287,0.38,3.0,1563518.0
9,Kyle Anderson,9.9,0.788,0.246,0.426,0.087,0.028,0.212,0.536,0.648,0.512,0.465,0.143,0.41,0.512,0.93,0.02,10.0,0.448,0.468,1.0,8780488.0
10,Giannis Antetokounmpo,8.1,0.866,0.48,0.212,0.091,0.084,0.134,0.596,0.791,0.354,0.353,0.355,0.275,0.415,0.617,0.166,198.0,0.023,0.25,0.0,42492492.0
11,Thanasis Antetokounmpo,7.7,0.826,0.478,0.304,0.022,0.022,0.174,0.526,0.682,0.357,0.0,0.0,0.0,0.65,0.0,0.13,6.0,0.375,0.0,1.0,1878720.0
12,Cole Anthony,14.7,0.662,0.143,0.249,0.151,0.12,0.338,0.5,0.632,0.447,0.522,0.425,0.364,0.248,0.733,0.023,11.0,0.083,0.353,0.0,3613680.0
13,OG Anunoby,13.6,0.585,0.293,0.174,0.062,0.056,0.415,0.539,0.695,0.364,0.364,0.46,0.387,0.566,0.958,0.13,103.0,0.398,0.466,1.0,17357143.0
14,Ryan Arcidiacono,20.2,0.378,0.027,0.189,0.108,0.054,0.622,0.071,0.0,0.143,0.0,0.0,0.348,1.0,0.875,0.0,0.0,0.043,0.0,0.0,1836090.0
15,Deni Avdija,13.3,0.599,0.278,0.263,0.038,0.021,0.401,0.53,0.714,0.395,0.227,0.333,0.297,0.538,0.942,0.057,29.0,0.241,0.339,1.0,4916160.0
16,Deandre Ayton,7.7,0.973,0.313,0.352,0.223,0.085,0.027,0.597,0.806,0.532,0.455,0.467,0.292,0.792,0.857,0.131,110.0,0.0,0.0,0.0,30913750.0
17,Udoka Azubuike,2.7,1.0,0.625,0.375,0.0,0.0,0.0,0.819,0.956,0.593,0.0,0.0,0.0,0.864,0.0,0.625,42.0,0.0,0.0,0.0,2174880.0
18,Marvin Bagley III,9.0,0.827,0.312,0.377,0.113,0.029,0.173,0.579,0.765,0.479,0.442,0.364,0.288,0.628,0.947,0.076,28.0,0.288,0.316,1.0,12500000.0
19,Patrick Baldwin Jr.,21.4,0.229,0.073,0.083,0.055,0.018,0.771,0.44,0.875,0.333,0.0,0.5,0.381,0.818,1.0,0.037,3.0,0.214,0.278,0.0,2226000.0
20,LaMelo Ball,17.7,0.469,0.169,0.162,0.085,0.053,0.531,0.45,0.598,0.316,0.443,0.395,0.376,0.25,0.653,0.004,3.0,0.136,0.385,2.0,8623920.0
21,Mo Bamba,15.1,0.485,0.32,0.104,0.033,0.029,0.515,0.59,0.74,0.24,0.5,0.286,0.387,0.754,1.0,0.178,36.0,0.113,0.357,0.0,10300000.0
22,Paolo Banchero,12.4,0.746,0.242,0.253,0.124,0.127,0.254,0.471,0.658,0.38,0.41,0.352,0.298,0.404,0.706,0.054,52.0,0.123,0.343,1.0,11055120.0
23,Desmond Bane,14.8,0.567,0.229,0.21,0.071,0.056,0.433,0.534,0.642,0.447,0.478,0.491,0.408,0.521,0.729,0.007,6.0,0.15,0.508,2.0,2130240.0
24,Dalano Banton,14.3,0.608,0.277,0.177,0.077,0.077,0.392,0.506,0.806,0.348,0.2,0.1,0.294,0.575,0.867,0.062,8.0,0.235,0.25,1.0,1563518.0
25,Dominick Barlow,5.5,0.953,0.523,0.256,0.14,0.035,0.047,0.561,0.711,0.409,0.25,0.667,0.0,0.739,0.0,0.151,12.0,0.75,0.0,0.0,508891.0
26,Harrison Barnes,13.7,0.554,0.259,0.234,0.053,0.008,0.446,0.553,0.717,0.405,0.429,0.333,0.374,0.587,0.932,0.063,47.0,0.365,0.395,2.0,18352273.0
27,Scottie Barnes,10.8,0.78,0.277,0.321,0.099,0.083,0.22,0.505,0.687,0.448,0.297,0.369,0.281,0.493,0.841,0.087,83.0,0.339,0.316,4.0,7644600.0
28,RJ Barrett,11.5,0.668,0.299,0.287,0.06,0.023,0.332,0.495,0.642,0.401,0.3,0.259,0.31,0.424,0.926,0.029,29.0,0.29,0.319,0.0,10900634.0
29,Will Barton,17.8,0.505,0.118,0.198,0.093,0.096,0.495,0.391,0.581,0.306,0.324,0.4,0.367,0.458,0.742,0.022,7.0,0.183,0.515,2.0,15059712.0
30,Charles Bassey,5.3,0.941,0.548,0.267,0.096,0.03,0.059,0.661,0.757,0.556,0.462,0.5,0.375,0.643,0.667,0.178,22.0,0.25,0.0,0.0,2674742.0
31,Keita Bates-Diop,10.4,0.695,0.34,0.303,0.047,0.004,0.305,0.557,0.696,0.44,0.364,0.0,0.394,0.65,0.982,0.039,15.0,0.43,0.377,0.0,1878720.0
32,Nicolas Batum,21.6,0.168,0.094,0.039,0.016,0.018,0.832,0.563,0.694,0.533,0.333,0.143,0.391,0.611,0.992,0.024,8.0,0.391,0.435,1.0,19700319.0
33,Darius Bazley,9.9,0.71,0.448,0.175,0.071,0.016,0.29,0.485,0.598,0.281,0.385,0.0,0.377,0.794,0.95,0.186,30.0,0.358,0.474,0.0,4264628.0
34,Bradley Beal,12.9,0.751,0.197,0.256,0.164,0.133,0.249,0.552,0.786,0.462,0.472,0.479,0.365,0.401,0.713,0.016,14.0,0.201,0.364,0.0,43279250.0
35,Malik Beasley,21.0,0.298,0.036,0.131,0.073,0.058,0.702,0.484,0.706,0.528,0.353,0.407,0.357,0.511,0.855,0.006,4.0,0.167,0.373,3.0,15558035.0
36,MarJon Beauchamp,17.5,0.416,0.21,0.095,0.041,0.07,0.584,0.485,0.667,0.261,0.5,0.235,0.331,0.551,0.872,0.058,13.0,0.387,0.345,1.0,2485200.0
37,Dāvis Bertāns,23.4,0.119,0.081,0.025,0.006,0.006,0.881,0.737,0.769,0.5,1.0,1.0,0.39,0.929,0.982,0.031,4.0,0.22,0.452,1.0,16000000.0
38,Patrick Beverley,18.7,0.336,0.122,0.181,0.022,0.011,0.664,0.529,0.636,0.446,0.5,0.75,0.335,0.359,0.875,0.003,1.0,0.335,0.35,2.0,13801614.0
39,Saddiq Bey,15.8,0.5,0.22,0.178,0.053,0.049,0.5,0.483,0.647,0.403,0.273,0.268,0.361,0.381,0.914,0.037,31.0,0.356,0.416,6.0,2959080.0
40,Khem Birch,6.5,0.938,0.375,0.469,0.063,0.031,0.063,0.6,0.833,0.467,0.5,0.0,0.5,0.944,1.0,0.25,8.0,1.0,0.5,0.0,6667500.0
41,Goga Bitadze,7.8,0.792,0.496,0.272,0.016,0.008,0.208,0.636,0.758,0.471,0.0,0.0,0.231,0.635,0.833,0.152,18.0,0.038,0.0,0.0,5377520.0
42,Bismack Biyombo,4.4,1.0,0.417,0.49,0.092,0.0,0.0,0.578,0.814,0.406,0.421,0.0,0.0,0.824,0.0,0.214,42.0,0.0,0.0,0.0,2905851.0
43,Buddy Boeheim,24.0,0.074,0.0,0.037,0.037,0.0,0.926,0.5,0.0,1.0,0.0,0.0,0.16,0.0,1.0,0.0,0.0,0.44,0.273,0.0,508891.0
44,Bogdan Bogdanović,19.1,0.411,0.088,0.098,0.133,0.092,0.589,0.506,0.648,0.567,0.481,0.339,0.406,0.457,0.815,0.003,2.0,0.211,0.382,0.0,18000000.0
45,Bojan Bogdanović,15.2,0.6,0.144,0.214,0.169,0.073,0.4,0.539,0.685,0.487,0.537,0.406,0.411,0.537,0.828,0.012,10.0,0.297,0.419,0.0,19550000.0
46,Bol Bol,10.7,0.764,0.324,0.264,0.107,0.069,0.236,0.633,0.871,0.492,0.471,0.303,0.265,0.537,0.767,0.157,73.0,0.239,0.185,0.0,2200000.0
47,Leandro Bolmaro,11.0,0.8,0.25,0.35,0.1,0.1,0.2,0.188,0.2,0.143,0.5,0.0,0.0,0.0,0.0,0.0,0.0,0.0,0.0,0.0,1709300.0
48,Devin Booker,14.5,0.704,0.156,0.202,0.204,0.142,0.296,0.554,0.717,0.491,0.555,0.464,0.351,0.387,0.685,0.02,20.0,0.149,0.362,0.0,33833400.0
50,Chris Boucher,11.2,0.643,0.416,0.166,0.038,0.023,0.357,0.585,0.655,0.455,0.4,0.583,0.328,0.578,0.984,0.149,69.0,0.497,0.351,3.0,12690000.0
51,James Bouknight,17.9,0.435,0.166,0.14,0.083,0.047,0.565,0.429,0.594,0.259,0.313,0.556,0.303,0.5,0.697,0.016,2.0,0.156,0.353,1.0,4362240.0
52,Jamaree Bouyea,14.6,0.571,0.143,0.357,0.0,0.071,0.429,0.5,1.0,0.4,0.0,0.0,0.333,0.5,0.5,0.0,0.0,0.0,0.0,0.0,116986.0
53,Tony Bradley,12.8,0.583,0.333,0.083,0.167,0.0,0.417,0.429,0.75,0.0,0.0,0.0,0.6,0.667,1.0,0.083,1.0,0.8,0.5,0.0,2036318.0
54,Malaki Branham,15.5,0.583,0.149,0.203,0.146,0.085,0.417,0.539,0.637,0.524,0.517,0.442,0.302,0.495,0.922,0.02,9.0,0.208,0.358,0.0,2925600.0
55,Jarrell Brantley,18.0,0.357,0.071,0.286,0.0,0.0,0.643,0.8,1.0,0.75,0.0,0.0,0.444,0.25,1.0,0.0,0.0,0.333,0.333,0.0,105522.0
56,Christian Braun,11.4,0.668,0.36,0.239,0.028,0.042,0.332,0.565,0.721,0.42,0.375,0.167,0.354,0.67,0.941,0.114,30.0,0.417,0.4,0.0,2808600.0
57,Mikal Bridges,14.5,0.651,0.17,0.176,0.227,0.078,0.349,0.514,0.693,0.466,0.469,0.364,0.382,0.538,0.923,0.028,31.0,0.434,0.448,2.0,20100000.0
58,Oshae Brissett,14.1,0.514,0.329,0.147,0.019,0.019,0.486,0.457,0.562,0.277,0.5,0.0,0.31,0.72,0.958,0.05,14.0,0.265,0.244,0.0,1846738.0
59,Malcolm Brogdon,14.6,0.594,0.195,0.24,0.083,0.075,0.406,0.51,0.622,0.432,0.475,0.509,0.444,0.342,0.659,0.007,5.0,0.158,0.447,0.0,22600000.0
60,Dillon Brooks,15.8,0.557,0.157,0.19,0.138,0.072,0.443,0.451,0.635,0.362,0.453,0.282,0.326,0.438,0.797,0.012,12.0,0.164,0.361,2.0,11400000.0
61,Bruce Brown,12.2,0.657,0.266,0.273,0.086,0.032,0.343,0.548,0.802,0.386,0.391,0.25,0.358,0.551,0.923,0.076,50.0,0.398,0.376,1.0,6479000.0
62,Greg Brown III,9.1,0.75,0.536,0.143,0.0,0.071,0.25,0.476,0.667,0.0,0.0,0.0,0.143,0.9,1.0,0.25,6.0,0.429,0.333,0.0,1563518.0
63,Jaylen Brown,13.9,0.648,0.245,0.204,0.104,0.095,0.352,0.576,0.737,0.475,0.542,0.412,0.335,0.477,0.687,0.053,64.0,0.125,0.279,1.0,29776785.0
64,Kendall Brown,7.1,0.857,0.429,0.286,0.143,0.0,0.143,0.667,1.0,0.0,1.0,0.0,0.0,0.25,0.0,0.286,2.0,1.0,0.0,0.0,508891.0
65,Moses Brown,2.1,1.0,0.729,0.26,0.01,0.0,0.0,0.635,0.7,0.48,0.0,0.0,0.0,0.607,0.0,0.469,37.0,0.0,0.0,0.0,824041.0
66,Sterling Brown,13.2,0.5,0.5,0.0,0.0,0.0,0.5,0.0,0.0,0.0,0.0,0.0,0.0,0.0,0.0,0.0,0.0,0.5,0.0,0.0,3122602.0
67,Troy Brown Jr.,17.5,0.396,0.166,0.148,0.032,0.049,0.604,0.505,0.688,0.377,0.4,0.348,0.381,0.667,0.953,0.03,10.0,0.395,0.405,0.0,1968175.0
68,Jalen Brunson,12.9,0.731,0.149,0.331,0.172,0.079,0.269,0.519,0.612,0.504,0.471,0.511,0.416,0.166,0.575,0.002,2.0,0.205,0.424,0.0,27733332.0
69,Thomas Bryant,8.4,0.84,0.415,0.263,0.1,0.062,0.16,0.658,0.804,0.536,0.486,0.478,0.441,0.784,0.962,0.247,82.0,0.22,0.462,1.0,1968175.0
70,Reggie Bullock,21.7,0.155,0.077,0.04,0.019,0.019,0.845,0.562,0.75,0.421,0.444,0.222,0.38,0.854,0.98,0.002,1.0,0.491,0.451,0.0,10012800.0
71,Alec Burks,18.2,0.479,0.089,0.144,0.124,0.122,0.521,0.459,0.634,0.409,0.456,0.393,0.414,0.307,0.687,0.002,1.0,0.222,0.491,0.0,10012800.0
72,Deonte Burton,13.8,0.5,0.0,0.5,0.0,0.0,0.5,0.0,0.0,0.0,0.0,0.0,0.0,0.0,0.0,0.0,0.0,1.0,0.0,0.0,105522.0
73,Jared Butler,14.5,0.563,0.188,0.344,0.031,0.0,0.438,0.444,0.333,0.545,0.0,0.0,0.5,0.375,0.857,0.0,0.0,0.071,0.0,0.0,1674655.0
74,Jimmy Butler,8.4,0.884,0.322,0.348,0.158,0.056,0.116,0.564,0.706,0.489,0.5,0.4,0.35,0.377,0.694,0.069,55.0,0.534,0.345,1.0,37653300.0
75,John Butler,19.0,0.34,0.151,0.094,0.057,0.038,0.66,0.5,0.625,0.6,0.0,0.5,0.229,0.889,1.0,0.038,2.0,0.143,0.2,0.0,503041.0
76,Jamal Cain,10.5,0.697,0.394,0.258,0.045,0.0,0.303,0.652,0.731,0.588,0.333,0.0,0.35,0.533,1.0,0.045,3.0,0.55,0.273,1.0,508891.0
77,Kentavious Caldwell-Pope,17.5,0.495,0.139,0.117,0.081,0.158,0.505,0.502,0.693,0.405,0.431,0.44,0.423,0.847,0.926,0.025,13.0,0.417,0.398,1.0,14004703.0
78,Facundo Campazzo,22.0,0.154,0.077,0.077,0.0,0.0,0.846,0.0,0.0,0.0,0.0,0.0,0.273,0.0,0.667,0.0,0.0,0.091,1.0,0.0,464299.0
79,Vlatko Čančar,15.3,0.493,0.233,0.22,0.035,0.004,0.507,0.58,0.717,0.48,0.25,1.0,0.374,0.662,0.977,0.026,4.0,0.33,0.421,4.0,2234359.0
80,Clint Capela,2.2,0.998,0.769,0.222,0.004,0.004,0.002,0.654,0.728,0.412,0.0,0.5,0.0,0.734,0.0,0.291,146.0,0.0,0.0,1.0,18206896.0
81,Vernon Carey Jr.,7.7,1.0,0.375,0.25,0.125,0.25,0.0,0.25,0.667,0.0,0.0,0.0,0.0,0.5,0.0,0.125,1.0,0.0,0.0,0.0,1882621.0
82,Jevon Carter,19.9,0.404,0.092,0.067,0.09,0.154,0.596,0.425,0.538,0.237,0.431,0.437,0.421,0.34,0.789,0.004,1.0,0.231,0.436,0.0,6025000.0
83,Wendell Carter Jr.,13.3,0.633,0.282,0.179,0.101,0.07,0.367,0.624,0.85,0.473,0.452,0.349,0.356,0.649,0.988,0.145,84.0,0.218,0.449,0.0,14150000.0
84,Michael Carter-Williams,10.4,0.786,0.143,0.5,0.143,0.0,0.214,0.455,1.0,0.429,0.0,0.0,0.333,0.0,1.0,0.0,0.0,0.333,0.0,0.0,652829.0
85,Alex Caruso,15.0,0.472,0.29,0.112,0.052,0.017,0.528,0.556,0.699,0.281,0.4,0.4,0.364,0.533,0.945,0.028,6.0,0.49,0.405,0.0,9030000.0
86,Julian Champagnie,17.9,0.369,0.169,0.123,0.031,0.046,0.631,0.542,0.636,0.438,0.5,0.5,0.402,0.846,1.0,0.031,3.0,0.256,0.429,0.0,508891.0
87,Justin Champagnie,11.2,0.667,0.133,0.533,0.0,0.0,0.333,0.4,0.5,0.375,0.0,0.0,0.2,0.5,1.0,0.0,0.0,0.4,0.0,0.0,853241.0
88,Kennedy Chandler,8.7,0.819,0.361,0.361,0.072,0.024,0.181,0.485,0.633,0.367,0.333,0.5,0.133,0.424,1.0,0.048,2.0,0.133,0.0,0.0,1200000.0
89,Max Christie,18.0,0.415,0.113,0.132,0.085,0.085,0.585,0.409,0.417,0.429,0.333,0.444,0.419,0.556,0.962,0.038,3.0,0.435,0.37,0.0,1017781.0
90,Josh Christopher,11.9,0.729,0.222,0.289,0.188,0.03,0.271,0.55,0.685,0.537,0.452,0.3,0.236,0.348,0.762,0.082,24.0,0.191,0.235,0.0,2372160.0
91,Brandon Clarke,5.1,0.983,0.496,0.318,0.146,0.023,0.017,0.665,0.792,0.568,0.451,0.625,0.167,0.768,1.0,0.158,52.0,1.0,0.167,0.0,4343919.0
92,Jordan Clarkson,15.7,0.555,0.109,0.301,0.13,0.016,0.445,0.53,0.688,0.51,0.47,0.313,0.338,0.215,0.748,0.016,12.0,0.12,0.4,3.0,13340000.0
93,Nic Claxton,2.7,0.997,0.671,0.303,0.022,0.0,0.003,0.708,0.805,0.511,0.462,0.0,0.0,0.763,0.0,0.346,191.0,1.0,0.0,0.0,9350000.0
94,Amir Coffey,12.1,0.724,0.172,0.366,0.124,0.062,0.276,0.429,0.6,0.377,0.389,0.333,0.275,0.6,1.0,0.041,5.0,0.45,0.222,1.0,3395062.0
95,John Collins,12.2,0.661,0.297,0.209,0.109,0.045,0.339,0.619,0.8,0.459,0.481,0.5,0.292,0.792,0.957,0.115,74.0,0.408,0.296,0.0,23500000.0
96,Zach Collins,11.1,0.732,0.301,0.297,0.082,0.051,0.268,0.571,0.679,0.54,0.378,0.429,0.374,0.581,1.0,0.044,21.0,0.061,0.222,1.0,7350000.0
98,Mike Conley,18.3,0.425,0.084,0.202,0.108,0.031,0.575,0.486,0.608,0.431,0.5,0.474,0.385,0.381,0.696,0.0,0.0,0.157,0.545,2.0,22680000.0
99,Pat Connaughton,20.3,0.235,0.152,0.071,0.005,0.007,0.765,0.566,0.672,0.333,0.5,0.667,0.339,0.75,0.982,0.019,8.0,0.339,0.358,0.0,5728393.0
100,Xavier Cooks,6.0,0.964,0.393,0.536,0.036,0.0,0.036,0.63,0.727,0.533,1.0,0.0,0.0,0.647,0.0,0.107,3.0,0.0,0.0,1.0,140384.0
101,Robert Covington,16.8,0.406,0.205,0.157,0.031,0.013,0.594,0.516,0.702,0.361,0.143,0.333,0.397,0.75,0.981,0.035,7.0,0.147,0.45,0.0,12307692.0
102,Torrey Craig,15.0,0.494,0.266,0.138,0.062,0.028,0.506,0.518,0.699,0.319,0.258,0.357,0.395,0.57,0.99,0.044,17.0,0.474,0.45,1.0,5121951.0
103,Jae Crowder,18.8,0.415,0.074,0.16,0.128,0.053,0.585,0.538,0.857,0.6,0.333,0.4,0.436,0.714,1.0,0.011,1.0,0.273,0.467,0.0,10183800.0
104,Jarrett Culver,11.3,0.721,0.395,0.14,0.047,0.14,0.279,0.516,0.647,0.333,0.5,0.333,0.083,0.375,1.0,0.047,2.0,0.25,0.333,0.0,260295.0
105,Cade Cunningham,14.2,0.728,0.183,0.223,0.147,0.174,0.272,0.466,0.561,0.42,0.394,0.487,0.279,0.158,0.588,0.013,3.0,0.066,0.25,1.0,10552800.0
106,Seth Curry,19.8,0.483,0.058,0.067,0.114,0.245,0.517,0.525,0.615,0.467,0.588,0.491,0.405,0.526,0.809,0.0,0.0,0.254,0.424,0.0,8496653.0
107,Stephen Curry,18.8,0.436,0.107,0.191,0.063,0.076,0.564,0.579,0.76,0.551,0.493,0.465,0.427,0.371,0.593,0.0,0.0,0.097,0.597,9.0,48070014.0
108,Dyson Daniels,13.6,0.587,0.308,0.221,0.048,0.01,0.413,0.492,0.641,0.348,0.3,0.0,0.314,0.55,0.889,0.034,7.0,0.302,0.346,3.0,5508600.0
109,Anthony Davis,8.2,0.923,0.348,0.323,0.134,0.117,0.077,0.589,0.788,0.514,0.442,0.372,0.257,0.625,1.0,0.156,138.0,0.149,0.364,0.0,37980720.0
110,Johnny Davis,15.8,0.591,0.14,0.187,0.164,0.099,0.409,0.485,0.708,0.438,0.393,0.412,0.243,0.633,1.0,0.012,2.0,0.271,0.263,0.0,4810320.0
111,Terence Davis,18.8,0.332,0.151,0.118,0.033,0.03,0.668,0.537,0.673,0.442,0.333,0.455,0.366,0.508,0.921,0.038,12.0,0.247,0.4,1.0,4000000.0
112,JD Davison,15.9,0.632,0.053,0.211,0.316,0.053,0.368,0.5,1.0,0.5,0.333,1.0,0.286,0.5,1.0,0.0,0.0,0.0,0.0,0.0,508891.0
113,Darius Days,20.5,0.167,0.167,0.0,0.0,0.0,0.833,1.0,1.0,0.0,0.0,0.0,0.3,0.5,1.0,0.0,0.0,0.5,0.4,0.0,508891.0
114,Dewayne Dedmon,10.1,0.742,0.351,0.311,0.06,0.02,0.258,0.58,0.66,0.511,0.444,0.667,0.308,0.738,0.917,0.073,7.0,0.128,0.2,0.0,8283688.0
115,Matthew Dellavedova,17.5,0.46,0.08,0.22,0.12,0.04,0.54,0.348,0.75,0.273,0.167,0.5,0.333,0.25,0.778,0.0,0.0,0.148,0.5,0.0,2628597.0
116,DeMar DeRozan,13.7,0.891,0.165,0.125,0.263,0.338,0.109,0.526,0.735,0.491,0.499,0.459,0.324,0.244,0.848,0.023,29.0,0.31,0.318,1.0,27300000.0
117,Moussa Diabaté,4.0,0.957,0.574,0.34,0.043,0.0,0.043,0.511,0.556,0.5,0.0,0.0,0.5,0.478,1.0,0.149,7.0,1.0,0.5,0.0,508891.0
118,Mamadi Diakite,13.9,0.58,0.24,0.2,0.12,0.02,0.42,0.586,0.833,0.4,0.333,1.0,0.333,0.824,0.857,0.08,4.0,0.429,0.222,0.0,508891.0
119,Hamidou Diallo,6.8,0.944,0.443,0.304,0.125,0.072,0.056,0.593,0.753,0.456,0.426,0.481,0.238,0.643,1.0,0.139,48.0,0.524,0.273,1.0,5200000.0
120,Gorgui Dieng,19.3,0.359,0.137,0.06,0.111,0.051,0.641,0.571,0.75,0.429,0.462,0.5,0.28,0.667,0.905,0.051,6.0,0.093,0.429,0.0,4105236.0
121,Ousmane Dieng,16.2,0.459,0.21,0.188,0.033,0.028,0.541,0.602,0.789,0.5,0.167,0.4,0.265,0.78,0.962,0.099,17.0,0.265,0.308,2.0,4569840.0
122,Spencer Dinwiddie,15.7,0.533,0.186,0.206,0.092,0.05,0.467,0.498,0.646,0.417,0.423,0.423,0.369,0.118,0.602,0.021,17.0,0.182,0.506,1.0,19500000.0
123,Donte DiVincenzo,19.7,0.3,0.124,0.131,0.026,0.019,0.7,0.525,0.567,0.563,0.286,0.3,0.397,0.612,0.927,0.017,9.0,0.228,0.419,1.0,4500000.0
124,Luka Dončić,14.7,0.627,0.176,0.252,0.145,0.054,0.373,0.588,0.745,0.578,0.51,0.333,0.342,0.131,0.216,0.01,12.0,0.041,0.273,8.0,37096500.0
125,Tyler Dorsey,21.0,0.6,0.0,0.0,0.0,0.6,0.4,1.0,0.0,0.0,0.0,1.0,0.5,0.667,1.0,0.0,0.0,0.5,1.0,0.0,201802.0
126,Luguentz Dort,14.2,0.532,0.301,0.174,0.032,0.024,0.468,0.44,0.521,0.309,0.357,0.476,0.33,0.51,0.889,0.04,29.0,0.232,0.411,1.0,15277778.0
127,Ayo Dosunmu,11.2,0.668,0.411,0.147,0.07,0.04,0.332,0.583,0.679,0.429,0.5,0.304,0.312,0.55,1.0,0.018,9.0,0.466,0.33,0.0,1563518.0
128,Devon Dotson,16.5,0.6,0.0,0.3,0.1,0.2,0.4,0.0,0.0,0.0,0.0,0.0,0.25,0.0,1.0,0.0,0.0,0.25,0.0,0.0,169630.0
129,Jeff Dowtin,13.5,0.719,0.175,0.263,0.123,0.158,0.281,0.488,0.7,0.6,0.0,0.444,0.313,0.45,0.8,0.035,2.0,0.5,0.375,0.0,508891.0
130,PJ Dozier,17.9,0.515,0.152,0.091,0.121,0.152,0.485,0.471,0.8,0.333,0.0,0.6,0.125,0.375,1.0,0.0,0.0,0.313,0.2,1.0,784654.0
131,Goran Dragić,15.8,0.567,0.185,0.128,0.179,0.075,0.433,0.468,0.613,0.372,0.35,0.56,0.359,0.393,0.904,0.0,0.0,0.186,0.481,0.0,3523762.0
132,Andre Drummond,2.3,0.989,0.763,0.215,0.011,0.0,0.011,0.613,0.66,0.475,0.0,0.0,0.0,0.614,0.0,0.277,66.0,0.333,0.0,0.0,3200000.0
133,Chris Duarte,17.3,0.477,0.189,0.099,0.099,0.09,0.523,0.428,0.54,0.485,0.273,0.3,0.316,0.471,0.782,0.015,4.0,0.328,0.333,3.0,3936960.0
134,David Duke Jr.,7.1,0.846,0.487,0.269,0.064,0.026,0.154,0.53,0.605,0.429,0.2,1.0,0.083,0.543,1.0,0.051,3.0,0.5,0.0,0.0,531283.0
135,Kris Dunn,9.3,0.833,0.139,0.583,0.102,0.009,0.167,0.55,0.767,0.524,0.409,0.5,0.472,0.162,0.824,0.023,4.0,0.139,0.4,0.0,1000001.0
136,Kevin Durant,15.1,0.733,0.11,0.162,0.292,0.168,0.267,0.617,0.821,0.607,0.591,0.538,0.404,0.464,0.656,0.044,37.0,0.078,0.556,0.0,44119845.0
137,Jalen Duren,3.3,0.995,0.606,0.339,0.048,0.003,0.005,0.652,0.747,0.511,0.474,0.0,0.0,0.667,0.0,0.412,153.0,0.5,0.0,0.0,4124280.0
138,Tari Eason,9.2,0.739,0.433,0.262,0.029,0.015,0.261,0.486,0.619,0.318,0.211,0.1,0.343,0.473,0.983,0.126,64.0,0.285,0.367,2.0,3359160.0
139,Anthony Edwards,13.9,0.625,0.295,0.154,0.075,0.102,0.375,0.513,0.674,0.376,0.383,0.35,0.369,0.348,0.516,0.044,59.0,0.097,0.446,3.0,10733400.0
140,Kessler Edwards,17.1,0.409,0.204,0.118,0.022,0.065,0.591,0.5,0.737,0.182,1.0,0.167,0.309,0.632,1.0,0.054,5.0,0.382,0.333,0.0,1637966.0
141,Keon Ellis,22.2,0.25,0.0,0.125,0.063,0.063,0.75,0.25,0.0,0.5,0.0,0.0,0.5,1.0,0.667,0.0,0.0,0.167,0.5,0.0,508891.0
142,Joel Embiid,11.3,0.849,0.273,0.196,0.245,0.135,0.151,0.587,0.81,0.435,0.509,0.497,0.33,0.6,0.894,0.066,75.0,0.04,0.25,4.0,33616770.0
143,Drew Eubanks,5.8,0.946,0.497,0.317,0.108,0.024,0.054,0.655,0.759,0.566,0.5,0.375,0.389,0.783,1.0,0.269,76.0,0.167,0.0,0.0,1968175.0
144,Bruno Fernando,4.2,0.964,0.518,0.411,0.018,0.018,0.036,0.546,0.672,0.413,0.0,0.5,0.0,0.695,0.0,0.304,29.0,0.5,0.0,0.0,2717391.0
145,Dorian Finney-Smith,17.8,0.325,0.218,0.088,0.012,0.008,0.675,0.503,0.642,0.227,0.0,0.5,0.337,0.671,0.974,0.084,33.0,0.382,0.38,2.0,12939848.0
146,Malachi Flynn,18.3,0.45,0.12,0.145,0.083,0.103,0.55,0.367,0.517,0.286,0.5,0.2,0.353,0.375,0.872,0.0,0.0,0.158,0.476,0.0,2145720.0
147,Simone Fontecchio,18.5,0.388,0.106,0.157,0.067,0.058,0.612,0.43,0.545,0.327,0.524,0.389,0.33,0.731,0.952,0.042,10.0,0.225,0.395,0.0,3205128.0
148,Bryn Forbes,18.9,0.446,0.06,0.181,0.072,0.133,0.554,0.432,0.6,0.4,0.167,0.545,0.304,0.813,0.857,0.0,0.0,0.261,0.417,1.0,2298385.0
149,Trent Forrest,6.6,0.967,0.25,0.617,0.1,0.0,0.033,0.431,0.333,0.459,0.5,0.0,0.0,0.4,0.0,0.017,1.0,0.5,0.0,0.0,508891.0
150,Michael Foster Jr.,0.0,0.0,0.0,0.0,0.0,0.0,0.0,0.0,0.0,0.0,0.0,0.0,0.0,0.0,0.0,0.0,0.0,0.0,0.0,0.0,106288.0
151,Evan Fournier,20.4,0.313,0.072,0.09,0.102,0.048,0.687,0.404,0.5,0.467,0.353,0.25,0.307,0.476,0.857,0.0,0.0,0.237,0.333,1.0,18000000.0
152,De'Aaron Fox,13.5,0.724,0.171,0.251,0.194,0.108,0.276,0.584,0.803,0.569,0.488,0.444,0.324,0.16,0.613,0.033,41.0,0.128,0.255,0.0,30351780.0
153,Markelle Fultz,9.8,0.872,0.299,0.28,0.178,0.115,0.128,0.544,0.685,0.5,0.438,0.449,0.31,0.323,0.963,0.054,30.0,0.368,0.375,2.0,16500000.0
154,Wenyen Gabriel,6.1,0.862,0.523,0.312,0.019,0.008,0.138,0.647,0.713,0.568,0.2,0.5,0.278,0.676,0.9,0.092,21.0,0.528,0.263,1.0,1878720.0
155,Daniel Gafford,3.2,1.0,0.592,0.367,0.025,0.015,0.0,0.732,0.846,0.566,0.8,0.167,0.0,0.668,0.0,0.362,135.0,0.0,0.0,0.0,1930681.0
156,Darius Garland,15.1,0.635,0.17,0.229,0.134,0.102,0.365,0.492,0.615,0.452,0.51,0.357,0.41,0.286,0.58,0.004,4.0,0.09,0.378,1.0,8920794.0
157,Usman Garuba,9.9,0.667,0.452,0.209,0.006,0.0,0.333,0.525,0.625,0.324,0.0,0.0,0.407,0.613,1.0,0.062,11.0,0.492,0.414,0.0,2471160.0
158,Luka Garza,11.5,0.664,0.345,0.25,0.06,0.009,0.336,0.636,0.825,0.414,0.571,0.0,0.359,0.51,1.0,0.017,2.0,0.077,0.333,0.0,508891.0
159,Rudy Gay,17.3,0.547,0.105,0.171,0.157,0.115,0.453,0.484,0.667,0.429,0.422,0.485,0.254,0.526,1.0,0.045,11.0,0.338,0.318,1.0,6184500.0
160,Paul George,16.7,0.576,0.145,0.14,0.132,0.157,0.424,0.521,0.699,0.553,0.421,0.411,0.371,0.322,0.614,0.042,36.0,0.134,0.491,4.0,42492492.0
161,Taj Gibson,10.3,0.808,0.288,0.28,0.144,0.096,0.192,0.564,0.806,0.429,0.5,0.333,0.333,0.667,1.0,0.064,8.0,0.458,0.455,0.0,2905851.0
162,Josh Giddey,9.6,0.791,0.301,0.381,0.089,0.021,0.209,0.524,0.646,0.455,0.455,0.304,0.325,0.363,0.934,0.011,12.0,0.128,0.4,1.0,6287400.0
163,Shai Gilgeous-Alexander,9.8,0.878,0.283,0.276,0.246,0.073,0.122,0.533,0.678,0.438,0.512,0.396,0.345,0.201,0.31,0.039,50.0,0.101,0.235,1.0,30913750.0
164,Anthony Gill,8.7,0.78,0.311,0.409,0.053,0.008,0.22,0.65,0.78,0.593,0.429,0.0,0.138,0.672,1.0,0.045,5.0,0.621,0.167,0.0,1836090.0
165,Jacob Gilyard,24.4,0.0,0.0,0.0,0.0,0.0,1.0,0.0,0.0,0.0,0.0,0.0,0.333,0.0,1.0,0.0,0.0,0.333,0.0,0.0,5849.0
166,Rudy Gobert,2.5,0.995,0.778,0.19,0.022,0.004,0.005,0.663,0.748,0.365,0.333,0.0,0.0,0.744,0.0,0.388,200.0,0.0,0.0,2.0,38172414.0
167,Jordan Goodwin,14.0,0.666,0.187,0.255,0.127,0.096,0.334,0.511,0.712,0.444,0.444,0.382,0.322,0.242,0.868,0.025,5.0,0.212,0.52,0.0,1280206.0
168,Aaron Gordon,8.9,0.773,0.489,0.183,0.064,0.037,0.227,0.628,0.782,0.388,0.286,0.357,0.347,0.631,0.733,0.264,181.0,0.324,0.25,4.0,20690909.0
169,Eric Gordon,17.2,0.455,0.164,0.243,0.041,0.006,0.545,0.535,0.71,0.453,0.37,0.25,0.371,0.39,0.811,0.002,1.0,0.084,0.467,1.0,19568360.0
170,Devonte' Graham,22.5,0.216,0.058,0.072,0.035,0.051,0.784,0.452,0.6,0.355,0.533,0.364,0.352,0.31,0.798,0.0,0.0,0.104,0.429,3.0,11550000.0
171,Jerami Grant,14.2,0.607,0.267,0.149,0.085,0.105,0.393,0.523,0.676,0.426,0.397,0.375,0.401,0.579,0.972,0.084,71.0,0.365,0.389,0.0,20955000.0
172,RaiQuan Gray,11.5,0.583,0.5,0.083,0.0,0.0,0.417,0.571,0.667,0.0,0.0,0.0,0.4,1.0,1.0,0.0,0.0,0.4,0.0,0.0,5849.0
173,A.J. Green,23.7,0.16,0.04,0.016,0.032,0.072,0.84,0.45,0.4,0.5,0.5,0.444,0.419,0.778,0.909,0.0,0.0,0.21,0.409,0.0,508891.0
174,Danny Green,21.4,0.245,0.041,0.061,0.122,0.02,0.755,0.5,0.5,0.333,0.5,1.0,0.432,0.667,1.0,0.0,0.0,0.324,0.417,0.0,11710528.0
175,Draymond Green,10.3,0.724,0.297,0.363,0.04,0.023,0.276,0.612,0.709,0.57,0.474,0.273,0.305,0.852,1.0,0.051,21.0,0.298,0.308,2.0,25806468.0
176,Jalen Green,15.2,0.592,0.202,0.212,0.079,0.1,0.408,0.471,0.591,0.406,0.467,0.368,0.338,0.351,0.572,0.046,53.0,0.128,0.324,4.0,9441840.0
177,JaMychal Green,12.8,0.56,0.345,0.171,0.016,0.028,0.44,0.667,0.701,0.674,0.5,0.286,0.378,0.66,1.0,0.246,52.0,0.387,0.372,0.0,8200000.0
178,Javonte Green,9.8,0.676,0.481,0.185,0.0,0.009,0.324,0.658,0.75,0.45,0.0,0.0,0.371,0.667,1.0,0.222,24.0,0.457,0.313,0.0,1815677.0
179,Jeff Green,11.6,0.683,0.311,0.271,0.067,0.034,0.317,0.58,0.775,0.427,0.409,0.364,0.288,0.808,0.9,0.152,45.0,0.365,0.421,2.0,4500000.0
180,Josh Green,13.1,0.558,0.285,0.199,0.06,0.013,0.442,0.643,0.78,0.513,0.435,0.6,0.402,0.664,1.0,0.068,25.0,0.698,0.39,2.0,3098400.0
181,AJ Griffin,16.8,0.514,0.101,0.165,0.173,0.075,0.486,0.536,0.63,0.568,0.522,0.375,0.39,0.558,0.891,0.017,9.0,0.293,0.408,0.0,3536160.0
182,Blake Griffin,14.0,0.492,0.323,0.162,0.008,0.0,0.508,0.625,0.69,0.524,0.0,0.0,0.348,0.775,1.0,0.062,8.0,0.318,0.333,0.0,2905851.0
183,Quentin Grimes,17.9,0.324,0.248,0.047,0.018,0.012,0.676,0.641,0.745,0.321,0.182,0.429,0.386,0.776,0.994,0.043,24.0,0.327,0.474,0.0,2277000.0
184,Rui Hachimura,13.1,0.726,0.247,0.175,0.17,0.135,0.274,0.55,0.736,0.373,0.495,0.506,0.319,0.618,1.0,0.074,38.0,0.319,0.333,0.0,6263188.0
185,Tyrese Haliburton,16.2,0.522,0.216,0.164,0.094,0.048,0.478,0.572,0.736,0.457,0.405,0.55,0.4,0.247,0.447,0.021,18.0,0.092,0.514,6.0,4215120.0
186,Jordan Hall,19.1,0.464,0.143,0.036,0.107,0.179,0.536,0.462,0.75,0.0,0.333,0.4,0.2,0.5,1.0,0.036,0.0,0.267,0.25,0.0,193027.0
187,R.J. Hampton,16.1,0.511,0.156,0.224,0.093,0.038,0.489,0.504,0.676,0.453,0.455,0.222,0.353,0.41,0.854,0.034,8.0,0.259,0.467,0.0,2898243.0
188,Tim Hardaway Jr.,19.7,0.351,0.109,0.093,0.09,0.059,0.649,0.431,0.543,0.367,0.434,0.32,0.385,0.641,0.896,0.014,9.0,0.271,0.389,4.0,19602273.0
189,James Harden,16.6,0.504,0.165,0.19,0.106,0.043,0.496,0.495,0.612,0.419,0.438,0.528,0.385,0.129,0.416,0.001,1.0,0.05,0.429,0.0,33000000.0
190,Jaden Hardy,15.0,0.532,0.279,0.138,0.057,0.057,0.468,0.469,0.548,0.435,0.263,0.368,0.404,0.422,0.825,0.024,7.0,0.231,0.472,2.0,1017781.0
191,Ron Harper Jr.,15.5,0.438,0.188,0.25,0.0,0.0,0.563,0.714,0.667,0.75,0.0,0.0,0.333,0.6,1.0,0.0,0.0,0.444,0.5,0.0,508891.0
192,Montrezl Harrell,4.0,0.971,0.627,0.297,0.043,0.005,0.029,0.616,0.71,0.5,0.111,0.0,0.0,0.656,0.0,0.263,48.0,0.167,0.0,1.0,2463490.0
193,Gary Harris,19.4,0.29,0.143,0.091,0.016,0.039,0.71,0.494,0.614,0.429,0.0,0.417,0.431,0.523,0.915,0.01,2.0,0.417,0.462,0.0,13000000.0
194,Joe Harris,20.5,0.243,0.127,0.064,0.011,0.041,0.757,0.551,0.714,0.357,0.0,0.5,0.426,0.797,1.0,0.0,0.0,0.273,0.462,0.0,18642857.0
195,Kevon Harris,12.3,0.598,0.355,0.206,0.009,0.028,0.402,0.484,0.579,0.409,0.0,0.0,0.372,0.516,0.875,0.075,5.0,0.326,0.5,0.0,508891.0
196,Tobias Harris,13.2,0.617,0.26,0.22,0.102,0.034,0.383,0.57,0.709,0.473,0.453,0.483,0.389,0.495,0.937,0.07,51.0,0.389,0.405,0.0,37633050.0
197,Shaquille Harrison,11.0,0.722,0.444,0.111,0.083,0.083,0.278,0.462,0.5,0.5,0.333,0.333,0.3,0.5,1.0,0.028,1.0,0.1,1.0,0.0,134862.0
198,Josh Hart,10.6,0.685,0.444,0.15,0.065,0.025,0.315,0.601,0.736,0.41,0.265,0.231,0.372,0.444,1.0,0.019,10.0,0.415,0.412,0.0,12960000.0
199,Isaiah Hartenstein,6.0,0.887,0.56,0.202,0.122,0.003,0.113,0.576,0.623,0.576,0.375,0.0,0.216,0.611,1.0,0.144,42.0,0.649,0.292,0.0,8854879.0
200,Udonis Haslem,14.7,0.69,0.138,0.103,0.31,0.138,0.31,0.35,0.25,0.333,0.556,0.0,0.333,0.714,1.0,0.034,1.0,0.444,0.25,0.0,2905851.0
201,Sam Hauser,22.4,0.154,0.078,0.048,0.013,0.015,0.846,0.656,0.839,0.526,0.6,0.167,0.418,0.775,0.979,0.013,3.0,0.307,0.437,2.0,1637966.0
202,Jaxson Hayes,7.5,0.814,0.442,0.353,0.006,0.013,0.186,0.654,0.754,0.527,1.0,0.5,0.103,0.783,1.0,0.321,45.0,0.414,0.167,0.0,6803012.0
203,Killian Hayes,15.7,0.649,0.086,0.216,0.236,0.112,0.351,0.429,0.586,0.403,0.401,0.418,0.28,0.141,0.763,0.017,13.0,0.259,0.243,0.0,5837760.0
204,Gordon Hayward,14.4,0.725,0.16,0.201,0.191,0.172,0.275,0.532,0.763,0.487,0.486,0.42,0.325,0.554,0.904,0.028,16.0,0.231,0.432,0.0,30075000.0
205,Juancho Hernangómez,16.1,0.412,0.289,0.105,0.0,0.018,0.588,0.66,0.727,0.583,0.0,0.0,0.254,0.677,1.0,0.018,2.0,0.418,0.321,0.0,2298385.0
206,Willy Hernangómez,5.0,0.935,0.503,0.379,0.036,0.018,0.065,0.544,0.635,0.453,0.5,0.0,0.273,0.709,1.0,0.101,15.0,0.273,0.0,0.0,2443581.0
207,Tyler Herro,17.4,0.516,0.094,0.19,0.155,0.077,0.484,0.497,0.702,0.483,0.459,0.353,0.378,0.391,0.704,0.012,13.0,0.171,0.446,2.0,5722116.0
208,Buddy Hield,19.4,0.348,0.153,0.084,0.044,0.066,0.652,0.518,0.686,0.345,0.413,0.42,0.425,0.561,0.889,0.012,12.0,0.168,0.474,1.0,21177750.0
209,Haywood Highsmith,15.4,0.495,0.241,0.148,0.069,0.037,0.505,0.523,0.692,0.406,0.267,0.375,0.339,0.625,0.973,0.06,13.0,0.44,0.313,0.0,1752638.0
210,George Hill,17.7,0.428,0.205,0.102,0.054,0.066,0.572,0.62,0.706,0.412,0.667,0.636,0.358,0.477,0.853,0.018,3.0,0.337,0.438,4.0,4000000.0
211,Malcolm Hill,18.7,0.25,0.25,0.0,0.0,0.0,0.75,1.0,1.0,0.0,0.0,0.0,0.333,1.0,1.0,0.25,1.0,0.333,0.0,0.0,508891.0
212,Aaron Holiday,14.7,0.6,0.223,0.168,0.132,0.077,0.4,0.424,0.612,0.216,0.31,0.529,0.409,0.214,0.861,0.0,0.0,0.17,0.2,0.0,1968175.0
213,Jrue Holiday,15.3,0.598,0.194,0.216,0.096,0.093,0.402,0.542,0.727,0.452,0.459,0.453,0.384,0.247,0.43,0.007,6.0,0.117,0.458,4.0,34319520.0
214,Justin Holiday,19.8,0.299,0.147,0.02,0.034,0.098,0.701,0.508,0.7,0.5,0.143,0.35,0.322,0.871,0.913,0.039,8.0,0.538,0.325,0.0,5987975.0
215,Richaun Holmes,6.4,0.91,0.438,0.337,0.135,0.0,0.09,0.617,0.744,0.533,0.417,0.0,0.625,0.78,1.0,0.191,14.0,0.125,1.0,0.0,11215260.0
216,Al Horford,18.8,0.322,0.14,0.123,0.038,0.021,0.678,0.539,0.672,0.525,0.278,0.2,0.446,0.675,0.993,0.023,11.0,0.378,0.488,0.0,26500000.0
217,Talen Horton-Tucker,12.8,0.669,0.232,0.321,0.083,0.033,0.331,0.485,0.627,0.437,0.314,0.4,0.286,0.206,0.776,0.038,19.0,0.148,0.367,5.0,10260000.0
218,Danuel House Jr.,15.9,0.442,0.289,0.086,0.03,0.036,0.558,0.644,0.737,0.412,0.833,0.286,0.336,0.75,0.946,0.071,12.0,0.482,0.358,0.0,4105000.0
219,Caleb Houstan,20.1,0.253,0.159,0.038,0.005,0.049,0.747,0.435,0.483,0.429,0.0,0.333,0.338,0.65,1.0,0.005,0.0,0.338,0.478,0.0,2000000.0
220,Trevor Hudgins,24.8,0.111,0.0,0.111,0.0,0.0,0.889,0.0,0.0,0.0,0.0,0.0,0.25,0.0,1.0,0.0,0.0,0.0,0.0,0.0,508891.0
221,Kevin Huerter,18.2,0.411,0.137,0.143,0.089,0.042,0.589,0.604,0.782,0.605,0.403,0.444,0.402,0.665,0.893,0.016,13.0,0.155,0.405,0.0,14508929.0
222,Jay Huff,15.5,0.52,0.32,0.08,0.08,0.04,0.48,0.692,0.875,0.5,0.0,1.0,0.5,1.0,1.0,0.16,4.0,0.083,0.0,0.0,116986.0
223,De'Andre Hunter,14.6,0.652,0.159,0.179,0.197,0.117,0.348,0.521,0.649,0.429,0.519,0.49,0.35,0.588,0.91,0.044,32.0,0.413,0.39,0.0,9835881.0
224,Bones Hyland,17.6,0.448,0.156,0.175,0.082,0.035,0.552,0.434,0.618,0.31,0.319,0.5,0.371,0.279,0.607,0.007,3.0,0.137,0.442,0.0,2201520.0
225,Serge Ibaka,12.8,0.667,0.333,0.185,0.074,0.074,0.333,0.556,0.778,0.4,0.0,0.5,0.333,0.55,1.0,0.148,7.0,0.111,0.5,0.0,2905851.0
226,Andre Iguodala,15.9,0.4,0.267,0.133,0.0,0.0,0.6,1.0,1.0,1.0,0.0,0.0,0.111,0.667,1.0,0.267,4.0,0.222,0.0,0.0,2905851.0
227,Joe Ingles,22.2,0.181,0.081,0.073,0.008,0.02,0.819,0.556,0.65,0.5,0.5,0.4,0.409,0.32,0.711,0.0,0.0,0.261,0.453,1.0,6479000.0
228,Brandon Ingram,13.7,0.804,0.143,0.19,0.277,0.194,0.196,0.507,0.731,0.459,0.511,0.383,0.39,0.385,0.813,0.034,25.0,0.073,0.5,0.0,31650600.0
229,Kyrie Irving,15.8,0.588,0.16,0.182,0.155,0.091,0.412,0.574,0.724,0.507,0.538,0.509,0.379,0.291,0.511,0.002,1.0,0.107,0.34,2.0,38917057.0
230,Jonathan Isaac,11.9,0.717,0.321,0.189,0.113,0.094,0.283,0.421,0.588,0.1,0.5,0.4,0.4,0.5,1.0,0.113,5.0,0.267,0.75,0.0,17400000.0
231,Jaden Ivey,14.1,0.644,0.244,0.213,0.098,0.09,0.356,0.457,0.588,0.335,0.406,0.443,0.343,0.246,0.733,0.034,29.0,0.117,0.366,2.0,7252200.0
232,Frank Jackson,13.9,0.667,0.0,0.333,0.333,0.0,0.333,0.0,0.0,0.0,0.0,0.0,0.0,0.0,0.0,0.0,0.0,0.0,0.0,0.0,113114.0
233,Isaiah Jackson,4.2,0.956,0.626,0.261,0.044,0.025,0.044,0.582,0.683,0.373,0.286,0.75,0.143,0.74,1.0,0.302,84.0,0.214,0.333,0.0,2573760.0
234,Jaren Jackson Jr.,11.4,0.657,0.304,0.319,0.028,0.006,0.343,0.585,0.704,0.496,0.348,0.4,0.355,0.595,0.96,0.112,83.0,0.209,0.322,3.0,28946605.0
235,Justin Jackson,21.1,0.259,0.074,0.074,0.074,0.037,0.741,0.286,0.5,0.0,0.5,0.0,0.25,0.5,0.8,0.0,0.0,0.3,0.167,0.0,1836090.0
236,Quenton Jackson,10.9,0.714,0.381,0.238,0.024,0.071,0.286,0.6,0.563,0.6,1.0,0.667,0.083,0.5,1.0,0.095,2.0,0.167,0.0,0.0,219630.0
237,Reggie Jackson,16.3,0.55,0.13,0.216,0.102,0.103,0.45,0.474,0.639,0.442,0.415,0.394,0.333,0.257,0.854,0.008,5.0,0.253,0.384,1.0,11457217.0
238,LeBron James,12.8,0.691,0.302,0.197,0.084,0.107,0.309,0.58,0.788,0.463,0.34,0.397,0.321,0.395,0.628,0.062,74.0,0.08,0.267,0.0,44474988.0
239,Ty Jerome,14.7,0.628,0.095,0.306,0.182,0.045,0.372,0.546,0.739,0.527,0.523,0.364,0.389,0.41,0.857,0.0,0.0,0.233,0.524,0.0,4728948.0
240,Isaiah Joe,22.6,0.224,0.067,0.037,0.045,0.075,0.776,0.553,0.706,0.421,0.565,0.474,0.409,0.714,0.95,0.016,8.0,0.132,0.519,1.0,1836090.0
241,Alize Johnson,12.8,0.667,0.667,0.0,0.0,0.0,0.333,0.75,0.75,0.0,0.0,0.0,0.0,0.333,0.0,0.0,0.0,0.5,0.0,1.0,192293.0
242,Cameron Johnson,17.0,0.462,0.198,0.097,0.089,0.078,0.538,0.548,0.691,0.435,0.429,0.459,0.404,0.6,0.971,0.049,20.0,0.361,0.424,0.0,5887899.0
243,Jalen Johnson,11.2,0.677,0.398,0.189,0.043,0.047,0.323,0.587,0.719,0.41,0.429,0.333,0.288,0.625,1.0,0.152,42.0,0.442,0.283,3.0,2792640.0
244,James Johnson,11.4,0.694,0.388,0.204,0.041,0.061,0.306,0.559,0.632,0.4,0.5,0.667,0.2,0.421,1.0,0.082,4.0,0.533,0.125,0.0,3841067.0
245,Keldon Johnson,12.7,0.634,0.27,0.27,0.08,0.014,0.366,0.523,0.657,0.455,0.337,0.313,0.329,0.509,0.903,0.022,22.0,0.226,0.348,2.0,3873024.0
246,Keon Johnson,15.4,0.545,0.208,0.197,0.073,0.067,0.455,0.402,0.649,0.257,0.231,0.25,0.346,0.308,0.607,0.028,5.0,0.333,0.259,1.0,2681040.0
247,Stanley Johnson,12.1,0.672,0.262,0.287,0.098,0.025,0.328,0.573,0.688,0.514,0.417,0.667,0.45,0.468,0.944,0.016,2.0,0.35,0.571,1.0,4022164.0
248,Nikola Jokić,8.6,0.854,0.307,0.417,0.092,0.038,0.146,0.675,0.783,0.641,0.5,0.59,0.383,0.606,0.842,0.022,21.0,0.027,0.25,2.0,33047803.0
249,Carlik Jones,16.0,0.6,0.133,0.267,0.0,0.2,0.4,0.333,0.5,0.25,0.0,0.333,0.5,0.0,1.0,0.0,0.0,0.0,0.0,0.0,612162.0
250,Damian Jones,7.2,0.802,0.593,0.186,0.012,0.012,0.198,0.652,0.706,0.5,0.0,1.0,0.588,0.733,0.9,0.302,21.0,0.765,0.692,1.0,2298385.0
251,Derrick Jones Jr.,9.7,0.652,0.548,0.096,0.009,0.0,0.348,0.587,0.627,0.364,0.5,0.0,0.338,0.739,1.0,0.178,35.0,0.6,0.375,0.0,3200000.0
252,Herbert Jones,10.9,0.667,0.389,0.222,0.018,0.038,0.333,0.536,0.651,0.396,0.444,0.211,0.335,0.67,0.964,0.086,38.0,0.515,0.337,1.0,1785000.0
253,Kai Jones,7.2,0.842,0.508,0.242,0.058,0.033,0.158,0.624,0.836,0.31,0.429,0.0,0.211,0.619,1.0,0.408,44.0,0.421,0.25,0.0,2909040.0
254,Tre Jones,10.7,0.787,0.276,0.262,0.21,0.039,0.213,0.506,0.673,0.385,0.442,0.483,0.285,0.26,0.867,0.004,1.0,0.323,0.255,0.0,1782621.0
255,Tyus Jones,16.6,0.541,0.085,0.182,0.235,0.039,0.459,0.495,0.6,0.488,0.473,0.429,0.371,0.284,0.793,0.0,0.0,0.202,0.53,0.0,15000000.0
256,DeAndre Jordan,2.2,0.991,0.8,0.174,0.009,0.009,0.009,0.763,0.837,0.45,1.0,0.0,1.0,0.759,1.0,0.565,60.0,0.0,0.0,0.0,10733758.0
257,Cory Joseph,17.3,0.487,0.1,0.217,0.097,0.074,0.513,0.468,0.657,0.434,0.441,0.346,0.389,0.25,0.771,0.0,0.0,0.178,0.406,0.0,5155500.0
258,Nikola Jović,16.3,0.493,0.188,0.159,0.087,0.058,0.507,0.588,0.846,0.455,0.333,0.5,0.229,0.85,1.0,0.014,1.0,0.286,0.3,0.0,2239920.0
259,Johnny Juzang,19.2,0.394,0.058,0.163,0.077,0.096,0.606,0.488,0.833,0.471,0.25,0.5,0.238,0.55,0.867,0.0,0.0,0.27,0.235,0.0,508891.0
260,Mfiondu Kabengele,12.7,0.571,0.429,0.143,0.0,0.0,0.429,0.5,0.667,0.0,0.0,0.0,0.0,0.5,0.0,0.429,2.0,0.333,0.0,0.0,508891.0
261,Frank Kaminsky,16.2,0.476,0.206,0.175,0.063,0.032,0.524,0.6,0.846,0.364,0.5,0.5,0.394,0.889,1.0,0.032,2.0,0.091,0.0,0.0,2463490.0
262,Trevor Keels,25.2,0.0,0.0,0.0,0.0,0.0,1.0,0.0,0.0,0.0,0.0,0.0,0.25,0.0,1.0,0.0,0.0,0.0,0.0,0.0,520589.0
263,Luke Kennard,20.9,0.296,0.058,0.084,0.089,0.065,0.704,0.487,0.545,0.5,0.441,0.48,0.494,0.6,0.94,0.0,0.0,0.201,0.481,1.0,13745455.0
264,Walker Kessler,2.7,0.993,0.671,0.304,0.002,0.014,0.007,0.723,0.813,0.54,1.0,0.333,0.333,0.67,1.0,0.343,130.0,0.333,0.0,0.0,2696400.0
265,Braxton Key,14.0,1.0,0.0,0.0,1.0,0.0,0.0,1.0,0.0,0.0,1.0,0.0,0.0,1.0,0.0,0.0,0.0,0.0,0.0,0.0,201802.0
266,Louis King,18.2,0.385,0.154,0.154,0.0,0.077,0.615,0.8,1.0,0.5,0.0,1.0,0.5,0.5,0.75,0.0,0.0,0.125,1.0,0.0,307089.0
267,Corey Kispert,18.8,0.344,0.179,0.125,0.029,0.01,0.656,0.637,0.762,0.534,0.412,0.333,0.424,0.766,0.982,0.029,15.0,0.224,0.488,0.0,3552840.0
268,Maxi Kleber,18.1,0.337,0.237,0.047,0.036,0.018,0.663,0.667,0.725,0.5,0.667,0.333,0.348,0.868,0.974,0.077,11.0,0.277,0.29,0.0,9000000.0
269,Nathan Knight,8.8,0.728,0.444,0.272,0.012,0.0,0.272,0.644,0.778,0.455,0.0,0.0,0.364,0.553,1.0,0.185,13.0,0.273,0.333,0.0,1836090.0
270,Kevin Knox,16.6,0.44,0.235,0.102,0.066,0.036,0.56,0.596,0.692,0.5,0.5,0.417,0.349,0.644,1.0,0.06,18.0,0.344,0.313,0.0,3000000.0
271,Christian Koloko,4.9,0.92,0.633,0.213,0.067,0.007,0.08,0.514,0.6,0.313,0.4,0.0,0.083,0.704,1.0,0.32,36.0,0.5,0.167,1.0,1500000.0
272,John Konchar,15.3,0.447,0.294,0.109,0.028,0.016,0.553,0.545,0.702,0.229,0.333,0.2,0.339,0.769,0.95,0.028,7.0,0.525,0.355,1.0,2300000.0
273,Furkan Korkmaz,14.7,0.586,0.198,0.243,0.072,0.072,0.414,0.462,0.818,0.222,0.5,0.25,0.391,0.567,0.889,0.027,3.0,0.326,0.333,1.0,5000000.0
274,Luke Kornet,4.6,0.924,0.671,0.212,0.041,0.0,0.076,0.701,0.754,0.611,0.286,0.0,0.231,0.764,1.0,0.376,60.0,0.538,0.286,1.0,2133278.0
275,Vit Krejci,15.9,0.432,0.297,0.081,0.027,0.027,0.568,0.625,0.636,0.667,0.0,1.0,0.238,0.6,0.6,0.054,2.0,0.19,0.5,0.0,1563518.0
276,Jonathan Kuminga,10.7,0.706,0.332,0.28,0.058,0.036,0.294,0.59,0.673,0.54,0.483,0.389,0.37,0.643,0.944,0.189,90.0,0.425,0.419,0.0,5739840.0
277,Kyle Kuzma,15.2,0.579,0.186,0.263,0.082,0.048,0.421,0.533,0.722,0.487,0.383,0.309,0.333,0.466,0.781,0.036,38.0,0.243,0.41,5.0,13000000.0
278,Anthony Lamb,17.8,0.366,0.15,0.188,0.006,0.022,0.634,0.652,0.809,0.576,0.0,0.429,0.367,0.68,0.986,0.045,13.0,0.342,0.353,2.0,694878.0
279,Jock Landale,9.8,0.751,0.377,0.297,0.053,0.024,0.249,0.621,0.74,0.53,0.333,0.5,0.25,0.771,1.0,0.139,42.0,0.036,0.333,1.0,1563518.0
280,Romeo Langford,10.1,0.764,0.29,0.351,0.093,0.031,0.236,0.53,0.68,0.429,0.458,0.5,0.262,0.543,1.0,0.054,13.0,0.541,0.333,0.0,5634257.0
281,Jake LaRavia,20.1,0.253,0.158,0.084,0.011,0.0,0.747,0.542,0.533,0.5,1.0,0.0,0.338,0.846,1.0,0.042,3.0,0.155,0.455,1.0,3047640.0
282,Zach LaVine,14.9,0.608,0.284,0.112,0.067,0.145,0.392,0.556,0.693,0.442,0.441,0.428,0.375,0.335,0.647,0.042,56.0,0.138,0.467,0.0,37096500.0
283,A.J. Lawson,14.7,0.432,0.318,0.114,0.0,0.0,0.568,0.632,0.714,0.4,0.0,0.0,0.4,0.5,1.0,0.136,5.0,0.56,0.214,0.0,371432.0
284,Damion Lee,17.5,0.454,0.122,0.144,0.126,0.062,0.546,0.439,0.6,0.385,0.456,0.214,0.445,0.7,0.991,0.004,2.0,0.393,0.495,1.0,2133278.0
285,Saben Lee,9.4,0.752,0.43,0.248,0.025,0.05,0.248,0.418,0.538,0.233,0.667,0.167,0.367,0.263,0.818,0.05,3.0,0.3,0.444,0.0,2266640.0
286,Alex Len,5.5,0.933,0.633,0.133,0.1,0.067,0.067,0.571,0.737,0.0,0.667,0.0,0.0,0.563,0.0,0.2,6.0,0.0,0.0,0.0,3918600.0
287,Kawhi Leonard,14.9,0.713,0.141,0.178,0.225,0.169,0.287,0.551,0.724,0.523,0.531,0.463,0.416,0.333,0.644,0.049,42.0,0.192,0.521,2.0,42492492.0
288,Meyers Leonard,17.7,0.379,0.276,0.069,0.0,0.034,0.621,0.636,0.625,1.0,0.0,0.0,0.389,0.857,1.0,0.103,2.0,0.167,0.0,0.0,713558.0
289,Caris LeVert,14.7,0.563,0.239,0.181,0.116,0.028,0.437,0.462,0.633,0.373,0.302,0.238,0.392,0.373,0.709,0.043,30.0,0.231,0.413,1.0,18796296.0
290,Kira Lewis Jr.,14.4,0.614,0.25,0.193,0.08,0.091,0.386,0.463,0.545,0.353,0.286,0.625,0.441,0.36,0.867,0.011,0.0,0.176,0.667,1.0,4004280.0
291,Damian Lillard,17.9,0.453,0.235,0.109,0.05,0.058,0.547,0.574,0.671,0.427,0.533,0.486,0.371,0.157,0.516,0.012,10.0,0.058,0.395,2.0,42492492.0
292,Nassir Little,17.1,0.479,0.191,0.135,0.059,0.092,0.521,0.524,0.707,0.341,0.389,0.5,0.367,0.592,0.948,0.053,13.0,0.139,0.364,2.0,4171548.0
293,Isaiah Livers,20.7,0.295,0.076,0.076,0.066,0.076,0.705,0.541,0.864,0.409,0.368,0.5,0.365,0.696,0.932,0.031,9.0,0.315,0.422,2.0,1563518.0
294,Kenneth Lofton Jr.,9.6,0.817,0.473,0.108,0.151,0.086,0.183,0.566,0.795,0.4,0.214,0.125,0.353,0.535,1.0,0.054,5.0,0.176,0.333,0.0,1505966.0
295,Kevon Looney,3.5,0.997,0.557,0.365,0.044,0.031,0.003,0.632,0.734,0.521,0.412,0.417,0.0,0.669,0.0,0.177,68.0,0.0,0.0,0.0,8000000.0
296,Brook Lopez,14.0,0.595,0.281,0.17,0.108,0.036,0.405,0.637,0.771,0.569,0.485,0.375,0.374,0.745,0.971,0.087,71.0,0.198,0.403,0.0,13906976.0
297,Robin Lopez,6.6,0.947,0.307,0.587,0.013,0.04,0.053,0.648,0.826,0.545,1.0,0.667,0.5,0.457,1.0,0.027,2.0,0.25,1.0,0.0,2905851.0
298,Kevin Love,20.2,0.302,0.106,0.104,0.052,0.04,0.698,0.516,0.622,0.5,0.364,0.471,0.334,0.576,0.939,0.012,2.0,0.149,0.341,0.0,30556968.0
299,Kyle Lowry,19.4,0.361,0.14,0.093,0.082,0.045,0.639,0.509,0.588,0.444,0.475,0.455,0.345,0.292,0.757,0.0,0.0,0.177,0.455,1.0,28333334.0
300,Trey Lyles,15.8,0.412,0.279,0.123,0.007,0.002,0.588,0.595,0.693,0.4,0.333,0.0,0.363,0.69,0.989,0.088,30.0,0.354,0.435,0.0,2625000.0
301,Théo Maledon,14.0,0.626,0.217,0.256,0.134,0.02,0.374,0.465,0.582,0.354,0.471,0.6,0.295,0.324,0.821,0.0,0.0,0.074,0.0,2.0,2408891.0
302,Sandro Mamukelashvili,13.2,0.57,0.335,0.183,0.043,0.009,0.43,0.511,0.61,0.429,0.2,0.0,0.303,0.642,1.0,0.048,6.0,0.202,0.35,0.0,1116112.0
303,Terance Mann,12.5,0.622,0.33,0.191,0.061,0.04,0.378,0.598,0.769,0.4,0.375,0.476,0.389,0.554,0.883,0.107,47.0,0.495,0.337,2.0,1930681.0
304,Tre Mann,17.2,0.487,0.126,0.204,0.108,0.05,0.513,0.475,0.667,0.373,0.407,0.56,0.315,0.267,0.605,0.012,4.0,0.121,0.452,2.0,3046200.0
305,Boban Marjanović,4.9,0.983,0.4,0.483,0.1,0.0,0.017,0.695,0.833,0.586,0.667,0.0,0.0,0.561,0.0,0.1,6.0,0.0,0.0,0.0,4101478.0
306,Lauri Markkanen,14.6,0.554,0.213,0.251,0.053,0.037,0.446,0.585,0.717,0.505,0.525,0.452,0.391,0.65,0.935,0.112,111.0,0.184,0.489,0.0,16475454.0
307,Naji Marshall,13.3,0.618,0.229,0.294,0.082,0.012,0.382,0.513,0.664,0.393,0.532,0.429,0.303,0.53,0.985,0.026,14.0,0.39,0.318,6.0,1782621.0
308,Caleb Martin,15.0,0.569,0.245,0.159,0.049,0.117,0.431,0.545,0.679,0.414,0.481,0.469,0.356,0.612,0.857,0.053,22.0,0.415,0.316,1.0,6479000.0
309,Cody Martin,13.3,0.611,0.361,0.083,0.083,0.083,0.389,0.5,0.615,0.333,0.333,0.333,0.214,0.545,1.0,0.083,2.0,0.429,0.5,0.0,7000000.0
310,Kenyon Martin Jr.,9.7,0.7,0.417,0.281,0.003,0.0,0.3,0.679,0.807,0.49,0.5,0.0,0.315,0.772,1.0,0.275,173.0,0.236,0.353,0.0,1782621.0
311,Tyrese Martin,12.3,0.696,0.261,0.217,0.13,0.087,0.304,0.5,0.667,0.4,0.333,0.5,0.143,0.75,1.0,0.087,2.0,0.429,0.0,0.0,1017781.0
312,Garrison Mathews,23.8,0.104,0.045,0.04,0.01,0.01,0.896,0.476,0.667,0.25,0.5,0.5,0.35,0.5,0.952,0.01,2.0,0.228,0.39,0.0,2000000.0
313,Bennedict Mathurin,12.2,0.674,0.292,0.262,0.076,0.044,0.326,0.488,0.626,0.398,0.361,0.333,0.323,0.601,0.74,0.035,28.0,0.197,0.328,5.0,6586800.0
314,Wesley Matthews,21.0,0.225,0.106,0.056,0.05,0.013,0.775,0.528,0.706,0.333,0.5,0.0,0.315,0.842,0.974,0.0,0.0,0.339,0.238,0.0,2905851.0
315,Tyrese Maxey,14.7,0.596,0.225,0.208,0.103,0.06,0.404,0.513,0.624,0.447,0.468,0.4,0.434,0.444,0.725,0.014,13.0,0.206,0.513,1.0,2726880.0
316,Skylar Mays,14.9,0.618,0.265,0.088,0.162,0.103,0.382,0.524,0.611,0.167,0.636,0.429,0.462,0.227,0.75,0.0,0.0,0.154,0.25,0.0,116574.0
317,Miles McBride,18.6,0.377,0.153,0.079,0.079,0.065,0.623,0.457,0.636,0.294,0.353,0.357,0.299,0.541,0.875,0.028,4.0,0.373,0.4,1.0,1563518.0
318,Mac McClung,15.3,0.45,0.3,0.1,0.0,0.05,0.55,0.556,0.667,0.5,0.0,0.0,0.364,0.6,0.75,0.1,2.0,0.364,0.25,0.0,160856.0
319,CJ McCollum,16.2,0.596,0.109,0.21,0.15,0.127,0.404,0.469,0.626,0.443,0.512,0.327,0.389,0.303,0.758,0.004,3.0,0.107,0.328,0.0,33333333.0
320,T.J. McConnell,8.6,0.887,0.322,0.361,0.169,0.035,0.113,0.556,0.649,0.516,0.477,0.5,0.441,0.237,0.692,0.0,0.0,0.288,0.588,0.0,8100000.0
321,Jaden McDaniels,12.5,0.624,0.288,0.215,0.088,0.034,0.376,0.588,0.752,0.461,0.444,0.375,0.398,0.658,0.991,0.115,72.0,0.506,0.419,2.0,2161440.0
322,Jalen McDaniels,12.4,0.624,0.316,0.214,0.078,0.016,0.376,0.53,0.646,0.417,0.396,0.4,0.332,0.578,0.974,0.076,37.0,0.392,0.33,0.0,1930681.0
323,Doug McDermott,17.3,0.43,0.176,0.163,0.054,0.038,0.57,0.516,0.707,0.412,0.393,0.25,0.413,0.845,0.984,0.027,14.0,0.198,0.407,1.0,13750000.0
324,JaVale McGee,4.0,0.96,0.56,0.368,0.032,0.0,0.04,0.65,0.814,0.413,0.5,0.0,0.4,0.808,1.0,0.296,34.0,0.0,0.0,0.0,5461219.0
325,Bryce McGowens,13.0,0.604,0.327,0.193,0.059,0.025,0.396,0.443,0.576,0.333,0.25,0.0,0.325,0.648,0.923,0.059,9.0,0.35,0.357,1.0,1461055.0
326,Rodney McGruder,18.1,0.362,0.125,0.158,0.072,0.007,0.638,0.382,0.737,0.167,0.273,0.0,0.423,0.667,0.951,0.007,1.0,0.443,0.372,0.0,2298385.0
327,Jordan McLaughlin,16.7,0.462,0.166,0.241,0.034,0.021,0.538,0.552,0.708,0.457,0.4,0.667,0.308,0.73,0.833,0.0,0.0,0.295,0.391,5.0,2160000.0
328,De'Anthony Melton,18.0,0.381,0.186,0.131,0.037,0.028,0.619,0.484,0.628,0.329,0.292,0.5,0.39,0.483,0.879,0.011,6.0,0.246,0.374,2.0,8250000.0
329,Sam Merrill,22.3,0.182,0.091,0.045,0.0,0.045,0.818,1.0,1.0,1.0,0.0,1.0,0.278,1.0,1.0,0.0,0.0,0.056,0.0,0.0,1105522.0
330,Chimezie Metu,7.5,0.826,0.479,0.279,0.055,0.014,0.174,0.663,0.81,0.492,0.25,0.667,0.237,0.783,1.0,0.329,64.0,0.079,0.0,0.0,1910860.0
331,Khris Middleton,16.4,0.601,0.111,0.18,0.175,0.135,0.399,0.516,0.644,0.548,0.423,0.491,0.315,0.333,0.608,0.002,1.0,0.142,0.391,0.0,37984276.0
332,Patty Mills,20.9,0.359,0.062,0.057,0.077,0.163,0.641,0.493,0.769,0.5,0.25,0.5,0.366,0.568,0.857,0.0,0.0,0.254,0.382,1.0,6479000.0
333,Shake Milton,12.0,0.706,0.3,0.245,0.119,0.042,0.294,0.521,0.682,0.39,0.4,0.476,0.378,0.416,0.911,0.008,4.0,0.257,0.316,3.0,1997718.0
334,Justin Minaya,16.4,0.478,0.217,0.087,0.13,0.043,0.522,0.364,0.6,0.0,0.333,0.0,0.25,0.5,1.0,0.0,0.0,0.25,0.0,0.0,35096.0
335,Josh Minott,6.6,0.833,0.389,0.417,0.028,0.0,0.167,0.533,0.714,0.4,0.0,0.0,0.333,0.75,1.0,0.278,10.0,0.5,0.333,0.0,1017781.0
336,Davion Mitchell,16.4,0.506,0.213,0.13,0.058,0.105,0.494,0.584,0.706,0.558,0.348,0.5,0.32,0.449,0.873,0.005,1.0,0.193,0.316,2.0,4833600.0
337,Donovan Mitchell,16.3,0.547,0.214,0.152,0.079,0.102,0.453,0.566,0.693,0.531,0.486,0.413,0.386,0.26,0.482,0.029,37.0,0.054,0.382,6.0,30913750.0
338,Evan Mobley,7.3,0.892,0.411,0.323,0.122,0.036,0.108,0.595,0.817,0.415,0.362,0.471,0.216,0.74,1.0,0.239,215.0,0.402,0.195,0.0,8478720.0
339,Isaiah Mobley,11.1,0.714,0.286,0.357,0.036,0.036,0.286,0.45,0.5,0.4,1.0,0.0,0.375,0.444,1.0,0.036,1.0,0.125,1.0,0.0,508891.0
340,Chima Moneke,2.2,1.0,1.0,0.0,0.0,0.0,0.0,0.5,0.5,0.0,0.0,0.0,0.0,1.0,0.0,0.0,0.0,0.0,0.0,0.0,500000.0
341,Malik Monk,15.8,0.5,0.217,0.185,0.064,0.034,0.5,0.538,0.699,0.422,0.333,0.519,0.359,0.528,0.832,0.05,34.0,0.171,0.441,2.0,9472219.0
342,Moses Moody,17.1,0.405,0.225,0.132,0.031,0.018,0.595,0.641,0.725,0.5,0.429,1.0,0.363,0.695,0.98,0.101,19.0,0.348,0.34,1.0,3740160.0
343,Xavier Moon,18.1,0.667,0.0,0.111,0.222,0.333,0.333,0.333,0.0,1.0,0.0,0.333,0.333,0.0,1.0,0.0,0.0,0.333,0.0,0.0,116986.0
344,Wendell Moore Jr.,11.8,0.605,0.419,0.116,0.047,0.023,0.395,0.615,0.778,0.4,0.0,0.0,0.118,0.438,1.0,0.0,0.0,0.412,0.143,0.0,2306520.0
345,Ja Morant,11.1,0.753,0.289,0.295,0.144,0.025,0.247,0.519,0.652,0.419,0.463,0.467,0.307,0.181,0.533,0.058,55.0,0.1,0.433,3.0,12119440.0
346,Marcus Morris,18.2,0.521,0.07,0.118,0.199,0.134,0.479,0.484,0.711,0.5,0.414,0.453,0.364,0.414,0.955,0.008,5.0,0.231,0.31,2.0,16372093.0
347,Markieff Morris,19.7,0.383,0.061,0.087,0.157,0.078,0.617,0.432,0.571,0.2,0.556,0.333,0.394,0.737,1.0,0.009,1.0,0.31,0.409,0.0,2905851.0
348,Monte Morris,16.2,0.604,0.118,0.21,0.142,0.134,0.396,0.543,0.754,0.509,0.493,0.464,0.382,0.29,0.769,0.0,0.0,0.245,0.4,1.0,9125000.0
349,Trey Murphy III,18.0,0.379,0.203,0.129,0.02,0.028,0.621,0.611,0.759,0.495,0.188,0.364,0.406,0.67,0.96,0.124,85.0,0.268,0.429,1.0,3206520.0
350,Dejounte Murray,14.6,0.707,0.159,0.158,0.232,0.158,0.293,0.514,0.7,0.433,0.461,0.486,0.344,0.194,0.729,0.016,21.0,0.225,0.437,0.0,17071120.0
351,Jamal Murray,16.5,0.585,0.147,0.161,0.134,0.143,0.415,0.494,0.673,0.44,0.46,0.403,0.398,0.329,0.605,0.019,18.0,0.123,0.491,8.0,31650600.0
352,Keegan Murray,18.1,0.359,0.18,0.107,0.042,0.029,0.641,0.527,0.674,0.357,0.455,0.348,0.411,0.709,0.976,0.058,39.0,0.285,0.434,0.0,8008440.0
353,Mike Muscala,20.6,0.291,0.096,0.072,0.082,0.041,0.709,0.588,0.643,0.667,0.5,0.5,0.391,0.86,0.988,0.021,5.0,0.242,0.4,0.0,3500000.0
354,Svi Mykhailiuk,17.2,0.428,0.208,0.104,0.064,0.052,0.572,0.473,0.667,0.167,0.455,0.333,0.424,0.543,0.833,0.029,5.0,0.354,0.429,0.0,3846895.0
355,Larry Nance Jr.,6.9,0.862,0.482,0.292,0.059,0.03,0.138,0.654,0.769,0.551,0.389,0.333,0.333,0.762,1.0,0.223,66.0,0.571,0.417,0.0,9672727.0
356,Andrew Nembhard,15.4,0.592,0.172,0.182,0.169,0.068,0.408,0.504,0.721,0.436,0.376,0.455,0.35,0.406,0.913,0.002,1.0,0.266,0.357,1.0,2244111.0
357,Aaron Nesmith,15.5,0.468,0.249,0.136,0.063,0.02,0.532,0.496,0.639,0.263,0.486,0.333,0.366,0.701,0.965,0.042,22.0,0.424,0.383,0.0,3804360.0
358,Raul Neto,13.2,0.618,0.345,0.155,0.082,0.036,0.382,0.662,0.711,0.471,1.0,0.25,0.286,0.444,0.917,0.0,0.0,0.19,0.625,1.0,2463490.0
359,Georges Niang,20.8,0.235,0.096,0.112,0.024,0.004,0.765,0.576,0.688,0.536,0.333,0.5,0.401,0.75,1.0,0.0,0.0,0.19,0.534,0.0,3465000.0
360,Daishen Nix,17.4,0.409,0.19,0.194,0.004,0.021,0.591,0.423,0.489,0.37,1.0,0.2,0.286,0.439,0.825,0.013,2.0,0.15,0.238,3.0,1563518.0
361,Zeke Nnaji,9.9,0.668,0.52,0.138,0.0,0.01,0.332,0.71,0.794,0.407,0.0,0.5,0.262,0.72,1.0,0.168,32.0,0.369,0.25,2.0,2617800.0
362,Nerlens Noel,9.8,0.944,0.25,0.25,0.306,0.139,0.056,0.353,0.444,0.222,0.364,0.4,0.5,0.833,1.0,0.028,0.0,0.0,0.0,0.0,9391069.0
363,Jaylen Nowell,13.5,0.629,0.251,0.213,0.134,0.03,0.371,0.542,0.662,0.429,0.536,0.368,0.289,0.469,0.716,0.024,11.0,0.155,0.222,4.0,1930681.0
364,Frank Ntilikina,16.9,0.492,0.144,0.159,0.091,0.098,0.508,0.477,0.579,0.238,0.417,0.769,0.254,0.581,0.941,0.0,0.0,0.343,0.13,1.0,2036318.0
365,Kendrick Nunn,17.0,0.504,0.127,0.18,0.127,0.071,0.496,0.493,0.667,0.395,0.474,0.469,0.354,0.366,0.696,0.022,8.0,0.229,0.333,1.0,5250000.0
366,Jusuf Nurkić,8.6,0.764,0.451,0.279,0.018,0.016,0.236,0.567,0.645,0.447,0.556,0.5,0.361,0.594,1.0,0.044,21.0,0.126,0.333,0.0,15625000.0
367,Jordan Nwora,15.5,0.526,0.231,0.153,0.074,0.067,0.474,0.462,0.573,0.441,0.364,0.233,0.408,0.565,0.93,0.04,15.0,0.284,0.4,0.0,2800000.0
368,Royce O'Neale,19.6,0.293,0.155,0.118,0.015,0.005,0.707,0.379,0.489,0.271,0.222,0.0,0.389,0.394,0.975,0.01,5.0,0.15,0.349,3.0,9200000.0
369,Chuma Okeke,19.6,0.295,0.164,0.057,0.049,0.025,0.705,0.472,0.7,0.143,0.167,0.333,0.302,0.588,0.923,0.049,4.0,0.198,0.471,0.0,3433320.0
370,Josh Okogie,14.4,0.524,0.28,0.155,0.051,0.039,0.476,0.442,0.56,0.297,0.286,0.375,0.335,0.448,0.939,0.087,25.0,0.462,0.319,0.0,1968175.0
371,Onyeka Okongwu,4.6,0.974,0.61,0.239,0.05,0.074,0.026,0.647,0.762,0.445,0.56,0.405,0.308,0.712,1.0,0.209,96.0,0.769,0.4,1.0,6395160.0
372,Isaac Okoro,12.8,0.517,0.376,0.133,0.006,0.003,0.483,0.617,0.684,0.426,1.0,0.0,0.363,0.752,0.952,0.099,31.0,0.854,0.377,0.0,7040880.0
373,KZ Okpala,16.0,0.447,0.158,0.237,0.026,0.026,0.553,0.529,0.833,0.333,0.0,1.0,0.333,0.667,1.0,0.053,2.0,0.524,0.455,0.0,1902133.0
374,Victor Oladipo,17.2,0.474,0.149,0.159,0.109,0.057,0.526,0.471,0.533,0.5,0.318,0.522,0.33,0.289,0.614,0.012,4.0,0.198,0.19,1.0,8750000.0
375,Kelly Olynyk,14.5,0.576,0.223,0.268,0.048,0.038,0.424,0.576,0.702,0.544,0.296,0.429,0.394,0.643,0.968,0.025,13.0,0.203,0.438,0.0,12804878.0
376,Eugene Omoruyi,11.7,0.61,0.404,0.18,0.013,0.013,0.39,0.547,0.707,0.244,0.333,0.0,0.281,0.618,1.0,0.053,11.0,0.472,0.333,1.0,1013119.0
377,Cedi Osman,16.8,0.411,0.27,0.102,0.025,0.015,0.589,0.564,0.727,0.222,0.538,0.0,0.372,0.764,0.879,0.013,7.0,0.253,0.43,2.0,7426088.0
378,Kelly Oubre Jr.,13.8,0.586,0.252,0.206,0.093,0.035,0.414,0.51,0.66,0.361,0.447,0.483,0.319,0.539,0.917,0.067,47.0,0.295,0.41,0.0,12600000.0
379,Chris Paul,18.0,0.609,0.025,0.127,0.302,0.154,0.391,0.482,0.588,0.447,0.485,0.485,0.375,0.163,0.551,0.0,0.0,0.073,0.421,1.0,28400000.0
380,Cameron Payne,15.8,0.592,0.124,0.267,0.146,0.055,0.408,0.448,0.607,0.388,0.439,0.4,0.368,0.3,0.662,0.0,0.0,0.097,0.333,3.0,6000000.0
381,Gary Payton II,10.5,0.623,0.449,0.159,0.014,0.0,0.377,0.651,0.677,0.636,0.0,0.0,0.5,0.714,1.0,0.087,3.0,0.769,0.55,0.0,8300000.0
382,Theo Pinson,19.6,0.287,0.126,0.126,0.023,0.011,0.713,0.36,0.364,0.364,0.5,0.0,0.355,0.778,0.818,0.023,1.0,0.145,0.556,0.0,1968175.0
383,Scotty Pippen Jr.,11.8,0.75,0.167,0.333,0.167,0.083,0.25,0.333,0.5,0.5,0.0,0.0,0.333,0.333,0.0,0.0,0.0,0.333,0.0,0.0,508891.0
384,Mason Plumlee,2.7,1.0,0.707,0.25,0.033,0.01,0.0,0.68,0.766,0.463,0.5,0.6,0.0,0.657,0.0,0.26,115.0,0.0,0.0,0.0,9080417.0
385,Jakob Poeltl,4.8,0.998,0.494,0.366,0.138,0.002,0.002,0.63,0.761,0.518,0.471,0.0,0.0,0.656,0.0,0.045,27.0,0.0,0.0,1.0,9398148.0
386,Aleksej Pokusevski,13.2,0.582,0.305,0.201,0.052,0.024,0.418,0.483,0.645,0.3,0.308,0.333,0.365,0.6,0.974,0.056,14.0,0.279,0.379,0.0,3261480.0
387,Jordan Poole,17.3,0.502,0.134,0.21,0.081,0.077,0.498,0.524,0.696,0.517,0.379,0.398,0.336,0.446,0.701,0.024,27.0,0.118,0.333,8.0,3901399.0
388,Kevin Porter Jr.,15.7,0.564,0.153,0.221,0.115,0.076,0.436,0.501,0.711,0.385,0.461,0.478,0.366,0.18,0.525,0.054,41.0,0.117,0.489,1.0,3217631.0
389,Michael Porter Jr.,18.0,0.444,0.168,0.103,0.062,0.111,0.556,0.579,0.803,0.429,0.431,0.462,0.414,0.767,0.926,0.053,40.0,0.187,0.518,2.0,30913750.0
390,Otto Porter Jr.,18.8,0.433,0.133,0.1,0.033,0.167,0.567,0.692,1.0,1.0,0.0,0.4,0.353,0.556,1.0,0.0,0.0,0.235,0.25,0.0,6000000.0
391,Bobby Portis,13.3,0.68,0.23,0.202,0.172,0.076,0.32,0.555,0.643,0.549,0.471,0.492,0.37,0.597,1.0,0.025,17.0,0.35,0.278,1.0,10843350.0
392,Kristaps Porziņģis,15.1,0.65,0.166,0.228,0.162,0.094,0.35,0.559,0.74,0.534,0.491,0.417,0.385,0.622,0.949,0.095,83.0,0.053,0.526,2.0,33833400.0
393,Micah Potter,14.3,0.533,0.2,0.333,0.0,0.0,0.467,0.75,1.0,0.6,0.0,0.0,0.571,0.667,1.0,0.133,2.0,0.143,1.0,0.0,508891.0
394,Dwight Powell,2.5,0.981,0.799,0.167,0.004,0.011,0.019,0.746,0.791,0.578,0.0,0.333,0.0,0.787,0.0,0.316,76.0,0.4,0.0,0.0,11080125.0
395,Norman Powell,14.1,0.596,0.241,0.207,0.087,0.061,0.404,0.534,0.684,0.456,0.419,0.372,0.397,0.527,0.877,0.025,16.0,0.317,0.484,1.0,16758621.0
396,Jason Preston,17.1,0.561,0.122,0.293,0.122,0.024,0.439,0.565,0.8,0.417,0.6,1.0,0.278,0.308,0.6,0.0,0.0,0.222,0.5,1.0,1563518.0
397,Joshua Primo,17.0,0.538,0.038,0.308,0.115,0.077,0.462,0.429,1.0,0.375,0.333,0.5,0.25,0.333,0.667,0.077,1.0,0.25,0.333,0.0,12196094.0
398,Taurean Prince,15.7,0.488,0.216,0.172,0.047,0.053,0.512,0.557,0.671,0.462,0.667,0.3,0.381,0.748,0.946,0.013,4.0,0.418,0.432,1.0,7100000.0
399,Payton Pritchard,19.2,0.371,0.167,0.118,0.033,0.053,0.629,0.495,0.61,0.414,0.375,0.385,0.364,0.444,0.875,0.004,0.0,0.195,0.3,3.0,2239200.0
400,Trevelin Queen,15.6,0.483,0.31,0.138,0.0,0.034,0.517,0.357,0.556,0.0,0.0,0.0,0.133,0.6,1.0,0.034,0.0,0.133,0.5,0.0,838891.0
401,Neemias Queta,3.0,1.0,0.444,0.556,0.0,0.0,0.0,0.667,0.75,0.6,0.0,0.0,0.0,0.833,0.0,0.444,4.0,0.0,0.0,0.0,508891.0
402,Immanuel Quickley,16.5,0.515,0.127,0.205,0.127,0.056,0.485,0.521,0.681,0.5,0.471,0.346,0.37,0.263,0.72,0.009,8.0,0.271,0.366,1.0,2316240.0
403,Lester Quinones,22.3,0.2,0.0,0.2,0.0,0.0,0.8,0.0,0.0,0.0,0.0,0.0,0.5,0.0,0.5,0.0,0.0,0.25,0.0,0.0,129405.0
404,Julius Randle,15.3,0.556,0.22,0.149,0.123,0.064,0.444,0.553,0.679,0.519,0.443,0.407,0.343,0.382,0.752,0.051,62.0,0.142,0.333,2.0,23760000.0
405,Austin Reaves,15.4,0.559,0.184,0.194,0.129,0.053,0.441,0.631,0.833,0.558,0.54,0.423,0.398,0.405,0.86,0.016,8.0,0.264,0.368,2.0,1563518.0
406,Cam Reddish,14.0,0.538,0.272,0.196,0.054,0.016,0.462,0.56,0.659,0.492,0.412,0.2,0.313,0.723,0.867,0.038,12.0,0.34,0.367,2.0,5954454.0
407,Davon Reed,18.6,0.452,0.095,0.131,0.095,0.131,0.548,0.289,0.375,0.182,0.125,0.455,0.37,0.455,0.941,0.024,1.0,0.304,0.357,0.0,1902133.0
408,Paul Reed,4.0,0.971,0.665,0.22,0.057,0.029,0.029,0.606,0.712,0.37,0.333,0.5,0.167,0.691,1.0,0.153,27.0,0.167,0.0,0.0,1782621.0
409,Naz Reid,11.8,0.624,0.341,0.256,0.023,0.003,0.376,0.653,0.812,0.466,0.385,0.5,0.346,0.655,1.0,0.066,33.0,0.175,0.263,0.0,1930681.0
410,Jared Rhoden,14.8,0.545,0.205,0.205,0.091,0.045,0.455,0.5,0.667,0.333,0.75,0.0,0.25,0.583,1.0,0.045,2.0,0.4,0.375,0.0,307089.0
411,Nick Richards,2.6,0.997,0.741,0.227,0.019,0.01,0.003,0.628,0.741,0.282,0.5,0.333,1.0,0.638,1.0,0.3,82.0,0.0,0.0,0.0,1782621.0
412,Josh Richardson,18.8,0.471,0.09,0.108,0.164,0.108,0.529,0.506,0.66,0.467,0.429,0.533,0.365,0.432,0.916,0.011,5.0,0.16,0.447,1.0,4144320.0
413,Austin Rivers,15.7,0.411,0.201,0.191,0.019,0.0,0.589,0.558,0.786,0.35,0.25,0.0,0.35,0.354,0.907,0.019,3.0,0.659,0.42,0.0,2905851.0
414,Duncan Robinson,22.3,0.19,0.055,0.089,0.034,0.013,0.81,0.556,0.769,0.476,0.5,0.333,0.328,0.92,1.0,0.0,0.0,0.188,0.306,0.0,16902000.0
415,Mitchell Robinson,1.2,1.0,0.918,0.075,0.004,0.004,0.0,0.671,0.7,0.333,1.0,0.0,0.0,0.574,0.0,0.521,130.0,0.0,0.0,0.0,17045454.0
416,Orlando Robinson,5.3,0.933,0.416,0.472,0.034,0.011,0.067,0.566,0.757,0.452,0.0,0.0,0.0,0.574,0.0,0.09,6.0,0.5,0.0,0.0,386055.0
417,Jeremiah Robinson-Earl,12.9,0.552,0.395,0.101,0.02,0.036,0.448,0.533,0.612,0.32,0.6,0.222,0.333,0.795,1.0,0.085,18.0,0.351,0.333,0.0,2000000.0
418,Isaiah Roby,13.1,0.613,0.265,0.277,0.026,0.045,0.387,0.516,0.707,0.395,0.25,0.286,0.3,0.612,1.0,0.084,12.0,0.183,0.364,0.0,2330681.0
419,David Roddy,14.5,0.495,0.271,0.183,0.026,0.014,0.505,0.553,0.711,0.351,0.545,0.167,0.307,0.609,0.969,0.057,22.0,0.415,0.341,1.0,2588640.0
420,Ryan Rollins,13.1,0.55,0.35,0.15,0.05,0.0,0.45,0.364,0.429,0.333,0.0,0.0,0.333,0.25,0.667,0.0,0.0,0.556,0.2,0.0,1017781.0
421,Derrick Rose,14.2,0.604,0.189,0.258,0.094,0.063,0.396,0.438,0.567,0.366,0.467,0.3,0.302,0.333,0.737,0.0,0.0,0.19,0.333,0.0,14520730.0
422,Terrence Ross,19.7,0.445,0.037,0.08,0.178,0.151,0.555,0.507,0.706,0.514,0.398,0.586,0.368,0.629,0.937,0.019,6.0,0.264,0.441,0.0,11500000.0
423,Terry Rozier,15.1,0.575,0.194,0.199,0.101,0.081,0.425,0.48,0.622,0.376,0.467,0.417,0.327,0.326,0.655,0.003,3.0,0.289,0.301,2.0,21486316.0
424,Ricky Rubio,16.4,0.539,0.157,0.09,0.242,0.051,0.461,0.417,0.429,0.188,0.488,0.444,0.256,0.375,0.952,0.0,0.0,0.439,0.306,1.0,5853659.0
425,D'Angelo Russell,17.6,0.483,0.129,0.137,0.133,0.084,0.517,0.548,0.721,0.492,0.484,0.475,0.396,0.315,0.68,0.0,0.0,0.102,0.4,0.0,31377750.0
426,Matt Ryan,22.2,0.222,0.046,0.046,0.009,0.12,0.778,0.333,0.8,0.2,0.0,0.231,0.381,0.75,1.0,0.0,0.0,0.345,0.552,0.0,806097.0
427,Domantas Sabonis,6.3,0.912,0.493,0.318,0.044,0.058,0.088,0.639,0.762,0.5,0.512,0.444,0.373,0.581,1.0,0.094,81.0,0.12,0.2,1.0,21100000.0
428,Luka Šamanić,15.4,0.456,0.246,0.175,0.018,0.018,0.544,0.692,0.786,0.7,0.0,0.0,0.258,0.778,1.0,0.088,5.0,0.226,0.286,0.0,538317.0
429,Dario Šarić,14.0,0.585,0.242,0.224,0.072,0.047,0.415,0.506,0.731,0.403,0.3,0.154,0.391,0.671,1.0,0.004,0.0,0.252,0.448,0.0,9240000.0
430,Olivier Sarr,8.3,0.733,0.6,0.1,0.033,0.0,0.267,0.636,0.611,0.667,1.0,0.0,0.125,0.929,1.0,0.4,10.0,0.125,0.0,0.0,257371.0
431,Jordan Schakel,16.1,0.5,0.0,0.5,0.0,0.0,0.5,0.0,0.0,0.0,0.0,0.0,1.0,0.0,1.0,0.0,0.0,0.0,0.0,0.0,96514.0
432,Admiral Schofield,16.4,0.393,0.221,0.164,0.008,0.0,0.607,0.646,0.704,0.6,0.0,0.0,0.324,0.645,0.958,0.008,0.0,0.351,0.385,0.0,877940.0
433,Dennis Schröder,14.4,0.654,0.168,0.208,0.18,0.098,0.346,0.461,0.55,0.422,0.462,0.391,0.329,0.25,0.905,0.0,0.0,0.258,0.345,0.0,2641682.0
434,Jay Scrubb,9.7,0.714,0.429,0.286,0.0,0.0,0.286,0.6,0.667,0.5,0.0,0.0,1.0,0.333,0.5,0.143,1.0,0.5,1.0,0.0,49719.0
435,Dereon Seabron,5.6,1.0,0.4,0.6,0.0,0.0,0.0,0.4,1.0,0.0,0.0,0.0,0.0,0.5,0.0,0.2,1.0,0.0,0.0,0.0,511816.0
436,Alperen Şengün,6.0,0.929,0.395,0.464,0.053,0.016,0.071,0.57,0.677,0.499,0.476,0.308,0.333,0.499,1.0,0.109,77.0,0.035,0.0,1.0,3375360.0
437,Collin Sexton,11.1,0.739,0.256,0.355,0.09,0.038,0.261,0.546,0.608,0.506,0.595,0.389,0.393,0.328,0.729,0.021,7.0,0.205,0.44,0.0,16700000.0
438,Landry Shamet,19.6,0.337,0.137,0.067,0.077,0.057,0.663,0.376,0.537,0.25,0.261,0.294,0.377,0.605,0.88,0.013,2.0,0.226,0.467,1.0,9500000.0
439,Day'Ron Sharpe,3.8,0.936,0.684,0.228,0.018,0.006,0.064,0.544,0.641,0.282,0.333,0.0,0.545,0.632,0.833,0.228,32.0,0.091,0.0,0.0,2109480.0
440,Shaedon Sharpe,15.0,0.563,0.289,0.114,0.049,0.111,0.437,0.559,0.711,0.392,0.313,0.444,0.36,0.559,0.882,0.108,62.0,0.322,0.407,2.0,6012960.0
441,Pascal Siakam,12.3,0.781,0.193,0.299,0.162,0.128,0.219,0.523,0.751,0.469,0.469,0.375,0.324,0.317,0.86,0.026,33.0,0.202,0.362,3.0,35448672.0
442,Chris Silva,7.4,1.0,0.0,1.0,0.0,0.0,0.0,1.0,0.0,1.0,0.0,0.0,0.0,0.0,0.0,0.0,0.0,0.0,0.0,0.0,211045.0
443,Ben Simmons,4.8,0.991,0.43,0.464,0.094,0.004,0.009,0.571,0.713,0.468,0.455,0.0,0.0,0.617,0.0,0.157,32.0,0.0,0.0,0.0,35448672.0
444,Kobi Simmons,22.2,0.167,0.167,0.0,0.0,0.0,0.833,0.0,0.0,0.0,0.0,0.0,0.2,0.0,1.0,0.0,0.0,0.0,0.0,0.0,32795.0
445,Marko Simonovic,18.5,0.429,0.0,0.429,0.0,0.0,0.571,0.333,0.0,0.333,0.0,0.0,0.25,1.0,1.0,0.0,0.0,0.0,0.0,0.0,1563518.0
446,Anfernee Simons,17.9,0.462,0.166,0.124,0.092,0.08,0.538,0.528,0.647,0.431,0.542,0.417,0.377,0.29,0.684,0.029,26.0,0.107,0.4,1.0,22321429.0
447,Jericho Sims,2.5,0.991,0.832,0.103,0.056,0.0,0.009,0.783,0.831,0.545,0.5,0.0,0.0,0.711,0.0,0.626,61.0,0.0,0.0,1.0,1639842.0
448,Marcus Smart,17.5,0.432,0.143,0.204,0.058,0.027,0.568,0.519,0.733,0.431,0.429,0.25,0.336,0.274,0.852,0.008,4.0,0.196,0.343,3.0,17207142.0
449,Dennis Smith Jr.,11.4,0.754,0.33,0.232,0.093,0.1,0.246,0.475,0.664,0.343,0.357,0.267,0.216,0.42,0.958,0.053,22.0,0.225,0.28,1.0,2133278.0
450,Dru Smith,14.9,0.578,0.178,0.2,0.178,0.022,0.422,0.5,0.5,0.556,0.5,0.0,0.263,0.308,1.0,0.0,0.0,0.368,0.429,0.0,374357.0
451,Ish Smith,13.4,0.908,0.115,0.16,0.275,0.359,0.092,0.42,0.533,0.524,0.333,0.404,0.167,0.26,1.0,0.0,0.0,0.167,0.0,0.0,4725000.0
452,Jabari Smith Jr.,16.2,0.562,0.155,0.178,0.12,0.109,0.438,0.487,0.725,0.39,0.458,0.34,0.307,0.648,0.883,0.054,42.0,0.176,0.348,1.0,8882640.0
453,Jalen Smith,12.5,0.624,0.352,0.185,0.037,0.049,0.376,0.593,0.765,0.404,0.158,0.4,0.283,0.734,1.0,0.085,42.0,0.304,0.276,0.0,4670160.0
454,Xavier Sneed,17.6,0.4,0.2,0.1,0.1,0.0,0.6,0.5,1.0,0.0,0.0,0.0,0.5,1.0,1.0,0.1,1.0,0.167,1.0,0.0,102910.0
455,Jeremy Sochan,10.4,0.757,0.341,0.279,0.085,0.053,0.243,0.519,0.665,0.39,0.447,0.379,0.246,0.59,1.0,0.127,60.0,0.254,0.147,5.0,5063520.0
456,Jaden Springer,8.9,0.857,0.343,0.257,0.2,0.057,0.143,0.5,0.75,0.444,0.286,0.0,0.4,0.333,0.5,0.086,3.0,0.4,0.0,0.0,2125200.0
457,Lamar Stevens,11.7,0.67,0.34,0.16,0.139,0.031,0.33,0.513,0.653,0.326,0.45,0.222,0.316,0.788,1.0,0.108,25.0,0.642,0.262,0.0,1782621.0
458,Isaiah Stewart,13.5,0.535,0.302,0.209,0.009,0.016,0.465,0.542,0.571,0.478,0.5,0.857,0.327,0.688,1.0,0.075,29.0,0.327,0.328,0.0,3433320.0
459,Max Strus,19.5,0.287,0.138,0.115,0.023,0.011,0.713,0.559,0.679,0.484,0.444,0.111,0.35,0.709,0.949,0.025,17.0,0.274,0.461,0.0,1815677.0
460,Jalen Suggs,15.8,0.545,0.23,0.162,0.077,0.077,0.455,0.496,0.588,0.472,0.324,0.441,0.327,0.317,0.712,0.016,5.0,0.134,0.407,2.0,6922320.0
461,Edmond Sumner,11.2,0.677,0.316,0.268,0.052,0.041,0.323,0.511,0.624,0.389,0.357,0.636,0.356,0.634,0.903,0.033,9.0,0.529,0.348,0.0,1968175.0
462,Cole Swider,24.2,0.111,0.0,0.0,0.111,0.0,0.889,0.0,0.0,0.0,0.0,0.0,0.375,0.0,1.0,0.0,0.0,0.25,1.0,0.0,508891.0
463,Jae'Sean Tate,8.5,0.799,0.306,0.437,0.044,0.013,0.201,0.53,0.614,0.5,0.3,0.333,0.283,0.351,0.923,0.009,1.0,0.348,0.313,1.0,7065217.0
464,Jayson Tatum,14.8,0.56,0.235,0.208,0.058,0.06,0.44,0.558,0.738,0.457,0.389,0.366,0.35,0.515,0.646,0.065,91.0,0.08,0.455,0.0,30351780.0
465,Terry Taylor,9.0,0.747,0.453,0.24,0.04,0.013,0.253,0.607,0.765,0.389,0.333,0.0,0.263,0.618,1.0,0.053,4.0,0.421,0.25,0.0,1703902.0
466,Garrett Temple,17.3,0.422,0.311,0.022,0.044,0.044,0.578,0.368,0.5,0.0,0.0,0.0,0.423,0.429,1.0,0.0,0.0,0.231,0.333,1.0,5155500.0
467,Dalen Terry,11.6,0.625,0.431,0.139,0.0,0.056,0.375,0.556,0.581,0.5,0.0,0.5,0.259,0.32,0.714,0.042,1.0,0.444,0.25,0.0,3191400.0
468,Daniel Theis,10.4,0.75,0.409,0.205,0.136,0.0,0.25,0.576,0.611,0.667,0.333,0.0,0.182,0.947,1.0,0.136,6.0,0.182,0.5,1.0,8694369.0
469,Cam Thomas,14.6,0.708,0.125,0.226,0.228,0.129,0.292,0.464,0.684,0.466,0.346,0.458,0.383,0.327,0.451,0.011,5.0,0.105,0.5,0.0,2138160.0
470,Klay Thompson,19.6,0.416,0.058,0.123,0.114,0.121,0.584,0.47,0.694,0.513,0.378,0.408,0.412,0.727,0.89,0.011,11.0,0.17,0.403,0.0,40600080.0
471,JT Thor,15.8,0.483,0.193,0.164,0.088,0.038,0.517,0.487,0.565,0.487,0.381,0.333,0.317,0.679,0.974,0.05,11.0,0.553,0.382,0.0,1563518.0
472,Matisse Thybulle,15.8,0.415,0.265,0.138,0.012,0.0,0.585,0.533,0.642,0.343,0.333,0.0,0.365,0.768,0.981,0.091,21.0,0.493,0.37,1.0,4379526.0
473,Xavier Tillman Sr.,5.5,0.951,0.516,0.31,0.111,0.013,0.049,0.632,0.753,0.516,0.441,0.25,0.267,0.712,1.0,0.095,24.0,0.533,0.125,0.0,1782621.0
474,Isaiah Todd,17.1,0.474,0.053,0.368,0.0,0.053,0.526,0.222,0.0,0.286,0.0,0.0,0.1,1.0,1.0,0.053,0.0,0.2,0.0,0.0,1575000.0
475,Obi Toppin,16.0,0.411,0.289,0.095,0.019,0.007,0.589,0.593,0.736,0.25,0.125,0.667,0.344,0.863,0.965,0.148,52.0,0.47,0.353,2.0,5348280.0
476,Juan Toscano-Anderson,11.2,0.699,0.294,0.308,0.063,0.035,0.301,0.56,0.667,0.5,0.333,0.6,0.186,0.661,1.0,0.035,4.0,0.465,0.2,1.0,2133278.0
477,Karl-Anthony Towns,14.0,0.617,0.201,0.292,0.056,0.068,0.383,0.576,0.791,0.48,0.333,0.552,0.366,0.599,0.967,0.044,17.0,0.104,0.176,0.0,33833400.0
478,Gary Trent Jr.,17.8,0.519,0.117,0.129,0.121,0.152,0.481,0.493,0.706,0.471,0.46,0.373,0.369,0.498,0.861,0.024,20.0,0.178,0.288,0.0,17280000.0
479,P.J. Tucker,16.5,0.378,0.173,0.151,0.036,0.018,0.622,0.482,0.487,0.441,0.5,0.75,0.393,0.732,0.982,0.0,0.0,0.914,0.398,0.0,10490000.0
480,Myles Turner,12.3,0.66,0.307,0.254,0.071,0.029,0.34,0.638,0.773,0.522,0.615,0.286,0.373,0.773,0.968,0.095,67.0,0.096,0.458,0.0,35096500.0
481,Stanley Umude,24.8,0.0,0.0,0.0,0.0,0.0,1.0,0.0,0.0,0.0,0.0,0.0,0.0,0.0,0.0,0.0,0.0,1.0,0.0,0.0,58493.0
482,Jonas Valančiūnas,8.2,0.866,0.364,0.33,0.134,0.039,0.134,0.577,0.727,0.498,0.44,0.313,0.349,0.578,1.0,0.086,67.0,0.046,0.2,0.0,14700000.0
483,Jarred Vanderbilt,7.7,0.8,0.479,0.282,0.031,0.009,0.2,0.604,0.718,0.449,0.214,0.75,0.322,0.679,1.0,0.213,90.0,0.878,0.354,0.0,4374000.0
484,Fred VanVleet,18.6,0.455,0.12,0.144,0.091,0.101,0.545,0.455,0.586,0.375,0.406,0.455,0.342,0.187,0.594,0.0,0.0,0.122,0.419,6.0,21250000.0
485,Devin Vassell,17.6,0.553,0.141,0.081,0.176,0.155,0.447,0.48,0.643,0.333,0.41,0.489,0.387,0.456,0.883,0.035,17.0,0.165,0.477,3.0,4437000.0
486,Gabe Vincent,19.0,0.383,0.093,0.138,0.09,0.062,0.617,0.512,0.547,0.462,0.451,0.657,0.334,0.432,0.735,0.002,1.0,0.323,0.381,0.0,1815677.0
487,Noah Vonleh,6.8,0.833,0.458,0.292,0.083,0.0,0.167,0.5,0.727,0.143,0.5,0.0,0.25,0.2,1.0,0.208,5.0,0.75,0.333,0.0,1160955.0
488,Nikola Vučević,12.8,0.698,0.235,0.258,0.126,0.078,0.302,0.594,0.704,0.601,0.462,0.456,0.349,0.735,1.0,0.039,37.0,0.124,0.465,0.0,22000000.0
489,Dean Wade,19.1,0.282,0.164,0.062,0.045,0.011,0.718,0.56,0.759,0.364,0.25,0.0,0.354,0.821,1.0,0.04,6.0,0.409,0.404,0.0,1930681.0
490,Franz Wagner,12.0,0.678,0.27,0.311,0.063,0.034,0.322,0.544,0.728,0.42,0.414,0.447,0.361,0.464,0.8,0.03,29.0,0.172,0.435,4.0,5258280.0
491,Moritz Wagner,12.2,0.588,0.379,0.189,0.008,0.013,0.412,0.631,0.733,0.453,0.333,0.4,0.313,0.782,0.98,0.134,42.0,0.178,0.31,0.0,1878720.0
492,Ish Wainright,19.8,0.238,0.15,0.075,0.009,0.004,0.762,0.5,0.529,0.471,0.5,0.0,0.329,0.519,0.982,0.026,3.0,0.514,0.337,2.0,980057.0
493,Jabari Walker,10.5,0.717,0.404,0.197,0.071,0.045,0.283,0.472,0.6,0.256,0.357,0.444,0.286,0.716,0.938,0.116,19.0,0.232,0.154,0.0,1017781.0
494,Kemba Walker,16.5,0.509,0.211,0.123,0.088,0.088,0.491,0.586,0.583,0.571,0.6,0.6,0.25,0.176,0.429,0.0,0.0,0.071,0.0,0.0,37281261.0
495,Lonnie Walker IV,15.7,0.528,0.195,0.188,0.055,0.089,0.472,0.522,0.699,0.404,0.345,0.489,0.365,0.572,0.923,0.055,24.0,0.273,0.412,2.0,6479000.0
496,John Wall,14.5,0.678,0.213,0.216,0.08,0.169,0.322,0.459,0.597,0.466,0.37,0.316,0.303,0.143,0.939,0.012,4.0,0.101,0.273,0.0,47345760.0
497,T.J. Warren,13.0,0.752,0.156,0.252,0.237,0.107,0.248,0.542,0.714,0.471,0.484,0.586,0.328,0.664,0.955,0.019,5.0,0.403,0.296,0.0,2628597.0
498,Duane Washington Jr.,16.8,0.566,0.117,0.199,0.133,0.117,0.434,0.372,0.467,0.333,0.353,0.367,0.36,0.222,0.625,0.0,0.0,0.189,0.333,2.0,628802.0
499,P.J. Washington,14.8,0.562,0.198,0.242,0.06,0.061,0.438,0.518,0.691,0.451,0.424,0.317,0.348,0.74,0.919,0.05,45.0,0.22,0.351,1.0,5808435.0
500,TyTy Washington Jr.,17.5,0.5,0.056,0.213,0.181,0.05,0.5,0.488,0.444,0.5,0.517,0.375,0.238,0.436,0.789,0.0,0.0,0.238,0.316,0.0,2210040.0
501,Yuta Watanabe,16.4,0.418,0.224,0.138,0.017,0.039,0.582,0.557,0.769,0.281,0.25,0.444,0.444,0.722,1.0,0.06,13.0,0.533,0.514,1.0,1968175.0
502,Lindy Waters III,23.8,0.09,0.062,0.011,0.011,0.006,0.91,0.75,0.727,0.5,1.0,1.0,0.358,0.583,0.931,0.0,0.0,0.185,0.5,1.0,2316876.0
503,Trendon Watford,8.9,0.802,0.35,0.359,0.08,0.012,0.198,0.602,0.681,0.56,0.462,0.5,0.391,0.641,1.0,0.019,5.0,0.125,0.25,0.0,1563518.0
504,Peyton Watson,9.3,0.763,0.305,0.39,0.068,0.0,0.237,0.511,0.722,0.348,0.5,0.0,0.429,0.652,1.0,0.119,6.0,0.429,0.5,0.0,2193960.0
505,Blake Wesley,11.8,0.758,0.279,0.233,0.126,0.121,0.242,0.301,0.517,0.14,0.222,0.192,0.385,0.306,0.95,0.065,12.0,0.269,0.5,1.0,2385480.0
506,Russell Westbrook,11.8,0.711,0.305,0.229,0.103,0.075,0.289,0.487,0.632,0.379,0.461,0.257,0.311,0.23,0.663,0.023,19.0,0.227,0.231,1.0,47080179.0
507,Coby White,17.8,0.421,0.2,0.096,0.072,0.052,0.579,0.54,0.672,0.386,0.465,0.419,0.372,0.348,0.961,0.008,4.0,0.148,0.412,1.0,7413955.0
508,Derrick White,16.1,0.484,0.16,0.22,0.08,0.024,0.516,0.548,0.719,0.461,0.508,0.333,0.381,0.502,0.899,0.018,11.0,0.284,0.387,0.0,17142857.0
509,Jack White,12.8,0.526,0.316,0.211,0.0,0.0,0.474,0.5,0.5,0.5,0.0,0.0,0.333,0.4,1.0,0.105,2.0,0.667,0.333,0.0,508891.0
510,Joe Wieskamp,20.9,0.143,0.143,0.0,0.0,0.0,0.857,0.0,0.0,0.0,0.0,0.0,0.25,0.0,1.0,0.0,0.0,0.583,0.286,0.0,2909261.0
511,Aaron Wiggins,10.6,0.664,0.383,0.264,0.014,0.003,0.336,0.573,0.705,0.396,0.4,0.0,0.393,0.696,0.958,0.055,18.0,0.459,0.286,1.0,1563518.0
512,Andrew Wiggins,15.4,0.575,0.157,0.244,0.07,0.104,0.425,0.53,0.711,0.504,0.378,0.418,0.396,0.621,0.955,0.055,25.0,0.2,0.356,0.0,33616770.0
513,Lindell Wigginton,16.1,0.514,0.189,0.189,0.054,0.081,0.486,0.632,0.857,0.429,0.5,0.667,0.333,0.083,1.0,0.0,0.0,0.111,0.5,0.0,99438.0
514,Alondes Williams,0.0,0.0,0.0,0.0,0.0,0.0,0.0,0.0,0.0,0.0,0.0,0.0,0.0,0.0,0.0,0.0,0.0,0.0,0.0,0.0,254446.0
515,Donovan Williams,12.1,0.6,0.2,0.4,0.0,0.0,0.4,0.667,1.0,0.5,0.0,0.0,0.0,0.5,0.0,0.0,0.0,0.5,0.0,0.0,239822.0
516,Grant Williams,17.5,0.389,0.137,0.2,0.046,0.006,0.611,0.546,0.738,0.463,0.364,0.333,0.395,0.594,0.957,0.032,15.0,0.416,0.421,2.0,4306281.0
517,Jalen Williams,10.4,0.742,0.377,0.246,0.073,0.047,0.258,0.579,0.726,0.436,0.448,0.351,0.356,0.416,0.904,0.106,77.0,0.146,0.367,2.0,4341480.0
518,Jaylin Williams,16.2,0.517,0.192,0.15,0.107,0.068,0.483,0.463,0.667,0.2,0.32,0.688,0.407,0.839,0.957,0.047,8.0,0.159,0.556,0.0,2000000.0
519,Jeenathan Williams,7.2,0.795,0.615,0.154,0.0,0.026,0.205,0.677,0.792,0.333,0.0,0.0,0.375,0.667,1.0,0.154,6.0,0.5,0.5,0.0,52644.0
520,Kenrich Williams,13.4,0.613,0.318,0.142,0.09,0.064,0.387,0.608,0.718,0.51,0.452,0.5,0.373,0.659,1.0,0.066,21.0,0.343,0.413,0.0,2000000.0
521,Mark Williams,3.1,1.0,0.673,0.267,0.048,0.012,0.0,0.637,0.751,0.388,0.417,0.667,0.0,0.681,0.0,0.303,71.0,0.0,0.0,0.0,3722040.0
522,Patrick Williams,14.6,0.591,0.258,0.112,0.12,0.1,0.409,0.498,0.64,0.316,0.432,0.412,0.415,0.633,0.983,0.118,59.0,0.39,0.463,0.0,7775400.0
523,Robert Williams,3.0,0.994,0.682,0.276,0.024,0.012,0.006,0.751,0.879,0.489,0.5,0.0,0.0,0.685,0.0,0.341,56.0,1.0,0.0,0.0,10714287.0
524,Vince Williams Jr.,17.8,0.3,0.25,0.05,0.0,0.0,0.7,0.667,0.7,0.5,0.0,0.0,0.143,0.75,1.0,0.0,0.0,0.393,0.091,0.0,508891.0
525,Ziaire Williams,15.6,0.505,0.25,0.107,0.102,0.046,0.495,0.596,0.776,0.381,0.5,0.333,0.258,0.78,0.88,0.128,21.0,0.433,0.286,1.0,4591680.0
526,Zion Williamson,4.1,0.959,0.618,0.307,0.026,0.009,0.041,0.618,0.721,0.438,0.5,0.0,0.368,0.457,0.857,0.113,42.0,0.0,0.0,0.0,13534817.0
527,Dylan Windler,17.4,0.333,0.333,0.0,0.0,0.0,0.667,1.0,1.0,0.0,0.0,0.0,0.5,1.0,1.0,0.0,0.0,0.5,1.0,0.0,4037277.0
528,Justise Winslow,9.8,0.773,0.348,0.288,0.106,0.03,0.227,0.438,0.551,0.386,0.286,0.167,0.311,0.567,1.0,0.02,3.0,0.444,0.3,0.0,4097561.0
529,James Wiseman,6.6,0.941,0.372,0.419,0.091,0.056,0.059,0.58,0.738,0.542,0.323,0.263,0.2,0.719,1.0,0.248,75.0,0.05,0.0,0.0,9603360.0
530,Christian Wood,12.8,0.637,0.304,0.208,0.062,0.062,0.363,0.594,0.697,0.569,0.417,0.354,0.376,0.615,0.971,0.124,86.0,0.165,0.326,2.0,14317459.0
531,Delon Wright,14.4,0.591,0.196,0.299,0.062,0.034,0.409,0.564,0.842,0.391,0.444,0.7,0.345,0.268,0.854,0.014,4.0,0.244,0.345,4.0,7804878.0
532,McKinley Wright IV,12.7,0.714,0.224,0.265,0.153,0.071,0.286,0.529,0.591,0.615,0.4,0.286,0.321,0.297,0.889,0.0,0.0,0.25,0.286,1.0,508891.0
533,Gabe York,22.0,0.143,0.143,0.0,0.0,0.0,0.857,0.667,0.667,0.0,0.0,0.0,0.333,0.5,1.0,0.0,0.0,0.278,0.6,0.0,32171.0
534,Thaddeus Young,7.9,0.828,0.364,0.409,0.04,0.015,0.172,0.622,0.806,0.494,0.25,0.667,0.176,0.549,1.0,0.051,10.0,0.706,0.208,1.0,8000000.0
535,Trae Young,15.0,0.669,0.159,0.245,0.15,0.116,0.331,0.476,0.552,0.426,0.529,0.41,0.335,0.174,0.325,0.0,0.0,0.05,0.304,2.0,37096500.0
536,Omer Yurtseven,10.3,0.741,0.222,0.444,0.074,0.0,0.259,0.65,0.667,0.667,0.5,0.0,0.429,0.692,1.0,0.074,1.0,0.571,0.5,0.0,1752638.0
537,Cody Zeller,4.7,0.966,0.61,0.254,0.068,0.034,0.034,0.649,0.722,0.533,0.75,0.0,0.0,0.838,0.0,0.153,8.0,0.5,0.0,0.0,743922.0
538,Ivica Zubac,3.3,0.996,0.593,0.377,0.021,0.004,0.004,0.637,0.702,0.546,0.455,0.5,0.0,0.733,0.0,0.286,130.0,0.0,0.0,1.0,10123457.0
